date_sk,merchant_sk,currency_code,transaction_count,succeeded_count,failed_count,total_amount,total_amount_usd,net_amount_usd,refund_count,dispute_count,fraud_count
20250914,46,JPY,1,1,0,6861.0,46.07,44.43,0,0,0
20250915,7,EUR,1,1,0,77.06,83.31,80.59,0,0,0
20250915,10,AUD,1,1,0,205.25,135.65,131.42,0,1,0
20250915,15,GBP,1,1,0,53.61,68.13,65.85,0,0,0
20250915,33,USD,1,1,0,144.32,144.32,139.83,0,0,0
20250916,2,NGN,1,1,0,66494.26,43.02,41.47,0,1,0
20250916,7,EUR,1,1,0,144.24,156.25,151.42,0,0,0
20250916,13,GBP,1,1,0,65.29,83.0,80.29,0,0,0
20250916,40,JPY,1,1,0,6213.0,41.86,40.35,0,0,0
20250916,42,GBP,1,1,0,53.01,67.39,65.14,0,0,0
20250916,46,JPY,1,1,0,6861.0,46.23,44.59,0,0,0
20250917,42,GBP,1,1,0,101.8,129.12,125.08,0,0,0
20250918,27,USD,1,1,0,36.02,36.02,34.68,0,0,0
20250918,32,EUR,1,1,0,25.62,27.86,26.75,0,0,0
20250919,1,USD,1,1,0,169.96,169.96,164.73,0,0,0
20250919,5,GBP,3,3,0,222.59,282.77,273.67,0,0,0
20250920,9,EUR,1,1,0,149.64,163.38,158.34,0,1,0
20250920,12,JPY,1,1,0,6987.0,46.92,45.26,0,0,0
20250920,19,NGN,1,1,0,26833.22,17.37,16.57,0,0,0
20250920,36,EUR,1,1,0,5.54,6.05,5.57,0,0,0
20250920,52,CAD,1,1,0,110.37,82.44,79.75,0,0,0
20250921,5,GBP,1,1,0,42.52,54.41,52.53,0,0,0
20250921,23,EUR,1,1,0,36.97,40.46,38.99,0,0,0
20250921,40,JPY,1,1,0,7873.0,52.89,51.06,0,0,0
20250923,8,EUR,1,0,1,0.0,0.0,0.0,0,0,0
20250924,12,JPY,1,1,0,6987.0,46.89,45.23,0,0,0
20250925,10,AUD,1,1,0,123.44,82.13,79.45,0,1,0
20250926,35,NGN,1,1,0,35742.9,23.17,22.2,0,0,0
20250926,44,EUR,1,1,0,26.7,29.17,28.02,0,0,0
20250927,13,GBP,1,1,0,88.22,114.18,110.57,0,0,0
20250927,51,NGN,1,1,0,55897.12,36.12,34.77,0,0,0
20250928,2,NGN,1,1,0,75188.32,48.8,47.08,0,0,0
20250928,12,JPY,1,0,1,0.0,0.0,0.0,0,0,0
20250928,25,NGN,1,1,0,50799.43,32.97,31.71,0,0,0
20250928,45,USD,1,1,0,151.64,151.64,146.94,0,0,0
20250928,50,AUD,1,1,0,155.77,103.15,99.86,0,0,0
20250929,6,GBP,1,1,0,31.96,41.18,39.69,0,0,0
20250930,1,USD,1,1,0,136.28,136.28,132.03,0,0,0
20250930,47,BRL,1,1,0,179.52,32.68,31.43,0,0,0
20251002,16,EUR,1,1,0,26.85,28.82,27.68,0,0,1
20251002,21,SGD,1,1,0,22.43,16.96,16.17,0,0,0
20251002,39,GBP,1,1,0,77.21,98.48,95.32,0,0,0
20251002,52,CAD,1,1,0,132.14,96.81,93.7,0,0,0
20251003,19,NGN,1,1,0,73433.4,48.2,46.5,0,0,0
20251003,48,JPY,1,1,0,4474.0,29.89,28.72,0,0,0
20251004,29,BRL,1,1,0,149.52,27.46,26.36,0,0,0
20251004,49,EUR,1,1,0,20.64,22.16,21.22,0,0,0
20251005,20,NGN,1,1,0,36058.34,23.75,22.76,0,1,0
20251006,10,AUD,1,1,0,84.23,56.18,54.25,0,0,0
20251006,36,EUR,1,1,0,5.54,5.94,5.47,0,0,0
20251006,40,JPY,1,1,0,10310.0,68.88,66.58,0,0,0
20251006,43,SGD,1,1,0,108.14,81.6,78.93,0,0,0
20251007,8,EUR,1,1,0,15.7,16.78,15.99,0,0,0
20251007,20,NGN,1,1,0,73627.95,48.57,46.86,0,0,0
20251007,49,EUR,1,1,0,62.5,66.78,64.54,0,0,0
20251008,20,NGN,1,1,0,49495.73,32.52,31.28,0,0,0
20251009,16,EUR,1,1,0,26.85,28.65,27.52,0,0,0
20251009,24,EUR,5,5,0,700.76,747.76,724.57,0,1,0
20251009,32,EUR,1,1,0,30.3,32.33,31.09,0,0,0
20251009,41,EUR,1,1,0,110.93,118.37,114.64,0,0,0
20251010,7,EUR,1,0,1,0.0,0.0,0.0,0,0,0
20251010,15,GBP,1,1,0,116.9,149.55,144.91,0,0,0
20251011,41,EUR,1,1,0,76.22,81.14,78.49,0,0,0
20251011,49,EUR,1,1,0,98.67,105.04,101.69,0,0,0
20251012,8,EUR,1,1,0,67.88,72.13,69.74,0,0,0
20251012,39,GBP,2,2,0,115.37,148.93,144.01,0,0,0
20251012,50,AUD,1,1,0,262.85,174.62,169.26,0,0,0
20251013,42,GBP,4,4,0,260.55,335.87,324.92,0,0,0
20251014,7,EUR,1,1,0,199.09,211.0,204.58,0,1,0
20251014,18,CAD,1,1,0,126.35,93.41,90.4,0,0,0
20251014,45,USD,1,1,0,35.16,35.16,33.84,0,0,0
20251015,51,NGN,1,1,0,60586.26,39.78,38.33,0,1,0
20251016,41,EUR,1,1,0,76.22,81.23,78.57,0,0,0
20251017,13,GBP,2,2,0,180.89,233.72,226.34,0,0,0
20251017,33,USD,1,1,0,22.83,22.83,21.87,0,0,0
20251018,13,GBP,1,1,0,65.29,83.95,81.22,0,0,0
20251018,20,NGN,1,1,0,49495.73,32.3,31.06,0,0,0
20251018,42,GBP,1,1,0,101.8,130.9,126.8,0,0,0
20251019,13,GBP,1,1,0,88.22,113.23,109.65,0,0,0
20251019,28,USD,1,1,0,54.13,54.13,52.26,0,0,0
20251019,46,JPY,1,1,0,14162.0,95.26,92.2,0,0,0
20251020,16,EUR,1,1,0,82.08,87.14,84.31,0,0,0
20251020,25,NGN,1,0,1,0.0,0.0,0.0,0,0,0
20251021,10,AUD,1,1,0,262.32,174.42,169.06,0,0,0
20251021,34,EUR,1,1,0,65.83,69.48,67.17,0,0,0
20251022,29,BRL,1,1,0,261.51,49.16,47.43,0,0,0
20251023,18,CAD,1,1,0,239.24,178.67,173.19,0,0,0
20251023,29,BRL,1,1,0,575.22,107.74,104.32,0,0,0
20251024,5,GBP,1,1,0,57.51,73.63,71.19,0,1,0
20251024,7,EUR,1,1,0,100.78,106.24,102.86,0,1,0
20251024,41,EUR,1,1,0,38.57,40.66,39.18,0,0,0
20251024,43,SGD,1,1,0,197.29,152.13,147.42,0,0,0
20251025,3,AUD,1,1,0,24.47,16.2,15.43,0,0,0
20251025,4,GBP,1,1,0,13.52,17.3,16.5,0,0,0
20251025,28,USD,1,1,0,75.35,75.35,72.86,0,0,0
20251025,29,BRL,1,1,0,149.52,28.11,26.99,0,0,0
20251026,20,NGN,1,1,0,50940.45,32.96,31.7,0,0,0
20251027,9,EUR,1,1,0,191.7,201.94,195.78,0,0,0
20251027,21,SGD,1,1,0,89.2,69.03,66.73,0,0,0
20251027,30,SGD,1,1,0,161.59,125.05,121.12,0,0,0
20251028,18,CAD,1,1,0,174.68,130.43,126.35,0,0,0
20251028,38,USD,1,1,0,116.54,116.54,112.86,0,0,0
20251028,50,AUD,1,1,0,262.85,174.23,168.88,0,0,0
20251029,53,NGN,1,1,0,48776.1,31.28,30.07,0,0,0
20251031,1,USD,1,0,1,0.0,0.0,0.0,0,0,0
20251031,18,CAD,1,0,1,0.0,0.0,0.0,0,0,0
20251031,38,USD,1,1,0,63.73,63.73,61.58,0,0,0
20251101,10,AUD,1,1,0,205.25,137.11,132.83,0,0,0
20251101,37,EUR,1,1,0,104.09,109.23,105.76,0,0,0
20251101,38,USD,1,1,0,116.54,116.54,112.86,0,0,0
20251101,46,JPY,1,1,0,11845.0,79.68,77.07,0,0,0
20251102,40,JPY,1,1,0,7873.0,52.84,51.01,0,0,0
20251103,3,AUD,1,1,0,97.72,65.12,62.93,0,0,0
20251103,40,JPY,1,1,0,4927.0,33.16,31.9,0,0,0
20251103,47,BRL,5,4,1,2555.25,480.38,465.25,0,1,0
20251104,32,EUR,1,1,0,30.3,31.62,30.4,0,0,0
20251105,3,AUD,1,1,0,201.32,133.56,129.39,0,0,0
20251105,10,AUD,1,1,0,123.44,81.89,79.22,0,0,0
20251105,19,NGN,1,1,0,25957.89,16.75,15.96,0,0,0
20251105,44,EUR,1,1,0,54.12,56.37,54.44,0,0,0
20251105,47,BRL,1,1,0,179.52,33.56,32.29,0,0,0
20251105,51,NGN,1,1,0,60586.26,39.1,37.67,0,0,0
20251106,19,NGN,1,0,1,0.0,0.0,0.0,0,0,0
20251106,20,NGN,1,0,1,0.0,0.0,0.0,0,0,0
20251107,16,EUR,1,1,0,82.08,85.91,83.12,0,1,1
20251107,24,EUR,1,1,0,110.59,115.75,112.09,0,0,0
20251108,6,GBP,1,1,0,87.15,113.64,110.04,0,0,0
20251108,39,GBP,1,1,0,91.76,119.65,115.88,0,0,0
20251108,48,JPY,1,1,0,11008.0,74.1,71.65,0,1,0
20251110,10,AUD,1,1,0,205.25,136.5,132.24,0,1,0
20251110,19,NGN,1,1,0,25957.89,16.85,16.06,0,0,0
20251110,41,EUR,1,1,0,76.22,79.73,77.12,0,0,0
20251110,43,SGD,1,1,0,151.17,117.76,114.04,0,0,0
20251110,53,NGN,1,1,0,34165.22,22.17,21.23,0,0,0
20251111,5,GBP,1,1,0,57.51,75.3,72.82,0,0,0
20251111,38,USD,1,1,0,116.54,116.54,54.59,1,0,0
20251111,44,EUR,1,1,0,103.08,107.93,104.5,0,0,0
20251112,18,CAD,1,1,0,98.4,73.91,71.47,0,0,0
20251112,51,NGN,1,1,0,60586.26,39.5,38.05,0,0,0
20251112,52,CAD,1,1,0,47.77,35.88,34.54,0,0,0
20251113,6,GBP,1,1,0,67.86,88.96,86.08,0,0,0
20251113,7,EUR,2,2,0,130.74,137.1,132.53,0,0,0
20251113,9,EUR,1,1,0,39.42,41.34,39.84,0,0,0
20251113,20,NGN,1,1,0,73627.95,48.01,46.32,0,0,0
20251113,23,EUR,1,0,1,0.0,0.0,0.0,0,0,0
20251113,30,SGD,1,1,0,110.71,85.84,83.05,0,0,0
20251113,39,GBP,1,1,0,91.76,120.29,116.5,0,0,0
20251113,47,BRL,1,1,0,489.54,91.82,88.86,0,0,0
20251114,12,JPY,1,1,0,6987.0,46.98,45.32,0,0,0
20251115,41,EUR,1,1,0,76.22,79.61,77.0,0,0,0
20251116,6,GBP,1,1,0,31.96,41.89,40.38,0,0,0
20251116,10,AUD,1,1,0,205.25,135.34,131.12,0,0,0
20251117,1,USD,1,1,0,169.96,169.96,164.73,0,0,0
20251117,20,NGN,1,1,0,49495.73,32.51,31.27,0,0,0
20251117,25,NGN,1,1,0,50799.43,33.36,32.09,0,0,0
20251117,45,USD,1,1,0,81.29,81.29,78.63,0,0,0
20251117,49,EUR,1,1,0,98.67,102.95,99.66,0,0,0
20251118,24,EUR,1,1,0,75.98,79.59,76.98,0,0,0
20251118,30,SGD,1,1,0,200.37,156.71,151.87,0,0,0
20251119,35,NGN,1,1,0,70962.77,46.64,44.99,0,0,0
20251120,9,EUR,1,1,0,104.83,110.12,106.63,0,1,1
20251120,18,CAD,1,1,0,126.35,94.8,91.75,0,0,0
20251122,10,AUD,1,1,0,262.32,174.47,169.11,0,0,0
20251122,29,BRL,1,1,0,149.52,28.2,27.08,0,0,0
20251122,30,SGD,1,1,0,200.37,156.03,151.21,0,0,0
20251122,39,GBP,1,1,0,91.76,119.84,116.06,0,0,0
20251124,29,BRL,1,1,0,149.52,28.32,27.2,0,0,0
20251125,8,EUR,1,1,0,114.13,120.46,116.67,0,0,0
20251125,15,GBP,1,0,1,0.0,0.0,0.0,0,0,0
20251125,16,EUR,2,1,1,82.08,86.63,83.82,0,0,0
20251125,29,BRL,1,1,0,575.22,109.19,105.72,0,0,0
20251125,45,USD,1,1,0,284.76,284.76,276.2,0,1,0
20251125,48,JPY,1,1,0,11008.0,74.5,72.04,0,0,0
20251126,30,SGD,1,1,0,29.43,22.77,21.81,0,0,0
20251127,4,GBP,1,1,0,13.52,17.6,16.79,0,0,0
20251127,46,JPY,1,1,0,17741.0,120.16,116.38,0,0,0
20251127,51,NGN,1,1,0,83306.58,55.37,53.46,0,0,0
20251128,13,GBP,1,1,0,88.22,114.82,111.19,0,0,0
20251129,40,JPY,1,1,0,4598.0,31.04,29.84,0,0,0
20251129,42,GBP,1,1,0,110.02,142.3,137.87,0,0,0
20251130,38,USD,1,1,0,63.73,63.73,61.58,0,0,0
20251130,42,GBP,1,0,1,0.0,0.0,0.0,0,0,0
20251201,36,EUR,1,1,0,27.46,28.95,27.81,0,0,0
20251202,4,GBP,1,0,1,0.0,0.0,0.0,0,0,0
20251202,15,GBP,1,1,0,47.66,61.51,59.43,0,0,0
20251202,44,EUR,1,0,1,0.0,0.0,0.0,0,0,0
20251202,49,EUR,1,1,0,334.17,350.22,339.76,0,0,1
20251202,51,NGN,1,1,0,60586.26,40.5,39.03,0,0,0
20251202,53,NGN,1,1,0,85906.39,57.42,55.45,0,0,1
20251203,18,CAD,1,0,1,0.0,0.0,0.0,0,0,1
20251203,21,SGD,1,1,0,177.61,136.73,132.46,0,0,0
20251203,29,BRL,1,1,0,149.52,28.09,5.92,1,0,0
20251204,2,NGN,1,1,0,34750.36,23.12,4.81,1,0,0
20251204,20,NGN,1,1,0,49495.73,32.94,31.68,0,0,0
20251204,32,EUR,1,1,0,30.3,31.77,6.72,1,0,0
20251205,30,SGD,1,1,0,68.38,52.56,11.32,1,0,0
20251206,20,NGN,1,1,0,73627.95,48.72,47.01,0,0,0
20251206,23,EUR,1,1,0,149.45,157.14,152.28,0,0,0
20251206,48,JPY,1,1,0,11008.0,74.96,72.49,0,0,0
20251207,1,USD,1,1,0,136.28,136.28,132.03,0,0,0
20251207,6,GBP,1,1,0,90.33,115.81,112.15,0,0,0
20251207,21,SGD,1,1,0,264.44,203.91,197.7,0,1,0
20251207,34,EUR,1,1,0,136.01,142.66,138.22,0,0,0
20251208,6,GBP,1,1,0,40.64,52.25,50.43,0,0,0
20251209,25,NGN,1,0,1,0.0,0.0,0.0,0,0,0
20251210,18,CAD,1,0,1,0.0,0.0,0.0,0,0,0
20251210,41,EUR,1,1,0,76.22,80.13,77.51,0,0,0
20251210,42,GBP,1,1,0,83.41,107.09,103.68,0,0,0
20251210,47,BRL,1,1,0,359.91,67.56,65.3,0,0,0
20251211,53,NGN,1,1,0,37969.35,24.99,23.97,0,0,0
20251212,47,BRL,1,1,0,840.74,157.24,152.38,0,0,0
20251213,35,NGN,1,1,0,35742.9,23.67,22.68,0,0,0
20251214,41,EUR,1,1,0,76.22,80.38,77.75,0,0,0
20251215,8,EUR,1,1,0,15.7,16.52,15.74,0,0,0
20251215,16,EUR,1,1,0,3.73,3.93,3.52,0,0,0
20251215,41,EUR,1,1,0,76.22,80.21,77.58,0,0,0
20251215,47,BRL,1,1,0,908.11,169.68,164.46,0,0,0
20251216,3,AUD,1,1,0,243.09,159.18,154.26,0,0,0
20251216,24,EUR,1,1,0,75.98,79.88,77.26,0,0,0
20251217,3,AUD,1,1,0,201.32,132.52,128.38,0,1,0
20251217,20,NGN,1,1,0,49495.73,32.79,31.54,0,1,0
20251217,30,SGD,1,1,0,200.37,154.95,150.16,0,0,0
20251218,1,USD,1,1,0,169.96,169.96,164.73,0,0,0
20251218,6,GBP,1,1,0,124.66,158.98,154.07,0,0,0
20251218,24,EUR,1,1,0,75.98,79.43,76.83,0,0,0
20251218,40,JPY,1,1,0,10310.0,69.09,66.79,0,0,0
20251218,45,USD,1,1,0,104.45,104.45,101.12,0,0,0
20251220,19,NGN,1,1,0,57228.29,38.1,36.7,0,0,0
20251221,5,GBP,1,1,0,67.09,85.41,82.63,0,0,0
20251221,29,BRL,1,1,0,149.52,27.7,26.6,0,0,0
20251221,37,EUR,1,1,0,86.46,90.54,87.61,0,0,0
20251222,10,AUD,1,1,0,123.44,81.24,78.58,0,0,0
20251223,4,GBP,1,1,0,13.52,17.23,16.43,0,0,0
20251223,11,JPY,1,0,1,0.0,0.0,0.0,0,0,0
20251223,12,JPY,1,1,0,6987.0,46.68,45.03,0,1,0
20251223,28,USD,1,1,0,75.35,75.35,72.86,0,0,0
20251223,39,GBP,1,1,0,38.16,48.64,46.93,0,0,0
20251223,44,EUR,1,1,0,229.5,239.15,-7.24,1,0,0
20251224,9,EUR,1,1,0,54.68,56.91,54.96,0,0,0
20251224,24,EUR,1,0,1,0.0,0.0,0.0,0,0,0
20251224,29,BRL,1,1,0,149.52,27.88,26.77,0,0,0
20251224,41,EUR,1,1,0,53.47,55.65,53.74,0,0,0
20251224,49,EUR,1,1,0,98.67,102.69,99.41,0,0,0
20251225,29,BRL,1,1,0,333.09,62.14,60.04,0,0,0
20251225,39,GBP,1,1,0,91.76,117.03,113.34,0,1,0
20251226,16,EUR,1,1,0,3.73,3.87,3.46,0,0,0
20251226,43,SGD,1,1,0,108.14,83.24,80.53,0,0,0
20251228,17,CAD,1,1,0,239.24,181.2,175.65,0,0,0
20251228,21,SGD,1,1,0,177.61,135.85,-4.24,1,0,0
20251228,24,EUR,1,1,0,75.98,78.86,76.27,0,0,0
20251229,8,EUR,1,1,0,173.24,180.82,175.28,0,0,0
20251229,22,NGN,1,1,0,23398.96,15.43,14.68,0,0,0
20251229,24,EUR,1,1,0,116.27,121.36,117.54,0,0,0
20251229,32,EUR,2,2,0,162.46,169.58,164.06,0,0,0
20251229,34,EUR,1,1,0,136.01,141.96,137.54,0,0,0
20251229,43,SGD,1,1,0,3.25,2.49,2.12,0,0,0
20251230,6,GBP,1,1,0,87.15,110.05,106.56,0,0,0
20251230,11,JPY,1,1,0,5584.0,37.51,36.12,0,0,0
20251230,38,USD,1,1,0,63.73,63.73,61.58,0,0,0
20251231,16,EUR,1,1,0,82.08,85.78,82.99,0,0,0
20251231,51,NGN,1,1,0,22194.35,14.63,13.91,0,0,0
20260101,45,USD,1,1,0,81.29,81.29,78.63,0,0,0
20260102,7,EUR,1,1,0,88.62,92.07,89.1,0,0,0
20260102,29,BRL,1,1,0,149.52,27.69,26.59,0,0,0
20260102,45,USD,1,1,0,61.3,61.3,59.22,0,0,0
20260103,32,EUR,1,1,0,30.3,31.48,30.27,0,1,0
20260103,38,USD,1,1,0,116.54,116.54,112.86,0,0,0
20260105,20,NGN,1,1,0,73627.95,48.15,46.45,0,0,0
20260105,38,USD,1,1,0,23.2,23.2,22.23,0,0,0
20260106,1,USD,1,1,0,136.28,136.28,132.03,0,0,0
20260106,12,JPY,1,1,0,17388.0,117.37,113.67,0,0,0
20260106,22,NGN,1,1,0,58991.75,38.62,37.2,0,0,0
20260107,3,AUD,1,1,0,97.72,66.13,63.91,0,0,1
20260107,39,GBP,1,1,0,91.76,117.75,55.16,1,0,0
20260108,17,CAD,1,1,0,205.14,156.97,152.12,0,0,0
20260108,31,EUR,1,1,0,64.98,68.03,65.76,0,0,0
20260108,49,EUR,1,1,0,94.99,99.45,96.27,0,0,0
20260109,5,GBP,1,1,0,112.37,143.59,139.13,0,0,0
20260109,34,EUR,1,1,0,108.45,113.14,109.56,0,0,0
20260109,41,EUR,1,1,0,76.22,79.52,76.91,0,0,0
20260109,42,GBP,1,1,0,83.41,106.59,103.2,0,0,0
20260110,30,SGD,1,1,0,104.87,79.55,76.94,0,0,0
20260110,35,NGN,1,1,0,90950.61,59.35,57.33,0,1,0
20260110,41,EUR,1,1,0,67.27,70.42,68.08,0,0,0
20260110,47,BRL,1,1,0,597.84,110.8,107.29,0,0,0
20260110,51,NGN,1,1,0,60586.26,39.54,38.09,0,0,0
20260111,19,NGN,1,1,0,49048.78,31.98,30.75,0,0,0
20260112,28,USD,1,1,0,62.16,62.16,-2.1,1,0,0
20260112,45,USD,1,1,0,88.9,88.9,86.02,0,0,0
20260113,9,EUR,1,0,1,0.0,0.0,0.0,0,0,1
20260114,8,EUR,1,1,0,136.25,143.5,139.04,0,0,0
20260114,12,JPY,1,1,0,6987.0,47.11,45.44,0,0,0
20260114,41,EUR,1,1,0,76.22,80.28,77.65,0,0,0
20260114,43,SGD,2,2,0,111.39,84.84,81.78,0,0,0
20260115,2,NGN,1,1,0,66494.26,43.49,41.93,0,0,0
20260115,32,EUR,1,1,0,30.3,31.78,30.56,0,0,1
20260115,47,BRL,1,1,0,360.97,67.04,64.8,0,0,0
20260117,24,EUR,1,1,0,75.98,80.35,77.72,0,0,0
20260118,21,SGD,1,1,0,177.61,134.39,130.19,0,0,0
20260119,29,BRL,1,1,0,149.52,27.83,26.72,0,0,0
20260119,33,USD,1,1,0,123.93,123.93,120.04,0,0,0
20260121,48,JPY,1,1,0,7919.0,53.78,51.92,0,0,0
20260121,50,AUD,1,1,0,39.07,26.79,25.71,0,0,0
20260122,3,AUD,1,1,0,343.3,234.61,51.55,1,0,0
20260122,25,NGN,1,1,0,50799.43,33.12,31.86,0,0,0
20260122,27,USD,1,1,0,36.02,36.02,34.68,0,0,0
20260123,14,GBP,1,1,0,102.19,130.65,126.56,0,0,0
20260123,29,BRL,1,1,0,149.52,28.09,26.98,0,0,0
20260124,12,JPY,1,1,0,6609.0,44.98,43.38,0,0,0
20260124,32,EUR,1,1,0,56.03,58.46,56.46,0,0,0
20260124,33,USD,1,1,0,156.33,156.33,151.5,0,0,0
20260125,1,USD,1,1,0,141.81,141.81,137.4,0,0,0
20260125,5,GBP,1,1,0,57.51,73.03,70.61,0,0,0
20260125,17,CAD,1,1,0,189.05,144.84,140.34,0,0,0
20260125,44,EUR,1,1,0,135.88,141.97,137.55,0,0,0
20260127,2,NGN,1,1,0,24992.08,16.36,15.59,0,0,0
20260128,28,USD,1,0,1,0.0,0.0,0.0,0,0,0
20260128,32,EUR,1,1,0,30.3,31.64,30.42,0,0,0
20260128,37,EUR,1,1,0,125.28,130.83,126.74,0,0,0
20260129,23,EUR,1,1,0,36.97,38.57,37.15,0,0,0
20260129,25,NGN,1,1,0,50799.43,33.46,32.19,0,0,0
20260129,27,USD,4,4,0,612.23,612.23,495.24,1,0,0
20260129,36,EUR,1,1,0,68.49,71.45,69.08,0,0,0
20260129,38,USD,1,1,0,63.73,63.73,61.58,0,0,0
20260131,5,GBP,1,1,0,99.02,126.06,122.1,0,0,0
20260131,42,GBP,1,1,0,54.75,69.7,67.38,0,0,0
20260201,29,BRL,1,1,0,149.52,28.35,27.23,0,0,0
20260201,46,JPY,1,1,0,6861.0,47.04,10.1,1,0,0
20260201,51,NGN,1,1,0,60586.26,40.32,38.85,0,0,0
20260201,52,CAD,2,2,0,264.28,203.04,196.56,0,0,0
20260201,53,NGN,1,1,0,62441.0,41.56,40.05,0,0,0
20260202,29,BRL,1,1,0,149.52,28.48,27.35,0,0,0
20260202,32,EUR,1,1,0,30.3,31.72,30.5,0,0,0
20260203,42,GBP,1,1,0,83.41,105.74,102.37,0,0,0
20260204,1,USD,1,1,0,169.96,169.96,164.73,0,0,0
20260204,16,EUR,1,1,0,26.85,27.99,26.88,0,0,0
20260204,20,NGN,1,1,0,73627.95,49.34,47.61,0,0,0
20260204,40,JPY,1,1,0,10310.0,70.25,67.91,0,0,0
20260205,1,USD,1,1,0,136.28,136.28,132.03,0,0,0
20260205,44,EUR,1,1,0,26.7,27.85,26.74,0,0,0
20260206,10,AUD,1,1,0,184.05,126.31,59.19,1,1,0
20260206,20,NGN,1,1,0,73627.95,49.37,47.64,0,0,0
20260206,21,SGD,1,1,0,177.61,133.23,129.07,0,0,0
20260206,28,USD,1,1,0,50.95,50.95,49.17,0,0,0
20260206,45,USD,1,1,0,81.29,81.29,78.63,0,0,0
20260206,49,EUR,1,1,0,20.64,21.58,20.65,0,0,0
20260207,43,SGD,1,1,0,205.34,153.9,149.14,0,0,0
20260207,49,EUR,1,1,0,201.23,209.62,203.24,0,0,0
20260208,8,EUR,1,1,0,136.25,141.37,136.97,0,0,0
20260208,41,EUR,1,1,0,76.22,79.08,76.49,0,0,0
20260208,42,GBP,1,1,0,83.41,105.18,101.83,0,1,0
20260209,40,JPY,1,1,0,10310.0,70.43,68.09,0,0,0
20260210,16,EUR,1,1,0,3.73,3.88,3.47,0,0,0
20260210,20,NGN,1,1,0,50940.45,34.35,33.05,0,0,0
20260210,23,EUR,1,1,0,36.97,38.45,37.03,0,0,0
20260210,50,AUD,1,1,0,155.77,106.55,-3.39,1,0,0
20260211,38,USD,1,1,0,116.54,116.54,112.86,0,0,0
20260211,47,BRL,1,1,0,761.37,143.07,138.62,0,0,0
20260212,11,JPY,1,1,0,5584.0,37.93,36.53,0,0,0
20260212,32,EUR,1,1,0,41.45,43.19,41.64,0,0,0
20260213,32,EUR,1,1,0,30.3,31.51,30.3,0,0,0
20260213,41,EUR,1,1,0,76.22,79.26,76.66,0,0,0
20260213,51,NGN,1,1,0,28178.04,18.97,18.12,0,0,0
20260213,52,CAD,1,1,0,217.91,170.01,164.78,0,0,0
20260214,22,NGN,1,1,0,47100.88,31.51,30.3,0,0,0
20260214,25,NGN,1,1,0,96964.16,64.88,62.7,0,0,0
20260215,1,USD,1,1,0,141.81,141.81,66.49,1,0,0
20260215,24,EUR,1,1,0,110.59,115.18,111.54,0,0,0
20260215,28,USD,1,1,0,4.38,4.38,3.95,0,0,0
20260215,53,NGN,1,1,0,63724.99,42.72,41.18,0,0,0
20260216,20,NGN,1,1,0,49495.73,33.27,32.01,0,0,0
20260216,24,EUR,1,1,0,75.98,78.96,76.37,0,0,0
20260216,27,USD,1,1,0,110.87,110.87,107.35,0,0,0
20260217,2,NGN,1,1,0,24992.08,16.77,15.98,0,0,0
20260217,4,GBP,1,1,0,66.39,83.41,80.69,0,0,0
20260217,23,EUR,1,0,1,0.0,0.0,0.0,0,0,0
20260218,29,BRL,1,1,0,149.52,27.93,26.82,0,0,0
20260218,52,CAD,1,1,0,217.91,171.94,166.65,0,0,0
20260219,29,BRL,1,1,0,133.45,25.05,24.02,0,0,0
20260219,45,USD,1,1,0,61.3,61.3,59.22,0,1,0
20260220,1,USD,1,1,0,169.96,169.96,164.73,0,0,0
20260220,5,GBP,1,1,0,119.18,148.83,144.21,0,0,0
20260220,23,EUR,1,1,0,149.45,156.15,151.32,0,1,0
20260221,6,GBP,1,1,0,67.86,84.33,81.58,0,0,0
20260221,16,EUR,1,1,0,82.08,85.51,82.73,0,0,0
20260221,27,USD,1,1,0,87.63,87.63,84.79,0,0,0
20260221,35,NGN,1,1,0,35742.9,24.02,23.02,0,0,0
20260222,29,BRL,1,1,0,149.52,28.04,26.93,0,0,0
20260222,51,NGN,1,1,0,16440.06,11.1,10.48,0,0,0
20260222,52,CAD,1,1,0,217.91,173.78,168.44,0,0,0
20260224,13,GBP,1,1,0,88.22,109.44,105.97,0,0,0
20260224,24,EUR,1,1,0,54.87,57.36,55.4,0,0,0
20260224,47,BRL,1,1,0,495.99,93.19,90.19,0,1,0
20260225,2,NGN,1,1,0,34750.36,23.66,22.67,0,0,0
20260225,25,NGN,1,1,0,23581.83,16.06,15.29,0,0,0
20260225,49,EUR,1,1,0,145.25,152.27,147.55,0,0,0
20260225,52,CAD,1,1,0,217.91,174.76,169.39,0,0,0
20260226,38,USD,1,1,0,23.2,23.2,22.23,0,0,0
20260227,5,GBP,1,1,0,76.36,94.41,91.37,0,0,0
20260227,21,SGD,1,1,0,22.43,17.15,16.35,0,0,0
20260227,24,EUR,1,1,0,75.98,79.95,77.33,0,0,0
20260227,28,USD,1,1,0,4.38,4.38,3.95,0,0,0
20260227,32,EUR,1,1,0,30.3,31.88,30.66,0,0,0
20260228,38,USD,1,1,0,63.73,63.73,61.58,0,0,0
20260301,33,USD,1,1,0,92.8,92.8,89.81,0,0,0
20260302,11,JPY,1,1,0,6329.0,43.74,42.17,0,0,0
20260302,28,USD,1,1,0,54.13,54.13,52.26,0,0,0
20260302,36,EUR,1,1,0,5.54,5.84,5.37,0,0,0
20260303,29,BRL,1,1,0,149.52,27.81,26.7,0,0,0
20260303,52,CAD,1,1,0,156.38,125.61,121.67,0,0,0
20260304,16,EUR,1,1,0,26.85,28.18,27.06,0,0,0
20260304,20,NGN,1,1,0,99983.73,68.64,66.35,0,0,0
20260304,32,EUR,1,1,0,30.3,31.8,30.58,0,0,0
20260305,2,NGN,1,1,0,66494.26,45.92,44.29,0,0,0
20260305,3,AUD,1,1,0,45.31,30.49,29.31,0,0,0
20260305,42,GBP,1,1,0,83.41,102.5,99.23,0,0,0
20260306,16,EUR,1,1,0,26.85,28.21,27.09,0,0,0
20260306,20,NGN,1,1,0,73627.95,50.77,49.0,0,0,0
20260306,21,SGD,1,1,0,177.61,135.07,130.85,0,0,0
20260306,30,SGD,1,1,0,161.59,122.89,119.03,0,0,0
20260306,33,USD,1,1,0,39.53,39.53,38.08,0,0,0
20260306,39,GBP,1,0,1,0.0,0.0,0.0,0,0,0
20260307,1,USD,1,1,0,136.28,136.28,-4.25,1,0,0
20260309,13,GBP,1,1,0,65.29,80.15,77.53,0,0,0
20260309,27,USD,1,1,0,87.63,87.63,84.79,0,0,0
20260309,32,EUR,1,1,0,30.3,31.94,30.71,0,0,0
20260310,7,EUR,1,1,0,42.12,44.59,43.0,0,0,0
20260310,42,GBP,1,1,0,83.41,102.83,99.55,0,0,0
20260311,31,EUR,1,1,0,141.35,149.51,144.87,0,0,0
20260312,20,NGN,1,1,0,50940.45,35.47,34.14,0,0,0
20260312,38,USD,1,1,0,116.54,116.54,112.86,0,0,0
20260312,47,BRL,1,1,0,425.21,80.42,77.79,0,0,0
20260313,24,EUR,1,1,0,75.98,81.18,78.53,0,0,0
20260314,24,EUR,1,1,0,110.59,117.85,114.13,0,0,0
20260315,21,SGD,1,1,0,169.0,129.28,-4.05,1,0,0
20260315,32,EUR,1,1,0,30.3,32.19,30.96,0,0,0
20260315,41,EUR,1,1,0,76.22,80.96,78.31,0,0,0
20260315,52,CAD,1,1,0,132.14,107.85,104.42,0,0,0
20260316,5,GBP,1,1,0,57.51,70.24,67.9,0,0,0
20260316,10,AUD,1,1,0,262.32,177.53,172.08,0,0,0
20260316,21,SGD,1,1,0,148.77,114.15,110.54,0,0,0
20260317,9,EUR,1,1,0,44.67,47.49,45.81,0,0,0
20260318,5,GBP,1,1,0,61.52,75.12,72.64,0,0,0
20260318,24,EUR,1,1,0,75.98,80.94,78.29,0,0,0
20260318,37,EUR,1,1,0,73.22,78.0,75.44,0,0,0
20260319,9,EUR,1,1,0,44.67,47.66,45.98,0,0,0
20260319,29,BRL,1,1,0,874.73,165.81,160.7,0,0,0
20260319,32,EUR,1,1,0,30.3,32.33,31.09,0,0,0
20260320,2,NGN,1,1,0,24992.08,17.25,16.45,0,1,0
20260320,29,BRL,1,0,1,0.0,0.0,0.0,0,0,0
20260320,30,SGD,1,1,0,29.43,22.9,21.94,0,0,0
20260320,41,EUR,1,1,0,80.21,85.55,82.77,0,0,0
20260322,13,GBP,1,1,0,24.6,30.16,28.99,0,0,0
20260322,21,SGD,1,1,0,22.43,17.44,16.63,0,0,0
20260323,12,JPY,1,1,0,4481.0,30.13,28.96,0,0,0
20260323,36,EUR,1,1,0,5.54,5.86,5.39,0,0,0
20260324,27,USD,1,0,1,0.0,0.0,0.0,0,0,0
20260324,29,BRL,1,1,0,149.52,27.84,26.73,0,0,0
20260324,42,GBP,1,1,0,83.41,101.98,98.72,0,0,0
20260324,51,NGN,1,1,0,16440.06,11.44,10.81,0,0,0
20260324,53,NGN,1,1,0,57443.4,39.97,38.51,0,0,0
20260326,3,AUD,1,1,0,201.32,135.6,131.37,0,0,0
20260326,10,AUD,1,1,0,123.44,83.14,80.43,0,0,0
20260326,13,GBP,1,1,0,134.9,164.91,159.83,0,0,0
20260327,9,EUR,1,1,0,44.67,47.24,45.57,0,0,0
20260327,11,JPY,1,1,0,5584.0,37.25,35.87,0,0,0
20260328,33,USD,1,1,0,83.47,83.47,80.75,0,0,0
20260329,32,EUR,1,1,0,30.3,32.0,30.77,0,0,0
20260330,10,AUD,1,1,0,240.3,159.48,154.56,0,0,0
20260330,18,CAD,1,1,0,226.5,185.58,179.9,0,0,0
20260330,38,USD,1,1,0,63.73,63.73,61.58,0,0,0
20260331,7,EUR,1,1,0,77.06,81.43,78.77,0,0,0
20260401,6,GBP,1,1,0,31.96,39.51,38.06,0,0,0
20260401,35,NGN,1,1,0,24663.69,17.07,16.27,0,0,0
20260402,5,GBP,1,1,0,112.37,138.05,133.75,0,0,0
20260402,8,EUR,1,1,0,15.7,16.55,15.77,0,0,0
20260402,15,GBP,1,1,0,6.73,8.27,7.73,0,0,0
20260402,29,BRL,1,1,0,149.52,28.23,27.11,0,0,0
20260402,39,GBP,1,1,0,91.76,112.73,109.16,0,0,0
20260402,41,EUR,1,1,0,76.22,80.35,77.72,0,0,0
20260402,47,BRL,1,1,0,495.99,93.63,90.61,0,0,0
20260403,16,EUR,1,1,0,26.85,28.35,27.23,0,0,0
20260403,27,USD,1,1,0,146.46,146.46,141.91,0,0,0
20260403,32,EUR,1,1,0,30.3,32.0,30.77,0,0,0
20260403,51,NGN,1,1,0,16440.06,11.39,10.76,0,0,0
20260404,3,AUD,1,1,0,243.09,159.76,154.83,0,0,0
20260404,9,EUR,1,1,0,104.83,111.06,107.54,0,0,0
20260404,18,CAD,1,0,1,0.0,0.0,0.0,0,0,0
20260404,42,GBP,1,1,0,83.41,101.59,98.34,0,0,0
20260405,16,EUR,1,1,0,26.85,28.54,27.41,0,0,0
20260405,20,NGN,2,2,0,123123.68,85.55,82.47,0,0,0
20260405,31,EUR,1,1,0,176.63,187.72,181.98,0,0,0
20260405,40,JPY,1,0,1,0.0,0.0,0.0,0,0,0
20260406,1,USD,1,1,0,136.28,136.28,132.03,0,0,0
20260406,6,GBP,1,1,0,58.59,71.29,68.92,0,0,0
20260406,22,NGN,1,1,0,23398.96,16.26,15.49,0,0,0
20260406,30,SGD,1,1,0,29.43,22.94,21.97,0,0,0
20260407,9,EUR,1,1,0,149.64,157.93,153.05,0,0,0
20260407,36,EUR,1,1,0,93.09,98.25,95.1,0,0,0
20260407,41,EUR,1,1,0,42.52,44.88,43.28,0,0,0
20260407,51,NGN,1,0,1,0.0,0.0,0.0,0,0,0
20260408,24,EUR,1,1,0,88.06,93.08,90.08,0,0,0
20260408,32,EUR,1,0,1,0.0,0.0,0.0,0,0,0
20260409,35,NGN,1,1,0,34578.87,24.01,23.01,0,0,0
20260409,38,USD,1,1,0,116.54,116.54,112.86,0,0,0
20260409,42,GBP,1,1,0,83.41,102.03,98.77,0,0,0
20260409,47,BRL,1,1,0,179.52,33.82,32.54,0,0,0
20260410,37,EUR,1,1,0,120.64,127.91,123.9,0,0,0
20260410,49,EUR,1,1,0,149.22,158.22,153.33,0,0,0
20260411,2,NGN,1,1,0,24992.08,17.3,16.5,0,0,0
20260411,15,GBP,1,0,1,0.0,0.0,0.0,0,0,0
20260411,20,NGN,1,1,0,50940.45,35.26,33.94,0,0,0
20260414,5,GBP,1,1,0,57.51,69.96,67.63,0,0,0
20260414,23,EUR,1,1,0,187.5,202.71,196.53,0,0,0
20260414,32,EUR,1,1,0,30.3,32.76,31.51,0,0,0
20260414,38,USD,1,1,0,39.4,39.4,37.96,0,0,0
20260414,41,EUR,1,1,0,76.22,82.4,79.71,0,0,0
20260415,20,NGN,1,1,0,121067.84,83.18,80.47,0,0,0
20260416,12,JPY,1,1,0,6609.0,44.53,42.94,0,0,0
20260417,19,NGN,1,1,0,57228.29,39.26,37.82,0,0,0
20260417,20,NGN,1,1,0,49495.73,33.96,32.68,0,0,0
20260417,24,EUR,1,1,0,75.98,82.41,79.72,0,0,0
20260417,27,USD,1,1,0,87.63,87.63,84.79,0,0,0
20260417,42,GBP,1,1,0,53.01,64.69,62.51,0,0,0
20260417,50,AUD,1,1,0,141.29,93.77,90.75,0,0,0
20260418,1,USD,1,0,1,0.0,0.0,0.0,0,0,0
20260418,30,SGD,1,1,0,378.65,298.34,289.39,0,1,0
20260418,43,SGD,1,1,0,205.34,161.79,156.8,0,0,0
20260419,29,BRL,1,1,0,149.52,28.43,27.31,0,0,0
20260420,22,NGN,1,1,0,23398.96,16.12,15.35,0,0,0
20260421,51,NGN,1,1,0,16440.06,11.3,10.67,0,0,0
20260422,12,JPY,1,1,0,6609.0,44.76,43.16,0,0,0
20260423,29,BRL,1,1,0,149.52,28.24,27.12,0,0,0
20260423,42,GBP,1,1,0,83.41,102.4,99.13,0,0,0
20260423,48,JPY,1,1,0,7919.0,53.49,51.64,0,0,0
20260423,51,NGN,1,1,0,16440.06,11.22,-0.63,1,0,0
20260425,12,JPY,1,1,0,6987.0,47.06,45.4,0,0,0
20260425,42,GBP,1,0,1,0.0,0.0,0.0,0,0,0
20260426,2,NGN,1,1,0,34750.36,23.61,22.63,0,0,0
20260426,12,JPY,1,1,0,4481.0,30.06,-1.17,1,0,0
20260426,23,EUR,1,1,0,149.45,160.95,155.98,0,0,0
20260427,1,USD,1,1,0,141.81,141.81,137.4,0,0,0
20260428,32,EUR,1,1,0,30.3,32.74,31.49,0,0,0
20260428,46,JPY,1,1,0,17741.0,118.55,114.81,0,0,0
20260428,53,NGN,1,1,0,71684.84,48.45,46.74,0,0,0
20260429,19,NGN,1,1,0,25957.89,17.55,16.74,0,0,0
20260429,22,NGN,1,1,0,24876.87,16.82,16.03,0,0,0
20260429,38,USD,1,1,0,63.73,63.73,61.58,0,0,0
20260430,36,EUR,1,1,0,5.54,5.95,5.48,0,0,0
20260430,53,NGN,1,1,0,85906.39,58.2,56.21,0,0,0
20260501,2,NGN,1,1,0,80789.74,54.64,52.76,0,0,0
20260501,4,GBP,1,1,0,81.97,100.91,97.68,0,0,0
20260501,13,GBP,1,1,0,65.29,80.38,77.75,0,0,0
20260501,33,USD,1,1,0,209.53,209.53,203.15,0,0,0
20260502,9,EUR,1,1,0,149.64,160.82,155.86,0,0,0
20260502,29,BRL,1,1,0,149.52,27.97,26.86,0,0,0
20260502,38,USD,1,1,0,63.73,63.73,61.58,0,0,0
20260502,41,EUR,1,1,0,76.22,81.91,79.23,0,0,0
20260502,42,GBP,1,1,0,53.01,65.21,63.02,0,0,0
20260503,13,GBP,1,1,0,120.87,148.24,143.64,0,1,0
20260503,16,EUR,1,1,0,26.85,28.87,27.73,0,0,0
20260503,26,NGN,1,1,0,56829.17,38.28,36.87,0,0,0
20260503,32,EUR,1,1,0,30.3,32.58,31.34,0,0,0
20260503,36,EUR,1,1,0,68.49,73.65,71.21,0,0,0
20260503,40,JPY,1,1,0,4927.0,33.13,31.87,0,0,0
20260503,51,NGN,1,1,0,16440.06,11.07,10.45,0,0,0
20260504,42,GBP,1,1,0,83.41,102.16,98.9,0,0,0
20260505,16,EUR,1,1,0,26.85,28.82,27.68,0,0,0
20260505,20,NGN,1,1,0,73627.95,49.47,47.74,0,0,0
20260505,33,USD,1,1,0,22.83,22.83,21.87,0,0,0
20260506,1,USD,1,1,0,136.28,136.28,132.03,0,0,0
20260506,23,EUR,1,1,0,187.5,202.57,196.4,0,0,0
20260506,30,SGD,1,1,0,29.43,23.17,22.2,0,0,0
20260506,39,GBP,1,1,0,38.16,46.9,45.24,0,0,0
20260506,51,NGN,1,1,0,83306.58,56.07,54.14,0,0,0
20260507,11,JPY,1,1,0,14894.0,100.13,96.93,0,0,0
20260507,12,JPY,1,1,0,6987.0,46.97,45.31,0,0,0
20260507,21,SGD,1,1,0,48.85,38.47,37.05,0,0,0
20260507,28,USD,1,1,0,75.35,75.35,72.86,0,0,0
20260507,36,EUR,1,1,0,67.75,73.33,70.9,0,0,0
20260507,44,EUR,1,1,0,26.7,28.9,27.76,0,0,0
20260507,48,JPY,1,1,0,7919.0,53.24,51.4,0,0,0
20260508,16,EUR,1,0,1,0.0,0.0,0.0,0,0,0
20260508,26,NGN,1,0,1,0.0,0.0,0.0,0,0,0
20260508,32,EUR,1,1,0,30.3,32.6,31.35,0,0,0
20260508,49,EUR,1,1,0,98.67,106.15,102.77,0,0,0
20260509,15,GBP,1,1,0,187.06,230.79,223.8,0,0,0
20260509,42,GBP,1,1,0,83.41,102.91,99.63,0,0,0
20260509,47,BRL,1,1,0,495.99,94.03,91.0,0,1,0
20260510,15,GBP,1,1,0,85.13,105.16,101.81,0,0,0
20260510,22,NGN,1,1,0,23398.96,15.67,-0.75,1,0,0
20260510,29,BRL,1,1,0,504.18,95.41,92.34,0,0,0
20260510,39,GBP,1,1,0,58.43,72.18,69.79,0,0,0
20260510,45,USD,1,1,0,74.3,74.3,71.85,0,0,0
20260510,50,AUD,1,1,0,262.85,174.95,169.58,0,0,0
20260511,20,NGN,1,1,0,50940.45,34.39,33.09,0,0,0
20260511,39,GBP,1,1,0,118.31,146.97,142.41,0,0,0
20260511,45,USD,1,1,0,61.3,61.3,59.22,0,0,0
20260511,46,JPY,1,1,0,6861.0,46.09,44.45,0,0,0
20260513,7,EUR,1,1,0,140.87,151.31,146.62,0,0,0
20260513,18,CAD,1,1,0,174.68,144.2,139.72,0,0,0
20260513,33,USD,1,1,0,39.53,39.53,38.08,0,0,0
20260514,32,EUR,1,1,0,30.3,32.59,31.34,0,0,0
20260514,41,EUR,1,1,0,76.22,81.99,79.31,0,0,0
20260514,45,USD,1,1,0,61.3,61.3,59.22,0,0,0
20260514,48,JPY,1,1,0,11008.0,74.46,72.0,0,0,0
20260515,7,EUR,1,1,0,88.62,95.58,92.51,0,0,0
20260515,31,EUR,1,1,0,161.58,174.27,168.92,0,1,0
20260516,6,GBP,1,1,0,87.15,107.73,104.31,0,0,0
20260516,19,NGN,1,1,0,57228.29,38.33,36.92,0,0,0
20260516,52,CAD,1,1,0,217.91,178.38,172.91,0,0,0
20260517,4,GBP,1,1,0,158.74,196.19,190.2,0,0,0
20260517,9,EUR,1,1,0,44.67,47.96,46.27,0,0,0
20260517,24,EUR,1,1,0,75.98,81.57,78.9,0,0,0
20260518,21,SGD,1,0,1,0.0,0.0,0.0,0,0,0
20260518,50,AUD,1,1,0,136.88,91.14,88.2,0,0,0
20260519,4,GBP,1,1,0,27.56,33.97,32.68,0,0,0
20260519,29,BRL,1,1,0,149.52,28.36,27.24,0,0,0
20260519,38,USD,1,1,0,23.2,23.2,22.23,0,1,0
20260521,11,JPY,1,1,0,5584.0,37.83,-1.4,1,0,0
20260521,12,JPY,1,1,0,4481.0,30.36,29.18,0,0,0
20260521,16,EUR,1,1,0,3.73,4.02,3.6,0,0,0
20260521,22,NGN,1,1,0,47100.88,31.43,30.22,0,0,0
20260521,40,JPY,1,1,0,4927.0,33.38,32.11,0,0,0
20260521,45,USD,1,1,0,61.3,61.3,59.22,0,1,0
20260521,51,NGN,1,1,0,16440.06,10.97,10.35,0,0,0
20260522,4,GBP,2,2,0,156.82,194.88,188.63,0,0,0
20260523,2,NGN,1,1,0,66494.26,44.56,42.97,0,0,0
20260523,4,GBP,1,1,0,13.52,16.84,16.05,0,0,0
20260523,26,NGN,1,0,1,0.0,0.0,0.0,0,0,0
20260523,29,BRL,1,1,0,149.52,28.08,26.97,0,0,0
20260523,37,EUR,1,1,0,86.46,93.01,90.01,0,0,0
20260523,51,NGN,1,1,0,16440.06,11.02,10.4,0,0,0
20260524,18,CAD,1,1,0,126.35,102.48,99.21,0,0,0
20260524,24,EUR,1,1,0,88.06,95.34,92.28,0,0,0
20260525,49,EUR,1,0,1,0.0,0.0,0.0,0,0,0
20260526,10,AUD,1,1,0,185.61,122.89,119.03,0,0,0
20260526,21,SGD,1,1,0,148.77,118.75,115.01,0,0,0
20260526,34,EUR,1,1,0,65.83,71.17,68.81,0,0,0
20260526,47,BRL,4,3,1,2346.02,437.42,309.14,1,1,0
20260527,10,AUD,1,1,0,96.96,64.03,61.87,0,0,0
20260527,29,BRL,1,1,0,336.67,62.92,60.8,0,0,0
20260527,49,EUR,1,1,0,97.13,104.85,101.51,0,0,0
20260527,53,NGN,1,1,0,62441.0,42.29,40.76,0,0,0
20260528,32,EUR,1,1,0,30.3,32.83,31.58,0,0,0
20260529,27,USD,1,1,0,87.63,87.63,84.79,0,0,0
20260529,35,NGN,1,1,0,35742.9,24.09,23.09,0,0,0
20260529,38,USD,1,1,0,63.73,63.73,61.58,0,0,0
20260530,7,EUR,1,1,0,88.62,95.95,92.87,0,0,0
20260530,34,EUR,1,1,0,65.83,71.28,68.91,0,0,0
20260530,43,SGD,1,1,0,205.34,164.17,159.11,0,0,0
20260531,29,BRL,1,1,0,149.52,27.66,26.56,0,0,0
20260601,29,BRL,1,1,0,149.52,27.54,26.44,0,0,0
20260601,38,USD,1,1,0,63.73,63.73,61.58,0,0,0
20260601,41,EUR,1,1,0,76.22,82.49,79.8,0,1,0
20260601,42,GBP,1,1,0,83.41,105.03,101.68,0,1,0
20260601,48,JPY,1,1,0,9056.0,60.57,58.51,0,0,0
20260602,16,EUR,1,1,0,26.85,29.05,27.91,0,0,0
20260602,32,EUR,1,1,0,30.3,32.79,31.54,0,0,0
20260602,35,NGN,1,1,0,70962.77,47.71,46.03,0,0,0
20260602,40,JPY,1,1,0,4927.0,32.98,31.72,0,0,0
20260602,47,BRL,1,1,0,157.3,28.99,27.85,0,0,0
20260602,50,AUD,1,1,0,141.29,93.6,90.59,0,0,0
20260602,51,NGN,1,1,0,16440.06,11.05,10.43,0,0,0
20260603,7,EUR,1,1,0,77.06,82.57,79.88,0,0,0
20260603,13,GBP,1,0,1,0.0,0.0,0.0,0,0,0
20260603,42,GBP,1,1,0,83.41,105.01,101.66,0,0,0
20260604,6,GBP,1,1,0,67.86,85.72,82.93,0,0,0
20260604,16,EUR,2,2,0,136.19,145.48,140.66,0,0,0
20260604,20,NGN,1,1,0,73627.95,49.75,48.01,0,0,0
20260604,35,NGN,1,1,0,35742.9,24.15,23.15,0,0,0
20260605,1,USD,1,1,0,136.28,136.28,132.03,0,0,0
20260605,51,NGN,1,1,0,83306.58,56.5,54.56,0,0,0
20260606,28,USD,1,1,0,43.73,43.73,42.16,0,0,0
20260607,7,EUR,1,1,0,150.44,160.76,155.8,0,0,0
20260607,23,EUR,1,0,1,0.0,0.0,0.0,0,0,0
20260607,32,EUR,1,1,0,30.3,32.38,31.14,0,0,0
20260608,16,EUR,1,1,0,82.08,87.34,84.51,0,0,0
20260608,42,GBP,1,1,0,83.41,105.12,101.77,0,0,0
20260609,2,NGN,1,1,0,63440.13,42.87,41.33,0,0,0
20260609,4,GBP,1,1,0,60.28,75.74,73.24,0,0,0
20260610,1,USD,1,1,0,101.45,101.45,98.21,0,0,0
20260610,20,NGN,1,1,0,50940.45,34.33,33.03,0,0,0
20260610,22,NGN,1,1,0,42239.05,28.46,27.33,0,0,0
20260611,19,NGN,1,1,0,25957.89,17.57,7.97,1,0,0
20260611,35,NGN,1,1,0,26566.97,17.99,17.17,0,0,0
20260611,43,SGD,1,1,0,3.25,2.62,2.24,0,0,0
20260612,27,USD,2,2,0,146.89,146.89,142.03,0,0,0
20260612,37,EUR,1,1,0,104.09,110.65,107.14,0,0,0
20260612,44,EUR,1,1,0,85.64,91.04,88.1,0,0,0
20260613,16,EUR,1,1,0,73.68,78.6,76.02,0,0,0
20260613,20,NGN,1,1,0,50940.45,34.43,7.3,1,0,0
20260613,29,BRL,1,1,0,516.28,94.66,91.61,0,0,0
20260613,30,SGD,1,1,0,29.43,23.56,22.58,0,0,0
20260613,32,EUR,1,1,0,30.3,32.32,31.08,0,0,0
20260613,41,EUR,2,2,0,152.44,162.62,157.3,0,0,0
20260613,48,JPY,1,1,0,7919.0,52.68,50.85,0,0,0
20260614,16,EUR,1,1,0,3.73,3.98,3.56,0,0,0
20260614,51,NGN,1,1,0,60586.26,40.92,39.43,0,0,0
20260616,24,EUR,1,1,0,75.98,80.93,78.28,0,0,0
20260616,36,EUR,1,1,0,5.54,5.9,5.43,0,0,0
20260616,44,EUR,1,1,0,26.7,28.44,27.32,0,0,0
20260618,16,EUR,1,1,0,82.08,87.32,84.49,0,0,0
20260618,18,CAD,1,1,0,174.68,143.51,139.05,0,0,0
20260618,26,NGN,1,1,0,23581.83,16.2,-0.77,1,0,0
20260618,29,BRL,1,1,0,149.52,27.41,26.32,0,1,0
20260618,38,USD,1,1,0,23.2,23.2,22.23,0,0,0
20260619,1,USD,1,1,0,141.81,141.81,137.4,0,1,0
20260619,9,EUR,1,1,0,104.83,111.54,108.01,0,0,0
20260619,47,BRL,1,1,0,259.69,47.51,45.83,0,0,0
20260619,52,CAD,1,1,0,93.39,77.03,74.5,0,0,0
20260620,1,USD,1,1,0,145.66,145.66,-4.52,1,0,0
20260620,51,NGN,1,1,0,16440.06,11.25,10.62,0,0,0
20260621,10,AUD,1,1,0,262.32,176.19,82.69,1,0,0
20260622,11,JPY,1,1,0,14894.0,99.34,96.16,0,0,0
20260622,29,BRL,1,1,0,149.52,27.54,-1.1,1,1,0
20260622,51,NGN,1,1,0,16440.06,11.26,10.63,0,0,0
20260623,21,SGD,1,1,0,177.61,143.41,138.95,0,0,0
20260625,47,BRL,1,1,0,375.68,69.69,67.37,0,0,0
20260626,26,NGN,1,1,0,50799.43,34.55,33.25,0,0,0
20260626,28,USD,1,1,0,234.14,234.14,227.05,0,0,0
20260626,44,EUR,1,1,0,26.7,28.49,27.36,0,0,0
20260627,13,GBP,1,1,0,88.22,109.55,106.07,0,1,0
20260627,31,EUR,2,2,0,222.37,237.14,229.66,0,0,0
20260627,32,EUR,1,1,0,30.3,32.31,31.07,0,0,0
20260627,38,USD,1,1,0,26.11,26.11,25.05,0,0,0
20260628,3,AUD,1,1,0,243.09,164.81,159.73,0,0,0
20260628,22,NGN,1,1,0,141671.92,96.03,92.95,0,1,0
20260628,29,BRL,2,2,0,724.74,134.61,130.1,0,0,0
20260628,38,USD,1,1,0,63.73,63.73,61.58,0,0,0
20260629,20,NGN,1,1,0,50940.45,34.47,33.17,0,0,0
20260630,13,GBP,1,0,1,0.0,0.0,0.0,0,0,1
20260630,29,BRL,1,1,0,149.52,28.01,26.9,0,0,0
20260630,39,GBP,1,1,0,77.21,96.32,93.23,0,0,0
20260701,10,AUD,1,1,0,91.31,61.89,59.8,0,0,0
20260701,29,BRL,1,1,0,149.52,28.01,26.9,0,0,0
20260701,34,EUR,1,1,0,110.17,117.5,113.79,0,0,0
20260701,38,USD,1,1,0,63.73,63.73,61.58,0,0,0
20260701,41,EUR,1,1,0,76.22,81.29,78.63,0,0,0
20260702,4,GBP,1,0,1,0.0,0.0,0.0,0,0,1
20260702,8,EUR,1,1,0,28.56,30.42,29.24,0,0,0
20260702,15,GBP,1,1,0,23.04,28.74,27.61,0,0,0
20260702,16,EUR,1,1,0,26.85,28.59,27.46,0,0,0
20260702,19,NGN,1,1,0,73433.4,49.68,47.94,0,0,0
20260702,32,EUR,1,1,0,30.3,32.27,31.03,0,1,0
20260702,43,SGD,1,1,0,108.14,87.07,84.24,0,0,0
20260702,47,BRL,1,0,1,0.0,0.0,0.0,0,0,0
20260702,51,NGN,1,0,1,0.0,0.0,0.0,0,0,0
20260703,23,EUR,6,6,0,541.34,575.5,557.01,0,0,0
20260703,36,EUR,1,1,0,5.54,5.89,5.42,0,0,0
20260703,42,GBP,1,1,0,83.41,104.11,100.79,0,0,0
20260704,16,EUR,1,1,0,26.85,28.62,27.49,0,0,0
20260704,20,NGN,1,1,0,73627.95,49.92,48.17,0,0,0
20260704,29,BRL,1,0,1,0.0,0.0,0.0,0,0,0
20260705,1,USD,1,1,0,136.28,136.28,132.03,0,1,0
20260706,2,NGN,6,6,0,293946.4,198.73,191.17,0,2,1
20260707,2,NGN,1,1,0,40568.08,27.52,26.42,0,0,0
20260707,9,EUR,1,1,0,149.64,159.76,154.83,0,0,0
20260707,32,EUR,1,1,0,30.3,32.35,31.11,0,0,0
20260707,51,NGN,1,0,1,0.0,0.0,0.0,0,0,0
20260708,37,EUR,1,1,0,63.33,67.67,65.41,0,0,0
20260708,42,GBP,1,1,0,83.41,103.53,100.23,0,0,0
20260709,7,EUR,1,1,0,42.12,45.12,43.51,0,0,0
20260709,12,JPY,1,1,0,6987.0,46.52,44.87,0,0,0
20260709,28,USD,1,0,1,0.0,0.0,0.0,0,0,0
20260709,40,JPY,1,1,0,10310.0,68.64,66.35,0,1,0
20260709,51,NGN,1,1,0,60586.26,41.06,39.57,0,0,0
20260710,6,GBP,1,1,0,87.15,107.98,104.55,0,0,0
20260710,20,NGN,1,0,1,0.0,0.0,0.0,0,0,0
20260710,21,SGD,1,1,0,148.77,121.44,117.62,0,0,0
20260710,30,SGD,1,1,0,161.59,131.9,127.77,0,0,0
20260710,38,USD,1,1,0,23.2,23.2,22.23,0,0,0
20260710,46,JPY,2,2,0,23171.0,154.6,149.52,0,0,0
20260710,51,NGN,1,1,0,83306.58,56.55,54.61,0,0,0
20260710,53,NGN,1,1,0,25413.3,17.25,16.45,0,0,0
20260711,23,EUR,1,1,0,36.97,39.58,38.13,0,0,0
20260713,24,EUR,1,1,0,97.66,104.61,101.28,0,0,0
20260713,27,USD,1,1,0,36.02,36.02,34.68,0,0,0
20260713,32,EUR,1,1,0,30.3,32.46,31.22,0,0,0
20260713,41,EUR,2,2,0,152.44,163.28,157.94,0,0,0
20260714,16,EUR,1,1,0,3.73,4.0,3.58,0,0,0
20260714,27,USD,1,1,0,110.87,110.87,107.35,0,0,0
20260714,51,NGN,1,1,0,60586.26,41.08,39.59,0,0,0
20260715,5,GBP,1,1,0,170.68,212.06,205.61,0,0,0
20260715,7,EUR,1,1,0,77.06,82.69,79.99,0,0,0
20260715,43,SGD,1,1,0,108.14,88.54,85.67,0,0,0
20260715,49,EUR,1,1,0,89.16,95.67,92.6,0,0,0
20260716,6,GBP,1,1,0,67.86,83.79,81.06,0,0,0
20260716,8,EUR,1,1,0,118.04,126.71,122.74,0,0,0
20260716,24,EUR,2,2,0,151.96,163.12,117.0,1,0,0
20260717,20,NGN,1,1,0,122363.6,82.68,79.98,0,0,0
20260717,24,EUR,1,1,0,110.59,119.16,26.03,1,0,0
20260717,43,SGD,1,0,1,0.0,0.0,0.0,0,0,0
20260718,8,EUR,1,0,1,0.0,0.0,0.0,0,0,0
20260718,13,GBP,1,1,0,65.29,80.44,77.81,0,0,0
20260718,19,NGN,1,1,0,57228.29,38.81,37.38,0,0,0
20260718,29,BRL,1,1,0,149.52,28.08,26.97,0,0,0
20260718,38,USD,1,1,0,23.2,23.2,22.23,0,0,0
20260719,35,NGN,1,1,0,70962.77,48.03,46.34,0,0,0
20260719,38,USD,1,1,0,63.73,63.73,61.58,0,0,0
20260720,9,EUR,1,1,0,44.67,48.1,46.41,0,0,0
20260720,10,AUD,1,1,0,135.33,90.93,87.99,0,0,0
20260720,51,NGN,1,1,0,16440.06,11.14,10.52,0,0,0
20260721,49,EUR,2,2,0,151.29,162.79,157.47,0,0,0
20260722,10,AUD,1,1,0,262.32,178.49,173.01,0,0,0
20260722,29,BRL,1,1,0,149.52,28.04,26.93,0,0,0
20260722,34,EUR,1,1,0,65.83,71.07,68.71,0,0,0
20260722,51,NGN,1,1,0,16440.06,11.05,10.43,0,0,0
20260723,30,SGD,1,1,0,200.37,163.65,158.6,0,0,0
20260723,52,CAD,1,0,1,0.0,0.0,0.0,0,0,0
20260724,16,EUR,1,1,0,82.08,89.05,19.38,1,0,0
20260724,29,BRL,1,1,0,874.73,164.98,159.9,0,0,0
20260724,51,NGN,1,0,1,0.0,0.0,0.0,0,0,0
20260725,3,AUD,1,1,0,97.72,66.05,63.83,0,0,0
20260725,21,SGD,1,1,0,148.77,121.34,117.52,0,0,0
20260725,22,NGN,1,1,0,42239.05,28.24,27.12,0,0,0
20260725,31,EUR,2,2,0,126.29,137.55,132.96,0,0,0
20260725,44,EUR,1,1,0,135.88,147.99,143.4,0,0,0
20260725,48,JPY,1,1,0,11464.0,76.52,74.0,0,0,0
20260725,52,CAD,1,1,0,217.91,184.56,178.91,0,0,0
20260726,19,NGN,1,0,1,0.0,0.0,0.0,0,0,0
20260727,32,EUR,1,1,0,30.3,33.07,31.81,0,1,0
20260727,44,EUR,1,1,0,103.08,112.51,108.95,0,0,0
20260727,53,NGN,1,1,0,85906.39,57.37,55.41,0,0,1
20260728,10,AUD,1,1,0,82.52,55.92,-1.92,1,0,0
20260728,23,EUR,1,1,0,187.5,204.45,198.22,0,0,0
20260728,29,BRL,1,1,0,149.52,28.45,27.32,0,0,0
20260728,32,EUR,1,1,0,30.3,33.04,31.78,0,0,0
20260728,34,EUR,1,0,1,0.0,0.0,0.0,0,0,0
20260728,38,USD,1,1,0,63.73,63.73,61.58,0,0,0
20260729,19,NGN,1,1,0,57228.29,37.94,36.54,0,0,0
20260729,20,NGN,1,1,0,50940.45,33.77,32.49,0,0,0
20260729,21,SGD,1,1,0,177.61,143.27,138.82,0,0,0
20260729,39,GBP,1,1,0,240.38,295.26,286.4,0,1,0
20260729,43,SGD,1,1,0,50.94,41.09,39.6,0,0,0
20260729,49,EUR,1,0,1,0.0,0.0,0.0,0,0,0
20260730,24,EUR,1,1,0,75.98,82.9,80.2,0,0,0
20260730,29,BRL,1,0,1,0.0,0.0,0.0,0,0,0
20260731,29,BRL,1,1,0,149.52,28.61,27.48,0,0,0
20260731,41,EUR,1,1,0,76.22,83.18,80.47,0,0,0
20260731,45,USD,1,1,0,48.99,48.99,47.27,0,0,0
20260801,1,USD,1,1,0,169.96,169.96,164.73,0,0,0
20260801,16,EUR,1,1,0,26.85,29.36,28.21,0,0,0
20260801,29,BRL,1,1,0,149.52,28.65,27.52,0,0,0
20260801,32,EUR,1,1,0,30.3,33.13,31.87,0,0,0
20260801,51,NGN,1,1,0,16440.06,10.83,10.22,0,0,0
20260802,11,JPY,1,1,0,5584.0,37.14,35.76,0,0,0
20260802,42,GBP,1,1,0,83.41,102.7,99.42,0,0,0
20260802,43,SGD,1,0,1,0.0,0.0,0.0,0,0,0
20260803,2,NGN,1,1,0,34750.36,22.66,21.7,0,0,0
20260803,16,EUR,1,1,0,26.85,29.47,28.32,0,0,0
20260803,18,CAD,1,1,0,71.07,60.3,58.25,0,0,0
20260803,20,NGN,1,1,0,73627.95,48.01,46.32,0,0,0
20260804,1,USD,1,1,0,136.28,136.28,132.03,0,0,0
20260804,20,NGN,1,1,0,73627.95,47.93,46.24,0,0,0
20260805,3,AUD,1,1,0,201.32,136.48,29.86,1,0,0
20260806,32,EUR,1,1,0,30.3,33.15,31.89,0,0,0
20260807,6,GBP,1,1,0,48.92,60.37,58.32,0,0,0
20260807,22,NGN,1,1,0,47100.88,30.79,29.6,0,0,0
20260807,26,NGN,1,1,0,50799.43,33.21,31.95,0,0,0
20260807,42,GBP,1,1,0,83.41,102.94,99.65,0,0,0
20260807,50,AUD,1,1,0,155.77,105.62,102.26,0,0,0
20260808,6,GBP,1,1,0,87.15,107.75,104.33,0,0,0
20260808,43,SGD,1,1,0,108.14,86.72,83.91,0,0,0
20260809,10,AUD,1,1,0,123.44,84.05,81.31,0,0,0
20260809,20,NGN,1,1,0,50940.45,33.1,31.84,0,0,0
20260809,29,BRL,1,0,1,0.0,0.0,0.0,0,0,0
20260809,38,USD,1,1,0,23.2,23.2,22.23,0,0,0
20260809,52,CAD,1,1,0,76.02,64.35,62.18,0,0,0
20260811,4,GBP,1,1,0,38.37,47.26,45.59,0,0,0
20260811,23,EUR,2,2,0,73.94,81.16,78.2,0,0,0
20260811,50,AUD,1,1,0,124.6,85.1,82.33,0,0,0
20260812,4,GBP,1,0,1,0.0,0.0,0.0,0,0,0
20260812,29,BRL,4,4,0,1620.46,308.76,298.61,0,1,1
20260812,32,EUR,1,1,0,30.3,33.27,32.01,0,0,0
20260812,41,EUR,2,2,0,152.44,167.38,161.92,0,1,0
20260813,6,GBP,1,1,0,31.96,39.45,38.01,0,0,0
20260813,13,GBP,1,1,0,108.03,133.36,129.19,0,0,0
20260813,15,GBP,1,0,1,0.0,0.0,0.0,0,0,0
20260813,27,USD,1,1,0,110.87,110.87,107.35,0,0,0
20260813,31,EUR,1,1,0,81.02,88.77,85.9,0,0,0
20260814,23,EUR,1,1,0,36.97,40.63,39.15,0,0,0
20260815,8,EUR,1,1,0,136.25,149.66,145.02,0,0,0
20260815,13,GBP,1,1,0,88.22,109.08,105.62,0,0,0
20260815,24,EUR,1,1,0,75.98,83.46,80.74,0,0,0
20260815,37,EUR,1,0,1,0.0,0.0,0.0,0,0,0
20260816,8,EUR,1,1,0,136.25,149.29,144.66,0,0,0
20260816,10,AUD,1,1,0,123.44,84.56,81.81,0,0,0
20260816,16,EUR,1,1,0,3.73,4.09,3.67,0,0,0
20260817,7,EUR,1,1,0,88.62,97.01,93.9,0,0,0
20260817,20,NGN,1,1,0,58969.75,38.9,37.47,0,0,0
20260817,29,BRL,1,1,0,149.52,28.59,27.46,0,0,0
20260817,38,USD,1,1,0,23.2,23.2,22.23,0,0,0
20260818,19,NGN,1,1,0,73433.4,48.44,46.74,0,0,0
20260818,38,USD,1,1,0,63.73,63.73,61.58,0,0,0
20260818,50,AUD,1,1,0,141.29,96.41,93.31,0,0,0
20260819,18,CAD,1,1,0,239.24,201.34,195.2,0,0,0
20260819,42,GBP,2,1,1,83.41,102.18,98.92,0,0,0
20260819,51,NGN,1,1,0,16440.06,10.83,10.22,0,0,0
20260820,46,JPY,1,1,0,5430.0,36.11,34.76,0,0,0
20260820,50,AUD,1,1,0,143.51,98.12,94.97,0,0,0
20260821,29,BRL,1,0,1,0.0,0.0,0.0,0,0,0
20260821,44,EUR,1,1,0,26.7,29.16,28.01,0,0,0
20260821,51,NGN,1,1,0,16440.06,10.82,10.21,0,0,0
20260822,52,CAD,1,1,0,132.14,111.14,107.62,0,0,0
20260823,26,NGN,1,1,0,23581.83,15.49,14.74,0,0,0
20260823,30,SGD,1,1,0,161.59,128.46,124.43,0,0,0
20260823,42,GBP,1,1,0,101.8,124.74,120.82,0,0,0
20260825,20,NGN,1,1,0,41635.46,27.22,26.13,0,0,0
20260825,30,SGD,1,1,0,200.37,158.96,154.05,0,0,0
20260825,31,EUR,1,1,0,81.02,88.36,85.5,0,0,0
20260825,33,USD,1,1,0,144.32,144.32,139.83,0,0,0
20260826,9,EUR,1,0,1,0.0,0.0,0.0,0,0,0
20260826,32,EUR,1,1,0,30.3,32.9,31.65,0,0,0
20260826,40,JPY,1,1,0,7873.0,52.26,50.44,0,0,0
20260827,29,BRL,1,1,0,149.52,28.86,27.72,0,0,0
20260827,33,USD,1,0,1,0.0,0.0,0.0,0,0,0
20260827,38,USD,1,1,0,63.73,63.73,61.58,0,0,0
20260828,20,NGN,1,1,0,50940.45,33.33,32.06,0,0,0
20260829,24,EUR,1,1,0,75.98,81.93,79.25,0,0,0
20260829,26,NGN,1,1,0,46743.31,30.62,29.43,0,0,0
20260829,29,BRL,2,2,0,462.25,89.22,86.03,0,0,0
20260829,35,NGN,1,1,0,26798.15,17.55,16.74,0,0,0
20260829,40,JPY,1,0,1,0.0,0.0,0.0,0,0,1
20260829,45,USD,1,1,0,81.29,81.29,17.66,1,0,0
20260830,11,JPY,1,1,0,5584.0,37.29,35.91,0,0,0
20260830,24,EUR,1,1,0,88.06,95.04,91.98,0,0,0
20260830,29,BRL,1,1,0,149.52,28.97,27.83,0,0,0
20260830,41,EUR,1,1,0,76.22,82.26,79.57,0,0,0
20260831,7,EUR,1,1,0,159.47,172.87,167.56,0,0,0
20260831,16,EUR,1,1,0,26.85,29.11,27.97,0,0,0
20260831,28,USD,1,1,0,4.38,4.38,3.95,0,0,0
20260831,29,BRL,1,1,0,149.52,28.97,27.83,0,0,0
20260831,32,EUR,1,1,0,30.3,32.85,31.6,0,0,0
20260831,45,USD,1,0,1,0.0,0.0,0.0,0,0,0
20260831,51,NGN,1,1,0,16440.06,10.77,10.16,0,0,0
20260901,42,GBP,1,1,0,83.41,102.49,99.22,0,0,0
20260901,45,USD,1,1,0,61.3,61.3,59.22,0,0,0
20260901,53,NGN,1,1,0,57443.4,37.7,36.31,0,0,0
20260902,16,EUR,1,1,0,26.85,29.17,-1.15,1,0,0
20260902,20,NGN,1,1,0,73627.95,48.6,46.89,0,0,0
20260902,22,NGN,1,1,0,23398.96,15.44,14.69,0,0,0
20260902,44,EUR,1,1,0,103.08,111.98,24.45,1,0,0
20260903,1,USD,1,1,0,136.28,136.28,132.03,0,0,0
20260903,8,EUR,1,1,0,118.04,128.22,124.2,0,0,0
20260903,11,JPY,1,1,0,9005.0,59.89,57.85,0,0,0
20260903,15,GBP,1,1,0,161.55,198.66,192.6,0,0,0
20260903,16,EUR,1,0,1,0.0,0.0,0.0,0,0,0
20260904,2,NGN,1,1,0,34750.36,22.97,22.0,0,0,0
20260904,19,NGN,1,1,0,57228.29,37.83,36.43,0,0,0
20260904,46,JPY,1,1,0,9766.0,65.25,63.06,0,0,0
20260904,52,CAD,1,1,0,217.91,184.93,179.27,0,0,0
20260905,5,GBP,1,1,0,57.51,70.07,67.74,0,0,0
20260905,32,EUR,1,1,0,30.3,32.81,31.56,0,0,0
20260905,34,EUR,1,1,0,65.83,71.29,68.92,0,0,0
20260905,49,EUR,2,2,0,75.39,81.64,78.67,0,0,0
20260906,34,EUR,1,1,0,136.01,147.16,142.59,0,0,0
20260906,42,GBP,1,1,0,83.41,101.86,98.61,0,0,0
20260907,18,CAD,1,1,0,239.24,202.71,196.53,0,0,0
20260908,6,GBP,1,0,1,0.0,0.0,0.0,0,0,0
20260908,9,EUR,1,0,1,0.0,0.0,0.0,0,0,0
20260908,16,EUR,1,1,0,49.63,53.62,51.77,0,0,0
20260908,20,NGN,1,1,0,50940.45,33.81,32.53,0,0,0
20260908,38,USD,1,1,0,23.2,23.2,22.23,0,0,0
20260909,39,GBP,1,1,0,91.76,112.05,108.5,0,0,0
20260910,11,JPY,1,1,0,17924.0,118.8,115.05,0,0,0
20260910,35,NGN,1,1,0,34578.87,22.94,21.97,0,0,0
20260911,20,NGN,1,1,0,53815.29,35.7,34.36,0,0,0
20260911,31,EUR,1,0,1,0.0,0.0,0.0,0,0,1
20260911,32,EUR,1,1,0,30.3,32.93,31.68,0,0,0
20260911,41,EUR,2,1,1,76.22,82.83,80.13,0,0,0
20260911,51,NGN,1,1,0,99867.77,66.26,64.04,0,0,0
20260912,15,GBP,1,1,0,83.79,102.02,98.76,0,0,0
20260914,24,EUR,1,1,0,75.98,82.74,80.04,0,0,0
20261202,51,NGN,1,1,0,60586.26,60586.26,58828.96,0,0,0
20261226,43,SGD,1,1,0,108.14,108.14,104.7,0,0,0
20270407,9,EUR,1,1,0,149.64,149.64,145.0,0,0,0
20270521,16,EUR,1,1,0,3.73,3.73,3.32,0,0,0
20270626,26,NGN,1,1,0,50799.43,50799.43,49325.95,0,0,0
20270716,8,EUR,1,1,0,118.04,118.04,114.32,0,0,0
