rate_date,currency_code,rate_to_usd
2025-09-14,USD,1.0
2025-09-15,USD,1.0
2025-09-16,USD,1.0
2025-09-17,USD,1.0
2025-09-18,USD,1.0
2025-09-19,USD,1.0
2025-09-20,USD,1.0
2025-09-21,USD,1.0
2025-09-22,USD,1.0
2025-09-23,USD,1.0
2025-09-24,USD,1.0
2025-09-25,USD,1.0
2025-09-26,USD,1.0
2025-09-27,USD,1.0
2025-09-28,USD,1.0
2025-09-29,USD,1.0
2025-09-30,USD,1.0
2025-10-01,USD,1.0
2025-10-02,USD,1.0
2025-10-03,USD,1.0
2025-10-04,USD,1.0
2025-10-05,USD,1.0
2025-10-06,USD,1.0
2025-10-07,USD,1.0
2025-10-08,USD,1.0
2025-10-09,USD,1.0
2025-10-10,USD,1.0
2025-10-11,USD,1.0
2025-10-12,USD,1.0
2025-10-13,USD,1.0
2025-10-14,USD,1.0
2025-10-15,USD,1.0
2025-10-16,USD,1.0
2025-10-17,USD,1.0
2025-10-18,USD,1.0
2025-10-19,USD,1.0
2025-10-20,USD,1.0
2025-10-21,USD,1.0
2025-10-22,USD,1.0
2025-10-23,USD,1.0
2025-10-24,USD,1.0
2025-10-25,USD,1.0
2025-10-26,USD,1.0
2025-10-27,USD,1.0
2025-10-28,USD,1.0
2025-10-29,USD,1.0
2025-10-30,USD,1.0
2025-10-31,USD,1.0
2025-11-01,USD,1.0
2025-11-02,USD,1.0
2025-11-03,USD,1.0
2025-11-04,USD,1.0
2025-11-05,USD,1.0
2025-11-06,USD,1.0
2025-11-07,USD,1.0
2025-11-08,USD,1.0
2025-11-09,USD,1.0
2025-11-10,USD,1.0
2025-11-11,USD,1.0
2025-11-12,USD,1.0
2025-11-13,USD,1.0
2025-11-14,USD,1.0
2025-11-15,USD,1.0
2025-11-16,USD,1.0
2025-11-17,USD,1.0
2025-11-18,USD,1.0
2025-11-19,USD,1.0
2025-11-20,USD,1.0
2025-11-21,USD,1.0
2025-11-22,USD,1.0
2025-11-23,USD,1.0
2025-11-24,USD,1.0
2025-11-25,USD,1.0
2025-11-26,USD,1.0
2025-11-27,USD,1.0
2025-11-28,USD,1.0
2025-11-29,USD,1.0
2025-11-30,USD,1.0
2025-12-01,USD,1.0
2025-12-02,USD,1.0
2025-12-03,USD,1.0
2025-12-04,USD,1.0
2025-12-05,USD,1.0
2025-12-06,USD,1.0
2025-12-07,USD,1.0
2025-12-08,USD,1.0
2025-12-09,USD,1.0
2025-12-10,USD,1.0
2025-12-11,USD,1.0
2025-12-12,USD,1.0
2025-12-13,USD,1.0
2025-12-14,USD,1.0
2025-12-15,USD,1.0
2025-12-16,USD,1.0
2025-12-17,USD,1.0
2025-12-18,USD,1.0
2025-12-19,USD,1.0
2025-12-20,USD,1.0
2025-12-21,USD,1.0
2025-12-22,USD,1.0
2025-12-23,USD,1.0
2025-12-24,USD,1.0
2025-12-25,USD,1.0
2025-12-26,USD,1.0
2025-12-27,USD,1.0
2025-12-28,USD,1.0
2025-12-29,USD,1.0
2025-12-30,USD,1.0
2025-12-31,USD,1.0
2026-01-01,USD,1.0
2026-01-02,USD,1.0
2026-01-03,USD,1.0
2026-01-04,USD,1.0
2026-01-05,USD,1.0
2026-01-06,USD,1.0
2026-01-07,USD,1.0
2026-01-08,USD,1.0
2026-01-09,USD,1.0
2026-01-10,USD,1.0
2026-01-11,USD,1.0
2026-01-12,USD,1.0
2026-01-13,USD,1.0
2026-01-14,USD,1.0
2026-01-15,USD,1.0
2026-01-16,USD,1.0
2026-01-17,USD,1.0
2026-01-18,USD,1.0
2026-01-19,USD,1.0
2026-01-20,USD,1.0
2026-01-21,USD,1.0
2026-01-22,USD,1.0
2026-01-23,USD,1.0
2026-01-24,USD,1.0
2026-01-25,USD,1.0
2026-01-26,USD,1.0
2026-01-27,USD,1.0
2026-01-28,USD,1.0
2026-01-29,USD,1.0
2026-01-30,USD,1.0
2026-01-31,USD,1.0
2026-02-01,USD,1.0
2026-02-02,USD,1.0
2026-02-03,USD,1.0
2026-02-04,USD,1.0
2026-02-05,USD,1.0
2026-02-06,USD,1.0
2026-02-07,USD,1.0
2026-02-08,USD,1.0
2026-02-09,USD,1.0
2026-02-10,USD,1.0
2026-02-11,USD,1.0
2026-02-12,USD,1.0
2026-02-13,USD,1.0
2026-02-14,USD,1.0
2026-02-15,USD,1.0
2026-02-16,USD,1.0
2026-02-17,USD,1.0
2026-02-18,USD,1.0
2026-02-19,USD,1.0
2026-02-20,USD,1.0
2026-02-21,USD,1.0
2026-02-22,USD,1.0
2026-02-23,USD,1.0
2026-02-24,USD,1.0
2026-02-25,USD,1.0
2026-02-26,USD,1.0
2026-02-27,USD,1.0
2026-02-28,USD,1.0
2026-03-01,USD,1.0
2026-03-02,USD,1.0
2026-03-03,USD,1.0
2026-03-04,USD,1.0
2026-03-05,USD,1.0
2026-03-06,USD,1.0
2026-03-07,USD,1.0
2026-03-08,USD,1.0
2026-03-09,USD,1.0
2026-03-10,USD,1.0
2026-03-11,USD,1.0
2026-03-12,USD,1.0
2026-03-13,USD,1.0
2026-03-14,USD,1.0
2026-03-15,USD,1.0
2026-03-16,USD,1.0
2026-03-17,USD,1.0
2026-03-18,USD,1.0
2026-03-19,USD,1.0
2026-03-20,USD,1.0
2026-03-21,USD,1.0
2026-03-22,USD,1.0
2026-03-23,USD,1.0
2026-03-24,USD,1.0
2026-03-25,USD,1.0
2026-03-26,USD,1.0
2026-03-27,USD,1.0
2026-03-28,USD,1.0
2026-03-29,USD,1.0
2026-03-30,USD,1.0
2026-03-31,USD,1.0
2026-04-01,USD,1.0
2026-04-02,USD,1.0
2026-04-03,USD,1.0
2026-04-04,USD,1.0
2026-04-05,USD,1.0
2026-04-06,USD,1.0
2026-04-07,USD,1.0
2026-04-08,USD,1.0
2026-04-09,USD,1.0
2026-04-10,USD,1.0
2026-04-11,USD,1.0
2026-04-12,USD,1.0
2026-04-13,USD,1.0
2026-04-14,USD,1.0
2026-04-15,USD,1.0
2026-04-16,USD,1.0
2026-04-17,USD,1.0
2026-04-18,USD,1.0
2026-04-19,USD,1.0
2026-04-20,USD,1.0
2026-04-21,USD,1.0
2026-04-22,USD,1.0
2026-04-23,USD,1.0
2026-04-24,USD,1.0
2026-04-25,USD,1.0
2026-04-26,USD,1.0
2026-04-27,USD,1.0
2026-04-28,USD,1.0
2026-04-29,USD,1.0
2026-04-30,USD,1.0
2026-05-01,USD,1.0
2026-05-02,USD,1.0
2026-05-03,USD,1.0
2026-05-04,USD,1.0
2026-05-05,USD,1.0
2026-05-06,USD,1.0
2026-05-07,USD,1.0
2026-05-08,USD,1.0
2026-05-09,USD,1.0
2026-05-10,USD,1.0
2026-05-11,USD,1.0
2026-05-12,USD,1.0
2026-05-13,USD,1.0
2026-05-14,USD,1.0
2026-05-15,USD,1.0
2026-05-16,USD,1.0
2026-05-17,USD,1.0
2026-05-18,USD,1.0
2026-05-19,USD,1.0
2026-05-20,USD,1.0
2026-05-21,USD,1.0
2026-05-22,USD,1.0
2026-05-23,USD,1.0
2026-05-24,USD,1.0
2026-05-25,USD,1.0
2026-05-26,USD,1.0
2026-05-27,USD,1.0
2026-05-28,USD,1.0
2026-05-29,USD,1.0
2026-05-30,USD,1.0
2026-05-31,USD,1.0
2026-06-01,USD,1.0
2026-06-02,USD,1.0
2026-06-03,USD,1.0
2026-06-04,USD,1.0
2026-06-05,USD,1.0
2026-06-06,USD,1.0
2026-06-07,USD,1.0
2026-06-08,USD,1.0
2026-06-09,USD,1.0
2026-06-10,USD,1.0
2026-06-11,USD,1.0
2026-06-12,USD,1.0
2026-06-13,USD,1.0
2026-06-14,USD,1.0
2026-06-15,USD,1.0
2026-06-16,USD,1.0
2026-06-17,USD,1.0
2026-06-18,USD,1.0
2026-06-19,USD,1.0
2026-06-20,USD,1.0
2026-06-21,USD,1.0
2026-06-22,USD,1.0
2026-06-23,USD,1.0
2026-06-24,USD,1.0
2026-06-25,USD,1.0
2026-06-26,USD,1.0
2026-06-27,USD,1.0
2026-06-28,USD,1.0
2026-06-29,USD,1.0
2026-06-30,USD,1.0
2026-07-01,USD,1.0
2026-07-02,USD,1.0
2026-07-03,USD,1.0
2026-07-04,USD,1.0
2026-07-05,USD,1.0
2026-07-06,USD,1.0
2026-07-07,USD,1.0
2026-07-08,USD,1.0
2026-07-09,USD,1.0
2026-07-10,USD,1.0
2026-07-11,USD,1.0
2026-07-12,USD,1.0
2026-07-13,USD,1.0
2026-07-14,USD,1.0
2026-07-15,USD,1.0
2026-07-16,USD,1.0
2026-07-17,USD,1.0
2026-07-18,USD,1.0
2026-07-19,USD,1.0
2026-07-20,USD,1.0
2026-07-21,USD,1.0
2026-07-22,USD,1.0
2026-07-23,USD,1.0
2026-07-24,USD,1.0
2026-07-25,USD,1.0
2026-07-26,USD,1.0
2026-07-27,USD,1.0
2026-07-28,USD,1.0
2026-07-29,USD,1.0
2026-07-30,USD,1.0
2026-07-31,USD,1.0
2026-08-01,USD,1.0
2026-08-02,USD,1.0
2026-08-03,USD,1.0
2026-08-04,USD,1.0
2026-08-05,USD,1.0
2026-08-06,USD,1.0
2026-08-07,USD,1.0
2026-08-08,USD,1.0
2026-08-09,USD,1.0
2026-08-10,USD,1.0
2026-08-11,USD,1.0
2026-08-12,USD,1.0
2026-08-13,USD,1.0
2026-08-14,USD,1.0
2026-08-15,USD,1.0
2026-08-16,USD,1.0
2026-08-17,USD,1.0
2026-08-18,USD,1.0
2026-08-19,USD,1.0
2026-08-20,USD,1.0
2026-08-21,USD,1.0
2026-08-22,USD,1.0
2026-08-23,USD,1.0
2026-08-24,USD,1.0
2026-08-25,USD,1.0
2026-08-26,USD,1.0
2026-08-27,USD,1.0
2026-08-28,USD,1.0
2026-08-29,USD,1.0
2026-08-30,USD,1.0
2026-08-31,USD,1.0
2026-09-01,USD,1.0
2026-09-02,USD,1.0
2026-09-03,USD,1.0
2026-09-04,USD,1.0
2026-09-05,USD,1.0
2026-09-06,USD,1.0
2026-09-07,USD,1.0
2026-09-08,USD,1.0
2026-09-09,USD,1.0
2026-09-10,USD,1.0
2026-09-11,USD,1.0
2026-09-12,USD,1.0
2026-09-13,USD,1.0
2026-09-14,USD,1.0
2025-09-14,EUR,1.08160935
2025-09-15,EUR,1.08116071
2025-09-16,EUR,1.08326148
2025-09-17,EUR,1.08821099
2025-09-18,EUR,1.08744657
2025-09-19,EUR,1.08668274
2025-09-20,EUR,1.09183105
2025-09-21,EUR,1.09434477
2025-09-22,EUR,1.09280347
2025-09-23,EUR,1.09458221
2025-09-24,EUR,1.09306046
2025-09-25,EUR,1.09153325
2025-09-26,EUR,1.09232558
2025-09-27,EUR,1.0860558
2025-09-28,EUR,1.08043573
2025-09-29,EUR,1.07861319
2025-09-30,EUR,1.07533583
2025-10-01,EUR,1.07634959
2025-10-02,EUR,1.07341754
2025-10-03,EUR,1.06886956
2025-10-04,EUR,1.07356932
2025-10-05,EUR,1.07284216
2025-10-06,EUR,1.07305951
2025-10-07,EUR,1.06847299
2025-10-08,EUR,1.06672801
2025-10-09,EUR,1.06708298
2025-10-10,EUR,1.06339837
2025-10-11,EUR,1.06459692
2025-10-12,EUR,1.0626786
2025-10-13,EUR,1.06174867
2025-10-14,EUR,1.05983209
2025-10-15,EUR,1.0657214
2025-10-16,EUR,1.06567825
2025-10-17,EUR,1.06229671
2025-10-18,EUR,1.06491807
2025-10-19,EUR,1.06101777
2025-10-20,EUR,1.0616826
2025-10-21,EUR,1.05544096
2025-10-22,EUR,1.05123549
2025-10-23,EUR,1.05185633
2025-10-24,EUR,1.05418661
2025-10-25,EUR,1.05472858
2025-10-26,EUR,1.05436264
2025-10-27,EUR,1.05341023
2025-10-28,EUR,1.04873776
2025-10-29,EUR,1.04647297
2025-10-30,EUR,1.04502684
2025-10-31,EUR,1.048341
2025-11-01,EUR,1.04942169
2025-11-02,EUR,1.04387117
2025-11-03,EUR,1.04488607
2025-11-04,EUR,1.04367897
2025-11-05,EUR,1.0415595
2025-11-06,EUR,1.0434708
2025-11-07,EUR,1.04669825
2025-11-08,EUR,1.04962256
2025-11-09,EUR,1.04697997
2025-11-10,EUR,1.04600876
2025-11-11,EUR,1.04704827
2025-11-12,EUR,1.0501126
2025-11-13,EUR,1.04860304
2025-11-14,EUR,1.04801899
2025-11-15,EUR,1.04454061
2025-11-16,EUR,1.04079215
2025-11-17,EUR,1.04332916
2025-11-18,EUR,1.04757418
2025-11-19,EUR,1.04734787
2025-11-20,EUR,1.05050101
2025-11-21,EUR,1.05164071
2025-11-22,EUR,1.04960541
2025-11-23,EUR,1.05074337
2025-11-24,EUR,1.05559162
2025-11-25,EUR,1.05547817
2025-11-26,EUR,1.06043251
2025-11-27,EUR,1.05209832
2025-11-28,EUR,1.05469249
2025-11-29,EUR,1.05496791
2025-11-30,EUR,1.05402158
2025-12-01,EUR,1.05431173
2025-12-02,EUR,1.04802518
2025-12-03,EUR,1.04733452
2025-12-04,EUR,1.04845657
2025-12-05,EUR,1.05310509
2025-12-06,EUR,1.05146771
2025-12-07,EUR,1.0489174
2025-12-08,EUR,1.04733849
2025-12-09,EUR,1.0502147
2025-12-10,EUR,1.05125048
2025-12-11,EUR,1.04957974
2025-12-12,EUR,1.05119589
2025-12-13,EUR,1.05150203
2025-12-14,EUR,1.05455763
2025-12-15,EUR,1.05233656
2025-12-16,EUR,1.05130213
2025-12-17,EUR,1.05006546
2025-12-18,EUR,1.0454551
2025-12-19,EUR,1.04638384
2025-12-20,EUR,1.04720333
2025-12-21,EUR,1.0472194
2025-12-22,EUR,1.0464824
2025-12-23,EUR,1.04203892
2025-12-24,EUR,1.04072393
2025-12-25,EUR,1.03965392
2025-12-26,EUR,1.03715165
2025-12-27,EUR,1.03664982
2025-12-28,EUR,1.03790639
2025-12-29,EUR,1.04377945
2025-12-30,EUR,1.04432611
2025-12-31,EUR,1.04513301
2026-01-01,EUR,1.04489959
2026-01-02,EUR,1.03888482
2026-01-03,EUR,1.03880219
2026-01-04,EUR,1.03898989
2026-01-05,EUR,1.04666774
2026-01-06,EUR,1.04606373
2026-01-07,EUR,1.04701004
2026-01-08,EUR,1.04690101
2026-01-09,EUR,1.04323054
2026-01-10,EUR,1.04680722
2026-01-11,EUR,1.04916861
2026-01-12,EUR,1.05165838
2026-01-13,EUR,1.04878929
2026-01-14,EUR,1.053203
2026-01-15,EUR,1.0487737
2026-01-16,EUR,1.05062014
2026-01-17,EUR,1.05752415
2026-01-18,EUR,1.0543816
2026-01-19,EUR,1.05259032
2026-01-20,EUR,1.05290499
2026-01-21,EUR,1.05131466
2026-01-22,EUR,1.04642395
2026-01-23,EUR,1.04663919
2026-01-24,EUR,1.04330364
2026-01-25,EUR,1.04478595
2026-01-26,EUR,1.04190414
2026-01-27,EUR,1.04674879
2026-01-28,EUR,1.04428918
2026-01-29,EUR,1.04328021
2026-01-30,EUR,1.04582638
2026-01-31,EUR,1.04196457
2026-02-01,EUR,1.04267559
2026-02-02,EUR,1.04676437
2026-02-03,EUR,1.0417164
2026-02-04,EUR,1.04229341
2026-02-05,EUR,1.04310603
2026-02-06,EUR,1.0455526
2026-02-07,EUR,1.04167271
2026-02-08,EUR,1.03754626
2026-02-09,EUR,1.03917088
2026-02-10,EUR,1.04009673
2026-02-11,EUR,1.04087834
2026-02-12,EUR,1.04196017
2026-02-13,EUR,1.03983449
2026-02-14,EUR,1.04055901
2026-02-15,EUR,1.04147389
2026-02-16,EUR,1.03924195
2026-02-17,EUR,1.04505893
2026-02-18,EUR,1.04654448
2026-02-19,EUR,1.04280422
2026-02-20,EUR,1.04485819
2026-02-21,EUR,1.04180298
2026-02-22,EUR,1.04426294
2026-02-23,EUR,1.04789257
2026-02-24,EUR,1.04531261
2026-02-25,EUR,1.0483337
2026-02-26,EUR,1.0496319
2026-02-27,EUR,1.05222048
2026-02-28,EUR,1.05820801
2026-03-01,EUR,1.057429
2026-03-02,EUR,1.05503793
2026-03-03,EUR,1.05222252
2026-03-04,EUR,1.04964727
2026-03-05,EUR,1.04940449
2026-03-06,EUR,1.05047851
2026-03-07,EUR,1.05135048
2026-03-08,EUR,1.05395946
2026-03-09,EUR,1.05400057
2026-03-10,EUR,1.05859664
2026-03-11,EUR,1.05775615
2026-03-12,EUR,1.06638798
2026-03-13,EUR,1.06838959
2026-03-14,EUR,1.06564225
2026-03-15,EUR,1.06221869
2026-03-16,EUR,1.06375616
2026-03-17,EUR,1.06304303
2026-03-18,EUR,1.06532007
2026-03-19,EUR,1.06683252
2026-03-20,EUR,1.06659943
2026-03-21,EUR,1.06388986
2026-03-22,EUR,1.05905497
2026-03-23,EUR,1.05763632
2026-03-24,EUR,1.0603536
2026-03-25,EUR,1.06103464
2026-03-26,EUR,1.05706933
2026-03-27,EUR,1.05761852
2026-03-28,EUR,1.05884107
2026-03-29,EUR,1.05603348
2026-03-30,EUR,1.0565205
2026-03-31,EUR,1.05670499
2026-04-01,EUR,1.05308165
2026-04-02,EUR,1.05421198
2026-04-03,EUR,1.05598554
2026-04-04,EUR,1.0594166
2026-04-05,EUR,1.06276585
2026-04-06,EUR,1.05837343
2026-04-07,EUR,1.05539572
2026-04-08,EUR,1.05702642
2026-04-09,EUR,1.05865567
2026-04-10,EUR,1.06029145
2026-04-11,EUR,1.0725465
2026-04-12,EUR,1.07438342
2026-04-13,EUR,1.07804352
2026-04-14,EUR,1.08112889
2026-04-15,EUR,1.0832416
2026-04-16,EUR,1.08221706
2026-04-17,EUR,1.08468117
2026-04-18,EUR,1.08216636
2026-04-19,EUR,1.08139753
2026-04-20,EUR,1.07982292
2026-04-21,EUR,1.08008815
2026-04-22,EUR,1.08758826
2026-04-23,EUR,1.08149581
2026-04-24,EUR,1.08372237
2026-04-25,EUR,1.07847916
2026-04-26,EUR,1.07695226
2026-04-27,EUR,1.0804705
2026-04-28,EUR,1.08067886
2026-04-29,EUR,1.07718477
2026-04-30,EUR,1.07487323
2026-05-01,EUR,1.07706467
2026-05-02,EUR,1.07470471
2026-05-03,EUR,1.0754026
2026-05-04,EUR,1.07554963
2026-05-05,EUR,1.07344714
2026-05-06,EUR,1.08035137
2026-05-07,EUR,1.08240594
2026-05-08,EUR,1.07582986
2026-05-09,EUR,1.07643164
2026-05-10,EUR,1.07429453
2026-05-11,EUR,1.07704183
2026-05-12,EUR,1.07448109
2026-05-13,EUR,1.07411125
2026-05-14,EUR,1.07573849
2026-05-15,EUR,1.07853246
2026-05-16,EUR,1.07464879
2026-05-17,EUR,1.07357037
2026-05-18,EUR,1.07204071
2026-05-19,EUR,1.06993953
2026-05-20,EUR,1.07560631
2026-05-21,EUR,1.07691312
2026-05-22,EUR,1.07283953
2026-05-23,EUR,1.07579368
2026-05-24,EUR,1.08264269
2026-05-25,EUR,1.08599606
2026-05-26,EUR,1.08104597
2026-05-27,EUR,1.07947554
2026-05-28,EUR,1.08357834
2026-05-29,EUR,1.08127789
2026-05-30,EUR,1.08271757
2026-05-31,EUR,1.0852337
2026-06-01,EUR,1.08221589
2026-06-02,EUR,1.08202263
2026-06-03,EUR,1.07150126
2026-06-04,EUR,1.06820836
2026-06-05,EUR,1.06739897
2026-06-06,EUR,1.06340332
2026-06-07,EUR,1.06861106
2026-06-08,EUR,1.06402626
2026-06-09,EUR,1.06262161
2026-06-10,EUR,1.06303839
2026-06-11,EUR,1.06763478
2026-06-12,EUR,1.06303585
2026-06-13,EUR,1.0667453
2026-06-14,EUR,1.06677805
2026-06-15,EUR,1.06363689
2026-06-16,EUR,1.06511143
2026-06-17,EUR,1.06574749
2026-06-18,EUR,1.06382845
2026-06-19,EUR,1.06405122
2026-06-20,EUR,1.06282124
2026-06-21,EUR,1.06318319
2026-06-22,EUR,1.06529509
2026-06-23,EUR,1.07036381
2026-06-24,EUR,1.06638907
2026-06-25,EUR,1.07321301
2026-06-26,EUR,1.06692799
2026-06-27,EUR,1.06644216
2026-06-28,EUR,1.06832437
2026-06-29,EUR,1.06922495
2026-06-30,EUR,1.06722753
2026-07-01,EUR,1.06656119
2026-07-02,EUR,1.06498374
2026-07-03,EUR,1.06310075
2026-07-04,EUR,1.06581039
2026-07-05,EUR,1.06695192
2026-07-06,EUR,1.06473402
2026-07-07,EUR,1.06760752
2026-07-08,EUR,1.06859174
2026-07-09,EUR,1.0711976
2026-07-10,EUR,1.07322097
2026-07-11,EUR,1.07055188
2026-07-12,EUR,1.06875278
2026-07-13,EUR,1.07114879
2026-07-14,EUR,1.07311018
2026-07-15,EUR,1.07304289
2026-07-16,EUR,1.07342059
2026-07-17,EUR,1.077535
2026-07-18,EUR,1.07562269
2026-07-19,EUR,1.0773881
2026-07-20,EUR,1.07673458
2026-07-21,EUR,1.07603142
2026-07-22,EUR,1.07957838
2026-07-23,EUR,1.08225168
2026-07-24,EUR,1.08489295
2026-07-25,EUR,1.08914186
2026-07-26,EUR,1.08921049
2026-07-27,EUR,1.09143886
2026-07-28,EUR,1.09042295
2026-07-29,EUR,1.09148339
2026-07-30,EUR,1.09105724
2026-07-31,EUR,1.09137472
2026-08-01,EUR,1.09332334
2026-08-02,EUR,1.0906396
2026-08-03,EUR,1.09748572
2026-08-04,EUR,1.09417345
2026-08-05,EUR,1.09018786
2026-08-06,EUR,1.09397553
2026-08-07,EUR,1.09657371
2026-08-08,EUR,1.09862689
2026-08-09,EUR,1.10069784
2026-08-10,EUR,1.1006574
2026-08-11,EUR,1.09769469
2026-08-12,EUR,1.09794432
2026-08-13,EUR,1.09571387
2026-08-14,EUR,1.09891922
2026-08-15,EUR,1.09843441
2026-08-16,EUR,1.09571415
2026-08-17,EUR,1.09465771
2026-08-18,EUR,1.09601376
2026-08-19,EUR,1.09416021
2026-08-20,EUR,1.09146129
2026-08-21,EUR,1.09225921
2026-08-22,EUR,1.09306192
2026-08-23,EUR,1.09139955
2026-08-24,EUR,1.08985728
2026-08-25,EUR,1.09061599
2026-08-26,EUR,1.08587807
2026-08-27,EUR,1.08129307
2026-08-28,EUR,1.07896253
2026-08-29,EUR,1.07827162
2026-08-30,EUR,1.07927735
2026-08-31,EUR,1.08405431
2026-09-01,EUR,1.08684355
2026-09-02,EUR,1.08632207
2026-09-03,EUR,1.0862601
2026-09-04,EUR,1.08299307
2026-09-05,EUR,1.08293292
2026-09-06,EUR,1.08199513
2026-09-07,EUR,1.08304267
2026-09-08,EUR,1.08035489
2026-09-09,EUR,1.08203813
2026-09-10,EUR,1.08701357
2026-09-11,EUR,1.0866589
2026-09-12,EUR,1.08796847
2026-09-13,EUR,1.09022104
2026-09-14,EUR,1.08890878
2025-09-14,GBP,1.27085379
2025-09-15,GBP,1.2709018
2025-09-16,GBP,1.27127421
2025-09-17,GBP,1.26832609
2025-09-18,GBP,1.26841935
2025-09-19,GBP,1.27031436
2025-09-20,GBP,1.27584459
2025-09-21,GBP,1.27951623
2025-09-22,GBP,1.28778133
2025-09-23,GBP,1.2848168
2025-09-24,GBP,1.28817911
2025-09-25,GBP,1.28888765
2025-09-26,GBP,1.29735488
2025-09-27,GBP,1.29420893
2025-09-28,GBP,1.2909486
2025-09-29,GBP,1.28862725
2025-09-30,GBP,1.28041652
2025-10-01,GBP,1.27839696
2025-10-02,GBP,1.27548554
2025-10-03,GBP,1.27606102
2025-10-04,GBP,1.27736932
2025-10-05,GBP,1.28455901
2025-10-06,GBP,1.28822164
2025-10-07,GBP,1.2859921
2025-10-08,GBP,1.28252603
2025-10-09,GBP,1.28441873
2025-10-10,GBP,1.27933153
2025-10-11,GBP,1.28636066
2025-10-12,GBP,1.29091222
2025-10-13,GBP,1.28909523
2025-10-14,GBP,1.28247005
2025-10-15,GBP,1.28767895
2025-10-16,GBP,1.28723648
2025-10-17,GBP,1.29201656
2025-10-18,GBP,1.28583648
2025-10-19,GBP,1.28352439
2025-10-20,GBP,1.28354458
2025-10-21,GBP,1.28372548
2025-10-22,GBP,1.2819922
2025-10-23,GBP,1.28438767
2025-10-24,GBP,1.28027395
2025-10-25,GBP,1.2797271
2025-10-26,GBP,1.28018894
2025-10-27,GBP,1.28216467
2025-10-28,GBP,1.28490189
2025-10-29,GBP,1.28056673
2025-10-30,GBP,1.27467312
2025-10-31,GBP,1.27955898
2025-11-01,GBP,1.28083463
2025-11-02,GBP,1.27795857
2025-11-03,GBP,1.28390549
2025-11-04,GBP,1.28435104
2025-11-05,GBP,1.28889493
2025-11-06,GBP,1.28915601
2025-11-07,GBP,1.29712588
2025-11-08,GBP,1.30395658
2025-11-09,GBP,1.30298266
2025-11-10,GBP,1.30678048
2025-11-11,GBP,1.30931058
2025-11-12,GBP,1.31468647
2025-11-13,GBP,1.31088075
2025-11-14,GBP,1.31357875
2025-11-15,GBP,1.31774972
2025-11-16,GBP,1.31079698
2025-11-17,GBP,1.30614395
2025-11-18,GBP,1.29815335
2025-11-19,GBP,1.29710416
2025-11-20,GBP,1.29989634
2025-11-21,GBP,1.30575507
2025-11-22,GBP,1.30604532
2025-11-23,GBP,1.31242645
2025-11-24,GBP,1.30699261
2025-11-25,GBP,1.30031368
2025-11-26,GBP,1.300097
2025-11-27,GBP,1.30159496
2025-11-28,GBP,1.3014673
2025-11-29,GBP,1.29339517
2025-11-30,GBP,1.29304937
2025-12-01,GBP,1.28798914
2025-12-02,GBP,1.29057673
2025-12-03,GBP,1.2919961
2025-12-04,GBP,1.28835314
2025-12-05,GBP,1.28636701
2025-12-06,GBP,1.2822794
2025-12-07,GBP,1.28203828
2025-12-08,GBP,1.28571187
2025-12-09,GBP,1.28190979
2025-12-10,GBP,1.28384822
2025-12-11,GBP,1.28180591
2025-12-12,GBP,1.27875698
2025-12-13,GBP,1.27834638
2025-12-14,GBP,1.27437619
2025-12-15,GBP,1.27225952
2025-12-16,GBP,1.26768748
2025-12-17,GBP,1.27515945
2025-12-18,GBP,1.27529435
2025-12-19,GBP,1.27261728
2025-12-20,GBP,1.27343423
2025-12-21,GBP,1.2730051
2025-12-22,GBP,1.27216122
2025-12-23,GBP,1.27450517
2025-12-24,GBP,1.27740151
2025-12-25,GBP,1.27536853
2025-12-26,GBP,1.27316538
2025-12-27,GBP,1.27211483
2025-12-28,GBP,1.2633299
2025-12-29,GBP,1.25758734
2025-12-30,GBP,1.26274423
2025-12-31,GBP,1.26897575
2026-01-01,GBP,1.26802769
2026-01-02,GBP,1.27022096
2026-01-03,GBP,1.27140703
2026-01-04,GBP,1.28315056
2026-01-05,GBP,1.28746031
2026-01-06,GBP,1.28696625
2026-01-07,GBP,1.283277
2026-01-08,GBP,1.27709246
2026-01-09,GBP,1.27787198
2026-01-10,GBP,1.27497242
2026-01-11,GBP,1.26953242
2026-01-12,GBP,1.26706988
2026-01-13,GBP,1.26295869
2026-01-14,GBP,1.26935106
2026-01-15,GBP,1.2727084
2026-01-16,GBP,1.27267796
2026-01-17,GBP,1.27832843
2026-01-18,GBP,1.27862514
2026-01-19,GBP,1.27532136
2026-01-20,GBP,1.28114878
2026-01-21,GBP,1.28322005
2026-01-22,GBP,1.279227
2026-01-23,GBP,1.27849655
2026-01-24,GBP,1.27513812
2026-01-25,GBP,1.26984834
2026-01-26,GBP,1.27337665
2026-01-27,GBP,1.28067087
2026-01-28,GBP,1.27529756
2026-01-29,GBP,1.27745142
2026-01-30,GBP,1.27495793
2026-01-31,GBP,1.27309473
2026-02-01,GBP,1.27083221
2026-02-02,GBP,1.26753825
2026-02-03,GBP,1.26772276
2026-02-04,GBP,1.26456252
2026-02-05,GBP,1.26558854
2026-02-06,GBP,1.2653978
2026-02-07,GBP,1.26449071
2026-02-08,GBP,1.26104789
2026-02-09,GBP,1.25886588
2026-02-10,GBP,1.26171869
2026-02-11,GBP,1.26361474
2026-02-12,GBP,1.25990898
2026-02-13,GBP,1.26028443
2026-02-14,GBP,1.26312532
2026-02-15,GBP,1.25679931
2026-02-16,GBP,1.258848
2026-02-17,GBP,1.25634557
2026-02-18,GBP,1.25849618
2026-02-19,GBP,1.2556145
2026-02-20,GBP,1.24881579
2026-02-21,GBP,1.24271829
2026-02-22,GBP,1.24289756
2026-02-23,GBP,1.24386598
2026-02-24,GBP,1.24049144
2026-02-25,GBP,1.24286794
2026-02-26,GBP,1.23667279
2026-02-27,GBP,1.23642763
2026-02-28,GBP,1.23193563
2026-03-01,GBP,1.22952657
2026-03-02,GBP,1.22970141
2026-03-03,GBP,1.22652725
2026-03-04,GBP,1.22511225
2026-03-05,GBP,1.22881071
2026-03-06,GBP,1.22668404
2026-03-07,GBP,1.22975943
2026-03-08,GBP,1.22559163
2026-03-09,GBP,1.2275396
2026-03-10,GBP,1.23284835
2026-03-11,GBP,1.22370686
2026-03-12,GBP,1.22078136
2026-03-13,GBP,1.2228948
2026-03-14,GBP,1.22214989
2026-03-15,GBP,1.22351067
2026-03-16,GBP,1.22129373
2026-03-17,GBP,1.22161098
2026-03-18,GBP,1.22104045
2026-03-19,GBP,1.22531818
2026-03-20,GBP,1.22625342
2026-03-21,GBP,1.22749538
2026-03-22,GBP,1.22597865
2026-03-23,GBP,1.22418526
2026-03-24,GBP,1.22259667
2026-03-25,GBP,1.22404343
2026-03-26,GBP,1.22249752
2026-03-27,GBP,1.22356027
2026-03-28,GBP,1.23117841
2026-03-29,GBP,1.23439594
2026-03-30,GBP,1.23318861
2026-03-31,GBP,1.23763258
2026-04-01,GBP,1.23611744
2026-04-02,GBP,1.22855935
2026-04-03,GBP,1.22484387
2026-04-04,GBP,1.21796959
2026-04-05,GBP,1.21668519
2026-04-06,GBP,1.21675242
2026-04-07,GBP,1.22287184
2026-04-08,GBP,1.22407122
2026-04-09,GBP,1.22326663
2026-04-10,GBP,1.22631038
2026-04-11,GBP,1.21817577
2026-04-12,GBP,1.21903683
2026-04-13,GBP,1.22185597
2026-04-14,GBP,1.21643611
2026-04-15,GBP,1.22061002
2026-04-16,GBP,1.22184954
2026-04-17,GBP,1.22032728
2026-04-18,GBP,1.22264388
2026-04-19,GBP,1.23097263
2026-04-20,GBP,1.23164425
2026-04-21,GBP,1.2325614
2026-04-22,GBP,1.23086283
2026-04-23,GBP,1.22772471
2026-04-24,GBP,1.23078298
2026-04-25,GBP,1.22762202
2026-04-26,GBP,1.22788559
2026-04-27,GBP,1.22612606
2026-04-28,GBP,1.22788793
2026-04-29,GBP,1.22911703
2026-04-30,GBP,1.2329428
2026-05-01,GBP,1.23105634
2026-05-02,GBP,1.23005965
2026-05-03,GBP,1.22644783
2026-05-04,GBP,1.22481313
2026-05-05,GBP,1.22619949
2026-05-06,GBP,1.22898415
2026-05-07,GBP,1.22558417
2026-05-08,GBP,1.2287815
2026-05-09,GBP,1.23377884
2026-05-10,GBP,1.23530911
2026-05-11,GBP,1.24226438
2026-05-12,GBP,1.23938062
2026-05-13,GBP,1.23475282
2026-05-14,GBP,1.22816398
2026-05-15,GBP,1.23367614
2026-05-16,GBP,1.23609797
2026-05-17,GBP,1.23589185
2026-05-18,GBP,1.23692988
2026-05-19,GBP,1.23275343
2026-05-20,GBP,1.24179845
2026-05-21,GBP,1.24227985
2026-05-22,GBP,1.24268755
2026-05-23,GBP,1.24539325
2026-05-24,GBP,1.24719039
2026-05-25,GBP,1.24802807
2026-05-26,GBP,1.24506846
2026-05-27,GBP,1.2468295
2026-05-28,GBP,1.25386919
2026-05-29,GBP,1.25893013
2026-05-30,GBP,1.26494726
2026-05-31,GBP,1.26300728
2026-06-01,GBP,1.25925764
2026-06-02,GBP,1.25878245
2026-06-03,GBP,1.25899289
2026-06-04,GBP,1.26312562
2026-06-05,GBP,1.25671224
2026-06-06,GBP,1.26247885
2026-06-07,GBP,1.26188041
2026-06-08,GBP,1.26026439
2026-06-09,GBP,1.25643783
2026-06-10,GBP,1.25020016
2026-06-11,GBP,1.25328754
2026-06-12,GBP,1.25356321
2026-06-13,GBP,1.24871206
2026-06-14,GBP,1.24386052
2026-06-15,GBP,1.24260751
2026-06-16,GBP,1.24882933
2026-06-17,GBP,1.24785678
2026-06-18,GBP,1.24222965
2026-06-19,GBP,1.24131385
2026-06-20,GBP,1.24029824
2026-06-21,GBP,1.23026341
2026-06-22,GBP,1.23006302
2026-06-23,GBP,1.22921082
2026-06-24,GBP,1.23177818
2026-06-25,GBP,1.23861069
2026-06-26,GBP,1.24279682
2026-06-27,GBP,1.24179429
2026-06-28,GBP,1.23767206
2026-06-29,GBP,1.24722699
2026-06-30,GBP,1.24744856
2026-07-01,GBP,1.24750069
2026-07-02,GBP,1.2474104
2026-07-03,GBP,1.24815168
2026-07-04,GBP,1.24761113
2026-07-05,GBP,1.24546401
2026-07-06,GBP,1.24342073
2026-07-07,GBP,1.24329855
2026-07-08,GBP,1.24127164
2026-07-09,GBP,1.23861713
2026-07-10,GBP,1.23901261
2026-07-11,GBP,1.23806485
2026-07-12,GBP,1.24365097
2026-07-13,GBP,1.23376033
2026-07-14,GBP,1.2378003
2026-07-15,GBP,1.24242752
2026-07-16,GBP,1.2346994
2026-07-17,GBP,1.23343006
2026-07-18,GBP,1.23205562
2026-07-19,GBP,1.22685322
2026-07-20,GBP,1.22399042
2026-07-21,GBP,1.21991242
2026-07-22,GBP,1.22632526
2026-07-23,GBP,1.2297676
2026-07-24,GBP,1.23445875
2026-07-25,GBP,1.23713138
2026-07-26,GBP,1.23294102
2026-07-27,GBP,1.23100091
2026-07-28,GBP,1.23280818
2026-07-29,GBP,1.22828823
2026-07-30,GBP,1.23091553
2026-07-31,GBP,1.23002807
2026-08-01,GBP,1.22864495
2026-08-02,GBP,1.2312655
2026-08-03,GBP,1.23290652
2026-08-04,GBP,1.23157141
2026-08-05,GBP,1.2358548
2026-08-06,GBP,1.23184669
2026-08-07,GBP,1.2341229
2026-08-08,GBP,1.23631878
2026-08-09,GBP,1.23517069
2026-08-10,GBP,1.23637918
2026-08-11,GBP,1.23173863
2026-08-12,GBP,1.2351531
2026-08-13,GBP,1.23446796
2026-08-14,GBP,1.2325321
2026-08-15,GBP,1.23641092
2026-08-16,GBP,1.23379834
2026-08-17,GBP,1.22858507
2026-08-18,GBP,1.22284772
2026-08-19,GBP,1.22507089
2026-08-20,GBP,1.22036504
2026-08-21,GBP,1.22678951
2026-08-22,GBP,1.21912724
2026-08-23,GBP,1.22533183
2026-08-24,GBP,1.22610753
2026-08-25,GBP,1.22575179
2026-08-26,GBP,1.22374798
2026-08-27,GBP,1.2252133
2026-08-28,GBP,1.22507497
2026-08-29,GBP,1.22912986
2026-08-30,GBP,1.22955106
2026-08-31,GBP,1.23010547
2026-09-01,GBP,1.22876362
2026-09-02,GBP,1.22855371
2026-09-03,GBP,1.22968816
2026-09-04,GBP,1.22337924
2026-09-05,GBP,1.21843121
2026-09-06,GBP,1.22114806
2026-09-07,GBP,1.22177402
2026-09-08,GBP,1.22109966
2026-09-09,GBP,1.22116719
2026-09-10,GBP,1.22244055
2026-09-11,GBP,1.22046108
2026-09-12,GBP,1.21761141
2026-09-13,GBP,1.2183268
2026-09-14,GBP,1.21475087
2025-09-14,CAD,0.74090632
2025-09-15,CAD,0.73712196
2025-09-16,CAD,0.7393978
2025-09-17,CAD,0.74044611
2025-09-18,CAD,0.74101484
2025-09-19,CAD,0.7431994
2025-09-20,CAD,0.74691274
2025-09-21,CAD,0.74918568
2025-09-22,CAD,0.74504821
2025-09-23,CAD,0.74218817
2025-09-24,CAD,0.74079697
2025-09-25,CAD,0.74085496
2025-09-26,CAD,0.74200549
2025-09-27,CAD,0.74038997
2025-09-28,CAD,0.74080481
2025-09-29,CAD,0.73912604
2025-09-30,CAD,0.73777007
2025-10-01,CAD,0.73465669
2025-10-02,CAD,0.73262191
2025-10-03,CAD,0.72965109
2025-10-04,CAD,0.72751495
2025-10-05,CAD,0.72981457
2025-10-06,CAD,0.72773592
2025-10-07,CAD,0.73348295
2025-10-08,CAD,0.73456847
2025-10-09,CAD,0.7349758
2025-10-10,CAD,0.73308318
2025-10-11,CAD,0.73462334
2025-10-12,CAD,0.73335471
2025-10-13,CAD,0.73362314
2025-10-14,CAD,0.73925755
2025-10-15,CAD,0.73904451
2025-10-16,CAD,0.7415926
2025-10-17,CAD,0.74002819
2025-10-18,CAD,0.73995051
2025-10-19,CAD,0.74388143
2025-10-20,CAD,0.74248226
2025-10-21,CAD,0.74651939
2025-10-22,CAD,0.74810444
2025-10-23,CAD,0.74684209
2025-10-24,CAD,0.74825902
2025-10-25,CAD,0.75044219
2025-10-26,CAD,0.75184208
2025-10-27,CAD,0.7483004
2025-10-28,CAD,0.74666805
2025-10-29,CAD,0.74611361
2025-10-30,CAD,0.745947
2025-10-31,CAD,0.74733597
2025-11-01,CAD,0.74773437
2025-11-02,CAD,0.74473892
2025-11-03,CAD,0.74558837
2025-11-04,CAD,0.74695411
2025-11-05,CAD,0.74820852
2025-11-06,CAD,0.75063447
2025-11-07,CAD,0.75251238
2025-11-08,CAD,0.75354899
2025-11-09,CAD,0.75339037
2025-11-10,CAD,0.74963632
2025-11-11,CAD,0.75060249
2025-11-12,CAD,0.75107016
2025-11-13,CAD,0.75168209
2025-11-14,CAD,0.74880296
2025-11-15,CAD,0.74637447
2025-11-16,CAD,0.74873261
2025-11-17,CAD,0.74864376
2025-11-18,CAD,0.75017436
2025-11-19,CAD,0.75023809
2025-11-20,CAD,0.75030506
2025-11-21,CAD,0.75241706
2025-11-22,CAD,0.75125222
2025-11-23,CAD,0.75146885
2025-11-24,CAD,0.75042669
2025-11-25,CAD,0.74944852
2025-11-26,CAD,0.7487534
2025-11-27,CAD,0.74925237
2025-11-28,CAD,0.74817626
2025-11-29,CAD,0.75099484
2025-11-30,CAD,0.7489793
2025-12-01,CAD,0.74855941
2025-12-02,CAD,0.74757192
2025-12-03,CAD,0.75081708
2025-12-04,CAD,0.75125981
2025-12-05,CAD,0.75358536
2025-12-06,CAD,0.75022687
2025-12-07,CAD,0.75082791
2025-12-08,CAD,0.75283179
2025-12-09,CAD,0.75301763
2025-12-10,CAD,0.75542461
2025-12-11,CAD,0.75425229
2025-12-12,CAD,0.7574413
2025-12-13,CAD,0.76266514
2025-12-14,CAD,0.76183497
2025-12-15,CAD,0.76081677
2025-12-16,CAD,0.76413405
2025-12-17,CAD,0.76775506
2025-12-18,CAD,0.76655078
2025-12-19,CAD,0.76558449
2025-12-20,CAD,0.7649373
2025-12-21,CAD,0.76185204
2025-12-22,CAD,0.75975241
2025-12-23,CAD,0.75746372
2025-12-24,CAD,0.75571898
2025-12-25,CAD,0.75564034
2025-12-26,CAD,0.75617129
2025-12-27,CAD,0.75968862
2025-12-28,CAD,0.75741331
2025-12-29,CAD,0.75964992
2025-12-30,CAD,0.75916225
2025-12-31,CAD,0.7590496
2026-01-01,CAD,0.76058627
2026-01-02,CAD,0.75802448
2026-01-03,CAD,0.75889411
2026-01-04,CAD,0.75927307
2026-01-05,CAD,0.76039479
2026-01-06,CAD,0.76105443
2026-01-07,CAD,0.76666028
2026-01-08,CAD,0.76519349
2026-01-09,CAD,0.76397455
2026-01-10,CAD,0.76254636
2026-01-11,CAD,0.76127563
2026-01-12,CAD,0.75981994
2026-01-13,CAD,0.76253026
2026-01-14,CAD,0.76577979
2026-01-15,CAD,0.76446859
2026-01-16,CAD,0.76255967
2026-01-17,CAD,0.76363811
2026-01-18,CAD,0.76237302
2026-01-19,CAD,0.76382061
2026-01-20,CAD,0.7642856
2026-01-21,CAD,0.76081021
2026-01-22,CAD,0.76434229
2026-01-23,CAD,0.76846028
2026-01-24,CAD,0.76704757
2026-01-25,CAD,0.76615542
2026-01-26,CAD,0.76681247
2026-01-27,CAD,0.76758186
2026-01-28,CAD,0.76909832
2026-01-29,CAD,0.77373646
2026-01-30,CAD,0.77332573
2026-01-31,CAD,0.7714737
2026-02-01,CAD,0.76828137
2026-02-02,CAD,0.76659669
2026-02-03,CAD,0.76652051
2026-02-04,CAD,0.7706472
2026-02-05,CAD,0.76945051
2026-02-06,CAD,0.7699671
2026-02-07,CAD,0.76992916
2026-02-08,CAD,0.7726741
2026-02-09,CAD,0.77853158
2026-02-10,CAD,0.77729169
2026-02-11,CAD,0.77615038
2026-02-12,CAD,0.77858165
2026-02-13,CAD,0.78017438
2026-02-14,CAD,0.78449664
2026-02-15,CAD,0.78587091
2026-02-16,CAD,0.78502384
2026-02-17,CAD,0.78641487
2026-02-18,CAD,0.78903057
2026-02-19,CAD,0.79097273
2026-02-20,CAD,0.79217645
2026-02-21,CAD,0.79471143
2026-02-22,CAD,0.79749919
2026-02-23,CAD,0.800806
2026-02-24,CAD,0.80236448
2026-02-25,CAD,0.80196221
2026-02-26,CAD,0.80231518
2026-02-27,CAD,0.80521919
2026-02-28,CAD,0.80324575
2026-03-01,CAD,0.80413415
2026-03-02,CAD,0.80318526
2026-03-03,CAD,0.80325453
2026-03-04,CAD,0.80633529
2026-03-05,CAD,0.80679756
2026-03-06,CAD,0.80690996
2026-03-07,CAD,0.80361811
2026-03-08,CAD,0.80541722
2026-03-09,CAD,0.80697687
2026-03-10,CAD,0.81221396
2026-03-11,CAD,0.81146402
2026-03-12,CAD,0.81199751
2026-03-13,CAD,0.81260501
2026-03-14,CAD,0.81645055
2026-03-15,CAD,0.81621714
2026-03-16,CAD,0.81690037
2026-03-17,CAD,0.81839014
2026-03-18,CAD,0.8188483
2026-03-19,CAD,0.81775161
2026-03-20,CAD,0.81822776
2026-03-21,CAD,0.82086319
2026-03-22,CAD,0.8183353
2026-03-23,CAD,0.81866174
2026-03-24,CAD,0.81694226
2026-03-25,CAD,0.81987111
2026-03-26,CAD,0.81612466
2026-03-27,CAD,0.81475621
2026-03-28,CAD,0.81567822
2026-03-29,CAD,0.81950911
2026-03-30,CAD,0.81934746
2026-03-31,CAD,0.81798276
2026-04-01,CAD,0.82259902
2026-04-02,CAD,0.81902561
2026-04-03,CAD,0.81362298
2026-04-04,CAD,0.814697
2026-04-05,CAD,0.81346993
2026-04-06,CAD,0.8109777
2026-04-07,CAD,0.81270109
2026-04-08,CAD,0.8132955
2026-04-09,CAD,0.81191921
2026-04-10,CAD,0.8088007
2026-04-11,CAD,0.81091763
2026-04-12,CAD,0.81249941
2026-04-13,CAD,0.81225767
2026-04-14,CAD,0.8167575
2026-04-15,CAD,0.81413551
2026-04-16,CAD,0.81040955
2026-04-17,CAD,0.80872737
2026-04-18,CAD,0.80861677
2026-04-19,CAD,0.80920707
2026-04-20,CAD,0.80862144
2026-04-21,CAD,0.80947548
2026-04-22,CAD,0.80643621
2026-04-23,CAD,0.80992912
2026-04-24,CAD,0.80972951
2026-04-25,CAD,0.81244363
2026-04-26,CAD,0.81327897
2026-04-27,CAD,0.81439337
2026-04-28,CAD,0.81578542
2026-04-29,CAD,0.81688112
2026-04-30,CAD,0.8184562
2026-05-01,CAD,0.82171976
2026-05-02,CAD,0.82220422
2026-05-03,CAD,0.82395306
2026-05-04,CAD,0.82373124
2026-05-05,CAD,0.82729005
2026-05-06,CAD,0.82561133
2026-05-07,CAD,0.83007196
2026-05-08,CAD,0.82997196
2026-05-09,CAD,0.82640945
2026-05-10,CAD,0.82672705
2026-05-11,CAD,0.82503792
2026-05-12,CAD,0.82711861
2026-05-13,CAD,0.82549922
2026-05-14,CAD,0.82439424
2026-05-15,CAD,0.81972106
2026-05-16,CAD,0.81860877
2026-05-17,CAD,0.81265614
2026-05-18,CAD,0.80879464
2026-05-19,CAD,0.81063969
2026-05-20,CAD,0.8125507
2026-05-21,CAD,0.81358781
2026-05-22,CAD,0.81122765
2026-05-23,CAD,0.81111154
2026-05-24,CAD,0.81110277
2026-05-25,CAD,0.80828412
2026-05-26,CAD,0.81192963
2026-05-27,CAD,0.8140667
2026-05-28,CAD,0.81352707
2026-05-29,CAD,0.81359268
2026-05-30,CAD,0.8141013
2026-05-31,CAD,0.80911476
2026-06-01,CAD,0.80851478
2026-06-02,CAD,0.80686059
2026-06-03,CAD,0.80443609
2026-06-04,CAD,0.80375771
2026-06-05,CAD,0.80809242
2026-06-06,CAD,0.809646
2026-06-07,CAD,0.80825864
2026-06-08,CAD,0.80964703
2026-06-09,CAD,0.81304598
2026-06-10,CAD,0.81530129
2026-06-11,CAD,0.81544714
2026-06-12,CAD,0.81386451
2026-06-13,CAD,0.81556929
2026-06-14,CAD,0.81653203
2026-06-15,CAD,0.8187249
2026-06-16,CAD,0.82028499
2026-06-17,CAD,0.82286779
2026-06-18,CAD,0.8215465
2026-06-19,CAD,0.8247934
2026-06-20,CAD,0.82528234
2026-06-21,CAD,0.83042037
2026-06-22,CAD,0.82870342
2026-06-23,CAD,0.83301922
2026-06-24,CAD,0.83351381
2026-06-25,CAD,0.83188491
2026-06-26,CAD,0.8306773
2026-06-27,CAD,0.82987898
2026-06-28,CAD,0.830935
2026-06-29,CAD,0.83223833
2026-06-30,CAD,0.83080597
2026-07-01,CAD,0.83074526
2026-07-02,CAD,0.83608431
2026-07-03,CAD,0.84041742
2026-07-04,CAD,0.8415175
2026-07-05,CAD,0.84161345
2026-07-06,CAD,0.84191651
2026-07-07,CAD,0.8434661
2026-07-08,CAD,0.84087803
2026-07-09,CAD,0.84022876
2026-07-10,CAD,0.83602278
2026-07-11,CAD,0.83702406
2026-07-12,CAD,0.83864922
2026-07-13,CAD,0.83743354
2026-07-14,CAD,0.84138787
2026-07-15,CAD,0.83829384
2026-07-16,CAD,0.83461111
2026-07-17,CAD,0.8351731
2026-07-18,CAD,0.83779662
2026-07-19,CAD,0.84202899
2026-07-20,CAD,0.84086981
2026-07-21,CAD,0.8435909
2026-07-22,CAD,0.84349344
2026-07-23,CAD,0.84305661
2026-07-24,CAD,0.84529154
2026-07-25,CAD,0.84694575
2026-07-26,CAD,0.84294039
2026-07-27,CAD,0.8466743
2026-07-28,CAD,0.85017976
2026-07-29,CAD,0.84858424
2026-07-30,CAD,0.84959186
2026-07-31,CAD,0.85085103
2026-08-01,CAD,0.85151641
2026-08-02,CAD,0.85011063
2026-08-03,CAD,0.84839777
2026-08-04,CAD,0.84833273
2026-08-05,CAD,0.85131732
2026-08-06,CAD,0.85270565
2026-08-07,CAD,0.85175758
2026-08-08,CAD,0.85372948
2026-08-09,CAD,0.84643382
2026-08-10,CAD,0.84935089
2026-08-11,CAD,0.844918
2026-08-12,CAD,0.84399931
2026-08-13,CAD,0.8411643
2026-08-14,CAD,0.83789718
2026-08-15,CAD,0.84081514
2026-08-16,CAD,0.83963539
2026-08-17,CAD,0.8405082
2026-08-18,CAD,0.84038989
2026-08-19,CAD,0.84159259
2026-08-20,CAD,0.84178655
2026-08-21,CAD,0.83854654
2026-08-22,CAD,0.84105278
2026-08-23,CAD,0.83980696
2026-08-24,CAD,0.83588527
2026-08-25,CAD,0.83481171
2026-08-26,CAD,0.83857026
2026-08-27,CAD,0.84070917
2026-08-28,CAD,0.83982983
2026-08-29,CAD,0.83894988
2026-08-30,CAD,0.83814037
2026-08-31,CAD,0.84336219
2026-09-01,CAD,0.84432852
2026-09-02,CAD,0.84541781
2026-09-03,CAD,0.84803087
2026-09-04,CAD,0.84863837
2026-09-05,CAD,0.84797887
2026-09-06,CAD,0.84747937
2026-09-07,CAD,0.84729733
2026-09-08,CAD,0.84720271
2026-09-09,CAD,0.84905206
2026-09-10,CAD,0.84918438
2026-09-11,CAD,0.85105082
2026-09-12,CAD,0.85084474
2026-09-13,CAD,0.85104545
2026-09-14,CAD,0.84594378
2025-09-14,BRL,0.18049482
2025-09-15,BRL,0.18068244
2025-09-16,BRL,0.1812234
2025-09-17,BRL,0.1796488
2025-09-18,BRL,0.18077432
2025-09-19,BRL,0.18069862
2025-09-20,BRL,0.18129936
2025-09-21,BRL,0.18073375
2025-09-22,BRL,0.181066
2025-09-23,BRL,0.18049379
2025-09-24,BRL,0.18015603
2025-09-25,BRL,0.1811905
2025-09-26,BRL,0.18108685
2025-09-27,BRL,0.18120497
2025-09-28,BRL,0.18167796
2025-09-29,BRL,0.18194812
2025-09-30,BRL,0.18203022
2025-10-01,BRL,0.18222953
2025-10-02,BRL,0.18354345
2025-10-03,BRL,0.18351172
2025-10-04,BRL,0.18362243
2025-10-05,BRL,0.1842012
2025-10-06,BRL,0.18481212
2025-10-07,BRL,0.18547025
2025-10-08,BRL,0.18582565
2025-10-09,BRL,0.18518845
2025-10-10,BRL,0.18609593
2025-10-11,BRL,0.18545594
2025-10-12,BRL,0.18562431
2025-10-13,BRL,0.18520428
2025-10-14,BRL,0.18516864
2025-10-15,BRL,0.18535127
2025-10-16,BRL,0.18552996
2025-10-17,BRL,0.1857648
2025-10-18,BRL,0.18666411
2025-10-19,BRL,0.18691809
2025-10-20,BRL,0.18678118
2025-10-21,BRL,0.1873214
2025-10-22,BRL,0.18798984
2025-10-23,BRL,0.1872975
2025-10-24,BRL,0.18763318
2025-10-25,BRL,0.18802787
2025-10-26,BRL,0.18786002
2025-10-27,BRL,0.18863534
2025-10-28,BRL,0.18855042
2025-10-29,BRL,0.18862145
2025-10-30,BRL,0.18852352
2025-10-31,BRL,0.18853233
2025-11-01,BRL,0.18791228
2025-11-02,BRL,0.18710047
2025-11-03,BRL,0.18799547
2025-11-04,BRL,0.18751779
2025-11-05,BRL,0.18696008
2025-11-06,BRL,0.18575229
2025-11-07,BRL,0.18539622
2025-11-08,BRL,0.18466033
2025-11-09,BRL,0.18556998
2025-11-10,BRL,0.18613215
2025-11-11,BRL,0.18574789
2025-11-12,BRL,0.18700305
2025-11-13,BRL,0.18755383
2025-11-14,BRL,0.18737106
2025-11-15,BRL,0.18596611
2025-11-16,BRL,0.18724422
2025-11-17,BRL,0.18646365
2025-11-18,BRL,0.18554323
2025-11-19,BRL,0.18611243
2025-11-20,BRL,0.18747463
2025-11-21,BRL,0.18825318
2025-11-22,BRL,0.18857165
2025-11-23,BRL,0.18890811
2025-11-24,BRL,0.18939177
2025-11-25,BRL,0.18982297
2025-11-26,BRL,0.1899831
2025-11-27,BRL,0.19004249
2025-11-28,BRL,0.1900068
2025-11-29,BRL,0.18957703
2025-11-30,BRL,0.1894174
2025-12-01,BRL,0.18845537
2025-12-02,BRL,0.18839977
2025-12-03,BRL,0.18784102
2025-12-04,BRL,0.18721913
2025-12-05,BRL,0.18732016
2025-12-06,BRL,0.18810241
2025-12-07,BRL,0.18862063
2025-12-08,BRL,0.18773194
2025-12-09,BRL,0.18717459
2025-12-10,BRL,0.18770285
2025-12-11,BRL,0.18714961
2025-12-12,BRL,0.18702349
2025-12-13,BRL,0.1873321
2025-12-14,BRL,0.1867879
2025-12-15,BRL,0.18684695
2025-12-16,BRL,0.18609917
2025-12-17,BRL,0.18576343
2025-12-18,BRL,0.18594164
2025-12-19,BRL,0.18505303
2025-12-20,BRL,0.18529756
2025-12-21,BRL,0.18528664
2025-12-22,BRL,0.18559375
2025-12-23,BRL,0.18571842
2025-12-24,BRL,0.18647846
2025-12-25,BRL,0.18654852
2025-12-26,BRL,0.1863082
2025-12-27,BRL,0.18637656
2025-12-28,BRL,0.18668033
2025-12-29,BRL,0.18670769
2025-12-30,BRL,0.18673043
2025-12-31,BRL,0.18633718
2026-01-01,BRL,0.18596661
2026-01-02,BRL,0.1851841
2026-01-03,BRL,0.18615608
2026-01-04,BRL,0.18546142
2026-01-05,BRL,0.1850759
2026-01-06,BRL,0.18467702
2026-01-07,BRL,0.18517284
2026-01-08,BRL,0.18500899
2026-01-09,BRL,0.18570152
2026-01-10,BRL,0.18532631
2026-01-11,BRL,0.18548143
2026-01-12,BRL,0.1850166
2026-01-13,BRL,0.18620727
2026-01-14,BRL,0.18554385
2026-01-15,BRL,0.1857163
2026-01-16,BRL,0.18606941
2026-01-17,BRL,0.1863004
2026-01-18,BRL,0.18619684
2026-01-19,BRL,0.18612432
2026-01-20,BRL,0.18614879
2026-01-21,BRL,0.1860667
2026-01-22,BRL,0.18660473
2026-01-23,BRL,0.18784221
2026-01-24,BRL,0.18752805
2026-01-25,BRL,0.18675742
2026-01-26,BRL,0.18670796
2026-01-27,BRL,0.18815292
2026-01-28,BRL,0.18769928
2026-01-29,BRL,0.18862226
2026-01-30,BRL,0.18957162
2026-01-31,BRL,0.18925678
2026-02-01,BRL,0.18957983
2026-02-02,BRL,0.19050597
2026-02-03,BRL,0.19028929
2026-02-04,BRL,0.19017307
2026-02-05,BRL,0.18984121
2026-02-06,BRL,0.18926328
2026-02-07,BRL,0.18889463
2026-02-08,BRL,0.18820104
2026-02-09,BRL,0.18822029
2026-02-10,BRL,0.18778551
2026-02-11,BRL,0.18791722
2026-02-12,BRL,0.18704008
2026-02-13,BRL,0.18722574
2026-02-14,BRL,0.18769392
2026-02-15,BRL,0.18657128
2026-02-16,BRL,0.18678065
2026-02-17,BRL,0.18746856
2026-02-18,BRL,0.18678825
2026-02-19,BRL,0.1877255
2026-02-20,BRL,0.18796148
2026-02-21,BRL,0.18756394
2026-02-22,BRL,0.18753256
2026-02-23,BRL,0.18784667
2026-02-24,BRL,0.1878895
2026-02-25,BRL,0.18819318
2026-02-26,BRL,0.18767339
2026-02-27,BRL,0.18776874
2026-02-28,BRL,0.18697239
2026-03-01,BRL,0.18691
2026-03-02,BRL,0.18640315
2026-03-03,BRL,0.18599184
2026-03-04,BRL,0.18668155
2026-03-05,BRL,0.18729273
2026-03-06,BRL,0.18763499
2026-03-07,BRL,0.18702012
2026-03-08,BRL,0.1868426
2026-03-09,BRL,0.18752257
2026-03-10,BRL,0.1876023
2026-03-11,BRL,0.18890763
2026-03-12,BRL,0.18913053
2026-03-13,BRL,0.1892395
2026-03-14,BRL,0.18906401
2026-03-15,BRL,0.18913975
2026-03-16,BRL,0.18905324
2026-03-17,BRL,0.18945485
2026-03-18,BRL,0.18999861
2026-03-19,BRL,0.18955059
2026-03-20,BRL,0.18879359
2026-03-21,BRL,0.1877536
2026-03-22,BRL,0.18803973
2026-03-23,BRL,0.1874173
2026-03-24,BRL,0.18620683
2026-03-25,BRL,0.1864239
2026-03-26,BRL,0.18781816
2026-03-27,BRL,0.18781474
2026-03-28,BRL,0.18828718
2026-03-29,BRL,0.18833341
2026-03-30,BRL,0.18827753
2026-03-31,BRL,0.18879666
2026-04-01,BRL,0.18863225
2026-04-02,BRL,0.18878357
2026-04-03,BRL,0.18896576
2026-04-04,BRL,0.18858702
2026-04-05,BRL,0.18914828
2026-04-06,BRL,0.189049
2026-04-07,BRL,0.18862038
2026-04-08,BRL,0.18892397
2026-04-09,BRL,0.18841475
2026-04-10,BRL,0.18843067
2026-04-11,BRL,0.18842552
2026-04-12,BRL,0.18903935
2026-04-13,BRL,0.18930856
2026-04-14,BRL,0.18929435
2026-04-15,BRL,0.18975874
2026-04-16,BRL,0.19055015
2026-04-17,BRL,0.19086903
2026-04-18,BRL,0.19087496
2026-04-19,BRL,0.19012377
2026-04-20,BRL,0.18951626
2026-04-21,BRL,0.18934272
2026-04-22,BRL,0.1889965
2026-04-23,BRL,0.18889049
2026-04-24,BRL,0.18892259
2026-04-25,BRL,0.1892228
2026-04-26,BRL,0.18918278
2026-04-27,BRL,0.1894589
2026-04-28,BRL,0.18949554
2026-04-29,BRL,0.18837252
2026-04-30,BRL,0.18784168
2026-05-01,BRL,0.18776048
2026-05-02,BRL,0.18707909
2026-05-03,BRL,0.18741579
2026-05-04,BRL,0.18827645
2026-05-05,BRL,0.18896484
2026-05-06,BRL,0.18884384
2026-05-07,BRL,0.18968839
2026-05-08,BRL,0.18977299
2026-05-09,BRL,0.18958108
2026-05-10,BRL,0.18923221
2026-05-11,BRL,0.1890605
2026-05-12,BRL,0.18884033
2026-05-13,BRL,0.18893688
2026-05-14,BRL,0.18902789
2026-05-15,BRL,0.18902962
2026-05-16,BRL,0.1892774
2026-05-17,BRL,0.18995349
2026-05-18,BRL,0.1904946
2026-05-19,BRL,0.18964601
2026-05-20,BRL,0.18819298
2026-05-21,BRL,0.18872048
2026-05-22,BRL,0.18794661
2026-05-23,BRL,0.18781987
2026-05-24,BRL,0.18716056
2026-05-25,BRL,0.18614878
2026-05-26,BRL,0.18645116
2026-05-27,BRL,0.1868758
2026-05-28,BRL,0.18655259
2026-05-29,BRL,0.18510249
2026-05-30,BRL,0.18479916
2026-05-31,BRL,0.18501638
2026-06-01,BRL,0.18419551
2026-06-02,BRL,0.18429683
2026-06-03,BRL,0.18428836
2026-06-04,BRL,0.18460863
2026-06-05,BRL,0.18467486
2026-06-06,BRL,0.18413576
2026-06-07,BRL,0.18479675
2026-06-08,BRL,0.18470886
2026-06-09,BRL,0.18469373
2026-06-10,BRL,0.18417663
2026-06-11,BRL,0.1839317
2026-06-12,BRL,0.18344347
2026-06-13,BRL,0.18334829
2026-06-14,BRL,0.18428981
2026-06-15,BRL,0.18353133
2026-06-16,BRL,0.18264291
2026-06-17,BRL,0.18344901
2026-06-18,BRL,0.18333381
2026-06-19,BRL,0.18296582
2026-06-20,BRL,0.18353662
2026-06-21,BRL,0.18320316
2026-06-22,BRL,0.18420675
2026-06-23,BRL,0.18458139
2026-06-24,BRL,0.18431121
2026-06-25,BRL,0.18550406
2026-06-26,BRL,0.18516697
2026-06-27,BRL,0.1855792
2026-06-28,BRL,0.18574583
2026-06-29,BRL,0.18647121
2026-06-30,BRL,0.18734474
2026-07-01,BRL,0.18736273
2026-07-02,BRL,0.18693924
2026-07-03,BRL,0.1871972
2026-07-04,BRL,0.1868166
2026-07-05,BRL,0.18794501
2026-07-06,BRL,0.18802199
2026-07-07,BRL,0.18781592
2026-07-08,BRL,0.18791998
2026-07-09,BRL,0.18716053
2026-07-10,BRL,0.18661498
2026-07-11,BRL,0.18728703
2026-07-12,BRL,0.18691794
2026-07-13,BRL,0.18633088
2026-07-14,BRL,0.18663087
2026-07-15,BRL,0.18729474
2026-07-16,BRL,0.18769871
2026-07-17,BRL,0.18825958
2026-07-18,BRL,0.18783215
2026-07-19,BRL,0.18703097
2026-07-20,BRL,0.18787336
2026-07-21,BRL,0.18769149
2026-07-22,BRL,0.18755025
2026-07-23,BRL,0.18829756
2026-07-24,BRL,0.18861177
2026-07-25,BRL,0.18886973
2026-07-26,BRL,0.19009644
2026-07-27,BRL,0.18972945
2026-07-28,BRL,0.19025756
2026-07-29,BRL,0.1902901
2026-07-30,BRL,0.19044343
2026-07-31,BRL,0.19131669
2026-08-01,BRL,0.19160817
2026-08-02,BRL,0.19191759
2026-08-03,BRL,0.19253509
2026-08-04,BRL,0.19232429
2026-08-05,BRL,0.19184009
2026-08-06,BRL,0.19123878
2026-08-07,BRL,0.19011065
2026-08-08,BRL,0.19128337
2026-08-09,BRL,0.1906503
2026-08-10,BRL,0.19052375
2026-08-11,BRL,0.19036553
2026-08-12,BRL,0.19054109
2026-08-13,BRL,0.19100739
2026-08-14,BRL,0.19150046
2026-08-15,BRL,0.19116548
2026-08-16,BRL,0.19106963
2026-08-17,BRL,0.19123161
2026-08-18,BRL,0.19108894
2026-08-19,BRL,0.19201038
2026-08-20,BRL,0.19229319
2026-08-21,BRL,0.19271713
2026-08-22,BRL,0.19310037
2026-08-23,BRL,0.19378017
2026-08-24,BRL,0.1938854
2026-08-25,BRL,0.19313109
2026-08-26,BRL,0.19336267
2026-08-27,BRL,0.19298483
2026-08-28,BRL,0.19267878
2026-08-29,BRL,0.19301772
2026-08-30,BRL,0.19373475
2026-08-31,BRL,0.19374712
2026-09-01,BRL,0.19392662
2026-09-02,BRL,0.19491694
2026-09-03,BRL,0.19505772
2026-09-04,BRL,0.19658015
2026-09-05,BRL,0.19691366
2026-09-06,BRL,0.1958735
2026-09-07,BRL,0.19631618
2026-09-08,BRL,0.19654066
2026-09-09,BRL,0.19730113
2026-09-10,BRL,0.19769959
2026-09-11,BRL,0.19761747
2026-09-12,BRL,0.19689164
2026-09-13,BRL,0.19676818
2026-09-14,BRL,0.19626611
2025-09-14,SGD,0.74869382
2025-09-15,SGD,0.75001582
2025-09-16,SGD,0.75377318
2025-09-17,SGD,0.75466566
2025-09-18,SGD,0.75195818
2025-09-19,SGD,0.75296115
2025-09-20,SGD,0.7556642
2025-09-21,SGD,0.75428183
2025-09-22,SGD,0.75397857
2025-09-23,SGD,0.75401179
2025-09-24,SGD,0.75223633
2025-09-25,SGD,0.75369931
2025-09-26,SGD,0.75342583
2025-09-27,SGD,0.75437409
2025-09-28,SGD,0.75236559
2025-09-29,SGD,0.7513782
2025-09-30,SGD,0.75300655
2025-10-01,SGD,0.75216431
2025-10-02,SGD,0.75606119
2025-10-03,SGD,0.75515474
2025-10-04,SGD,0.75566376
2025-10-05,SGD,0.75777793
2025-10-06,SGD,0.75455351
2025-10-07,SGD,0.75056764
2025-10-08,SGD,0.74713232
2025-10-09,SGD,0.74996227
2025-10-10,SGD,0.74872065
2025-10-11,SGD,0.75446678
2025-10-12,SGD,0.75318966
2025-10-13,SGD,0.75360667
2025-10-14,SGD,0.7570931
2025-10-15,SGD,0.7616495
2025-10-16,SGD,0.76635993
2025-10-17,SGD,0.76913806
2025-10-18,SGD,0.77150099
2025-10-19,SGD,0.7728724
2025-10-20,SGD,0.77467712
2025-10-21,SGD,0.77339615
2025-10-22,SGD,0.77149777
2025-10-23,SGD,0.77148996
2025-10-24,SGD,0.77109608
2025-10-25,SGD,0.77004763
2025-10-26,SGD,0.77165638
2025-10-27,SGD,0.77386788
2025-10-28,SGD,0.77407313
2025-10-29,SGD,0.77750428
2025-10-30,SGD,0.77484127
2025-10-31,SGD,0.77439111
2025-11-01,SGD,0.77272581
2025-11-02,SGD,0.76839884
2025-11-03,SGD,0.76820825
2025-11-04,SGD,0.76792767
2025-11-05,SGD,0.77141433
2025-11-06,SGD,0.77287418
2025-11-07,SGD,0.77049947
2025-11-08,SGD,0.77478521
2025-11-09,SGD,0.77762332
2025-11-10,SGD,0.77898128
2025-11-11,SGD,0.778452
2025-11-12,SGD,0.77621137
2025-11-13,SGD,0.77534463
2025-11-14,SGD,0.7778771
2025-11-15,SGD,0.78227503
2025-11-16,SGD,0.78589675
2025-11-17,SGD,0.7847442
2025-11-18,SGD,0.78210836
2025-11-19,SGD,0.78243892
2025-11-20,SGD,0.77828784
2025-11-21,SGD,0.77904239
2025-11-22,SGD,0.77869742
2025-11-23,SGD,0.77760872
2025-11-24,SGD,0.77388855
2025-11-25,SGD,0.77508096
2025-11-26,SGD,0.7738423
2025-11-27,SGD,0.77112631
2025-11-28,SGD,0.76448168
2025-11-29,SGD,0.76441857
2025-11-30,SGD,0.7684828
2025-12-01,SGD,0.77231275
2025-12-02,SGD,0.77125368
2025-12-03,SGD,0.76986031
2025-12-04,SGD,0.77094298
2025-12-05,SGD,0.76863389
2025-12-06,SGD,0.76932979
2025-12-07,SGD,0.77109789
2025-12-08,SGD,0.77393615
2025-12-09,SGD,0.77370361
2025-12-10,SGD,0.77323086
2025-12-11,SGD,0.77119421
2025-12-12,SGD,0.76928116
2025-12-13,SGD,0.76875848
2025-12-14,SGD,0.76960572
2025-12-15,SGD,0.77171502
2025-12-16,SGD,0.76985555
2025-12-17,SGD,0.77330301
2025-12-18,SGD,0.77267403
2025-12-19,SGD,0.7726245
2025-12-20,SGD,0.77089256
2025-12-21,SGD,0.76528607
2025-12-22,SGD,0.76731571
2025-12-23,SGD,0.76901189
2025-12-24,SGD,0.76836286
2025-12-25,SGD,0.76851728
2025-12-26,SGD,0.7697068
2025-12-27,SGD,0.7660987
2025-12-28,SGD,0.76488278
2025-12-29,SGD,0.76670533
2025-12-30,SGD,0.76382032
2025-12-31,SGD,0.764493
2026-01-01,SGD,0.76138171
2026-01-02,SGD,0.7624471
2026-01-03,SGD,0.76236558
2026-01-04,SGD,0.75867161
2026-01-05,SGD,0.76132258
2026-01-06,SGD,0.75964479
2026-01-07,SGD,0.75779828
2026-01-08,SGD,0.75825426
2026-01-09,SGD,0.76086713
2026-01-10,SGD,0.75854842
2026-01-11,SGD,0.75868878
2026-01-12,SGD,0.75966479
2026-01-13,SGD,0.76124438
2026-01-14,SGD,0.76164732
2026-01-15,SGD,0.76080869
2026-01-16,SGD,0.75891977
2026-01-17,SGD,0.7591159
2026-01-18,SGD,0.75667427
2026-01-19,SGD,0.75004273
2026-01-20,SGD,0.75102505
2026-01-21,SGD,0.75306168
2026-01-22,SGD,0.74772338
2026-01-23,SGD,0.74545838
2026-01-24,SGD,0.74684305
2026-01-25,SGD,0.75145292
2026-01-26,SGD,0.7514998
2026-01-27,SGD,0.74985852
2026-01-28,SGD,0.74944708
2026-01-29,SGD,0.75253827
2026-01-30,SGD,0.75107993
2026-01-31,SGD,0.74927916
2026-02-01,SGD,0.74819403
2026-02-02,SGD,0.74605421
2026-02-03,SGD,0.74632876
2026-02-04,SGD,0.7499664
2026-02-05,SGD,0.75069329
2026-02-06,SGD,0.75012497
2026-02-07,SGD,0.74946829
2026-02-08,SGD,0.7459536
2026-02-09,SGD,0.74792988
2026-02-10,SGD,0.74775523
2026-02-11,SGD,0.74735036
2026-02-12,SGD,0.75450947
2026-02-13,SGD,0.75518571
2026-02-14,SGD,0.75348248
2026-02-15,SGD,0.75251872
2026-02-16,SGD,0.75511141
2026-02-17,SGD,0.755368
2026-02-18,SGD,0.75210871
2026-02-19,SGD,0.75418279
2026-02-20,SGD,0.75267109
2026-02-21,SGD,0.75690102
2026-02-22,SGD,0.75935348
2026-02-23,SGD,0.75833446
2026-02-24,SGD,0.76124878
2026-02-25,SGD,0.76140374
2026-02-26,SGD,0.76335166
2026-02-27,SGD,0.76446172
2026-02-28,SGD,0.7625207
2026-03-01,SGD,0.76104854
2026-03-02,SGD,0.76340009
2026-03-03,SGD,0.76263339
2026-03-04,SGD,0.76170988
2026-03-05,SGD,0.7595273
2026-03-06,SGD,0.7604925
2026-03-07,SGD,0.76519811
2026-03-08,SGD,0.76274749
2026-03-09,SGD,0.76280291
2026-03-10,SGD,0.76603464
2026-03-11,SGD,0.76585162
2026-03-12,SGD,0.76689097
2026-03-13,SGD,0.76444675
2026-03-14,SGD,0.765429
2026-03-15,SGD,0.76499927
2026-03-16,SGD,0.76726151
2026-03-17,SGD,0.76999462
2026-03-18,SGD,0.77597647
2026-03-19,SGD,0.77732582
2026-03-20,SGD,0.77808557
2026-03-21,SGD,0.77853931
2026-03-22,SGD,0.77771445
2026-03-23,SGD,0.77850418
2026-03-24,SGD,0.77781427
2026-03-25,SGD,0.77820736
2026-03-26,SGD,0.78128345
2026-03-27,SGD,0.77892427
2026-03-28,SGD,0.7815879
2026-03-29,SGD,0.78467623
2026-03-30,SGD,0.78439829
2026-03-31,SGD,0.77940515
2026-04-01,SGD,0.77798393
2026-04-02,SGD,0.78101106
2026-04-03,SGD,0.78095748
2026-04-04,SGD,0.77861624
2026-04-05,SGD,0.77743716
2026-04-06,SGD,0.77939775
2026-04-07,SGD,0.78067612
2026-04-08,SGD,0.78011653
2026-04-09,SGD,0.77925803
2026-04-10,SGD,0.77834219
2026-04-11,SGD,0.77618834
2026-04-12,SGD,0.77994985
2026-04-13,SGD,0.77919567
2026-04-14,SGD,0.78204088
2026-04-15,SGD,0.78561007
2026-04-16,SGD,0.78796292
2026-04-17,SGD,0.78694262
2026-04-18,SGD,0.78789576
2026-04-19,SGD,0.78783857
2026-04-20,SGD,0.78570265
2026-04-21,SGD,0.7864672
2026-04-22,SGD,0.78368537
2026-04-23,SGD,0.78647768
2026-04-24,SGD,0.78538144
2026-04-25,SGD,0.7858554
2026-04-26,SGD,0.78652327
2026-04-27,SGD,0.78591237
2026-04-28,SGD,0.78729564
2026-04-29,SGD,0.78617397
2026-04-30,SGD,0.78822894
2026-05-01,SGD,0.78504612
2026-05-02,SGD,0.78534376
2026-05-03,SGD,0.78991194
2026-05-04,SGD,0.78754142
2026-05-05,SGD,0.78594016
2026-05-06,SGD,0.78715187
2026-05-07,SGD,0.78757594
2026-05-08,SGD,0.78840438
2026-05-09,SGD,0.78956142
2026-05-10,SGD,0.79106487
2026-05-11,SGD,0.7936984
2026-05-12,SGD,0.79467422
2026-05-13,SGD,0.79409906
2026-05-14,SGD,0.79570133
2026-05-15,SGD,0.80023654
2026-05-16,SGD,0.79991813
2026-05-17,SGD,0.7975795
2026-05-18,SGD,0.80022845
2026-05-19,SGD,0.79993946
2026-05-20,SGD,0.79472544
2026-05-21,SGD,0.79674585
2026-05-22,SGD,0.79546628
2026-05-23,SGD,0.79525024
2026-05-24,SGD,0.79604226
2026-05-25,SGD,0.7964972
2026-05-26,SGD,0.79819242
2026-05-27,SGD,0.79714962
2026-05-28,SGD,0.79837669
2026-05-29,SGD,0.79775504
2026-05-30,SGD,0.79952321
2026-05-31,SGD,0.80099921
2026-06-01,SGD,0.79875135
2026-06-02,SGD,0.80135364
2026-06-03,SGD,0.80006515
2026-06-04,SGD,0.80200465
2026-06-05,SGD,0.80288835
2026-06-06,SGD,0.80731592
2026-06-07,SGD,0.80677469
2026-06-08,SGD,0.80592923
2026-06-09,SGD,0.80588228
2026-06-10,SGD,0.8051493
2026-06-11,SGD,0.80708152
2026-06-12,SGD,0.80316803
2026-06-13,SGD,0.80062918
2026-06-14,SGD,0.79806444
2026-06-15,SGD,0.80033966
2026-06-16,SGD,0.80444687
2026-06-17,SGD,0.8041948
2026-06-18,SGD,0.80378751
2026-06-19,SGD,0.80395643
2026-06-20,SGD,0.80675873
2026-06-21,SGD,0.80451427
2026-06-22,SGD,0.80508959
2026-06-23,SGD,0.80744495
2026-06-24,SGD,0.80865877
2026-06-25,SGD,0.80911869
2026-06-26,SGD,0.81154859
2026-06-27,SGD,0.80496717
2026-06-28,SGD,0.80660418
2026-06-29,SGD,0.80502144
2026-06-30,SGD,0.80060034
2026-07-01,SGD,0.80182815
2026-07-02,SGD,0.80513246
2026-07-03,SGD,0.80480047
2026-07-04,SGD,0.80710109
2026-07-05,SGD,0.8110049
2026-07-06,SGD,0.81420411
2026-07-07,SGD,0.81820991
2026-07-08,SGD,0.82003156
2026-07-09,SGD,0.82021713
2026-07-10,SGD,0.81627525
2026-07-11,SGD,0.81567269
2026-07-12,SGD,0.81360925
2026-07-13,SGD,0.81890814
2026-07-14,SGD,0.81847604
2026-07-15,SGD,0.81877856
2026-07-16,SGD,0.82013319
2026-07-17,SGD,0.82024047
2026-07-18,SGD,0.82441152
2026-07-19,SGD,0.82287156
2026-07-20,SGD,0.82335197
2026-07-21,SGD,0.82151803
2026-07-22,SGD,0.81826476
2026-07-23,SGD,0.816763
2026-07-24,SGD,0.81667225
2026-07-25,SGD,0.81562045
2026-07-26,SGD,0.81392619
2026-07-27,SGD,0.81049227
2026-07-28,SGD,0.81029021
2026-07-29,SGD,0.80663242
2026-07-30,SGD,0.80847168
2026-07-31,SGD,0.80867163
2026-08-01,SGD,0.80513559
2026-08-02,SGD,0.80438873
2026-08-03,SGD,0.80257365
2026-08-04,SGD,0.80334213
2026-08-05,SGD,0.80657265
2026-08-06,SGD,0.80203526
2026-08-07,SGD,0.80231203
2026-08-08,SGD,0.8019266
2026-08-09,SGD,0.80354169
2026-08-10,SGD,0.80405563
2026-08-11,SGD,0.80224176
2026-08-12,SGD,0.80147388
2026-08-13,SGD,0.7995599
2026-08-14,SGD,0.8021409
2026-08-15,SGD,0.80219218
2026-08-16,SGD,0.80676754
2026-08-17,SGD,0.80662072
2026-08-18,SGD,0.80490648
2026-08-19,SGD,0.80125128
2026-08-20,SGD,0.79691698
2026-08-21,SGD,0.7931297
2026-08-22,SGD,0.7937653
2026-08-23,SGD,0.79497673
2026-08-24,SGD,0.7912057
2026-08-25,SGD,0.79333017
2026-08-26,SGD,0.79218049
2026-08-27,SGD,0.79252935
2026-08-28,SGD,0.79636255
2026-08-29,SGD,0.79850518
2026-08-30,SGD,0.79786191
2026-08-31,SGD,0.79572876
2026-09-01,SGD,0.79059198
2026-09-02,SGD,0.78888631
2026-09-03,SGD,0.78838664
2026-09-04,SGD,0.7860518
2026-09-05,SGD,0.78574227
2026-09-06,SGD,0.78592343
2026-09-07,SGD,0.78539327
2026-09-08,SGD,0.78386175
2026-09-09,SGD,0.78425836
2026-09-10,SGD,0.78529814
2026-09-11,SGD,0.78272928
2026-09-12,SGD,0.78604241
2026-09-13,SGD,0.78580993
2026-09-14,SGD,0.78585436
2025-09-14,JPY,0.00671424
2025-09-15,JPY,0.00671893
2025-09-16,JPY,0.00673814
2025-09-17,JPY,0.00674395
2025-09-18,JPY,0.00673156
2025-09-19,JPY,0.00673886
2025-09-20,JPY,0.00671574
2025-09-21,JPY,0.00671792
2025-09-22,JPY,0.00671725
2025-09-23,JPY,0.00671306
2025-09-24,JPY,0.00671047
2025-09-25,JPY,0.00667259
2025-09-26,JPY,0.0066616
2025-09-27,JPY,0.00666346
2025-09-28,JPY,0.00666665
2025-09-29,JPY,0.0066461
2025-09-30,JPY,0.00667134
2025-10-01,JPY,0.006654
2025-10-02,JPY,0.00667335
2025-10-03,JPY,0.00668191
2025-10-04,JPY,0.00666895
2025-10-05,JPY,0.00670447
2025-10-06,JPY,0.00668046
2025-10-07,JPY,0.00669888
2025-10-08,JPY,0.00671899
2025-10-09,JPY,0.00670547
2025-10-10,JPY,0.00673349
2025-10-11,JPY,0.00672843
2025-10-12,JPY,0.00673426
2025-10-13,JPY,0.00673952
2025-10-14,JPY,0.00673681
2025-10-15,JPY,0.00675319
2025-10-16,JPY,0.00676927
2025-10-17,JPY,0.00673376
2025-10-18,JPY,0.00676011
2025-10-19,JPY,0.00672639
2025-10-20,JPY,0.00674723
2025-10-21,JPY,0.00677003
2025-10-22,JPY,0.00674788
2025-10-23,JPY,0.00673956
2025-10-24,JPY,0.0067172
2025-10-25,JPY,0.00671287
2025-10-26,JPY,0.00670667
2025-10-27,JPY,0.00672236
2025-10-28,JPY,0.00674878
2025-10-29,JPY,0.00677704
2025-10-30,JPY,0.00676561
2025-10-31,JPY,0.00676136
2025-11-01,JPY,0.00672722
2025-11-02,JPY,0.00671095
2025-11-03,JPY,0.00673038
2025-11-04,JPY,0.006763
2025-11-05,JPY,0.00673795
2025-11-06,JPY,0.00672598
2025-11-07,JPY,0.00672545
2025-11-08,JPY,0.0067311
2025-11-09,JPY,0.00671475
2025-11-10,JPY,0.00672329
2025-11-11,JPY,0.00671374
2025-11-12,JPY,0.00671344
2025-11-13,JPY,0.00672445
2025-11-14,JPY,0.00672458
2025-11-15,JPY,0.00671577
2025-11-16,JPY,0.00671356
2025-11-17,JPY,0.00671178
2025-11-18,JPY,0.00670433
2025-11-19,JPY,0.00669913
2025-11-20,JPY,0.00673126
2025-11-21,JPY,0.00674258
2025-11-22,JPY,0.00673661
2025-11-23,JPY,0.00675069
2025-11-24,JPY,0.00674393
2025-11-25,JPY,0.00676767
2025-11-26,JPY,0.00677517
2025-11-27,JPY,0.00677299
2025-11-28,JPY,0.00678209
2025-11-29,JPY,0.00675013
2025-11-30,JPY,0.00672731
2025-12-01,JPY,0.00670321
2025-12-02,JPY,0.00670609
2025-12-03,JPY,0.00674094
2025-12-04,JPY,0.00678607
2025-12-05,JPY,0.00679906
2025-12-06,JPY,0.00680927
2025-12-07,JPY,0.00677248
2025-12-08,JPY,0.00676145
2025-12-09,JPY,0.00674547
2025-12-10,JPY,0.00673291
2025-12-11,JPY,0.00672951
2025-12-12,JPY,0.00671998
2025-12-13,JPY,0.00668008
2025-12-14,JPY,0.00669507
2025-12-15,JPY,0.00667352
2025-12-16,JPY,0.00667831
2025-12-17,JPY,0.00671987
2025-12-18,JPY,0.00670133
2025-12-19,JPY,0.00665046
2025-12-20,JPY,0.00664476
2025-12-21,JPY,0.0066667
2025-12-22,JPY,0.00670587
2025-12-23,JPY,0.00668114
2025-12-24,JPY,0.00669109
2025-12-25,JPY,0.00668175
2025-12-26,JPY,0.00667963
2025-12-27,JPY,0.00673262
2025-12-28,JPY,0.00670226
2025-12-29,JPY,0.00670736
2025-12-30,JPY,0.00671677
2025-12-31,JPY,0.00673865
2026-01-01,JPY,0.00674063
2026-01-02,JPY,0.00674686
2026-01-03,JPY,0.00673894
2026-01-04,JPY,0.00674438
2026-01-05,JPY,0.00673743
2026-01-06,JPY,0.00675
2026-01-07,JPY,0.00674251
2026-01-08,JPY,0.00675014
2026-01-09,JPY,0.00674955
2026-01-10,JPY,0.00677235
2026-01-11,JPY,0.0067713
2026-01-12,JPY,0.00673529
2026-01-13,JPY,0.00676078
2026-01-14,JPY,0.00674241
2026-01-15,JPY,0.00672919
2026-01-16,JPY,0.00671716
2026-01-17,JPY,0.00674486
2026-01-18,JPY,0.00670165
2026-01-19,JPY,0.00676473
2026-01-20,JPY,0.00678616
2026-01-21,JPY,0.00679071
2026-01-22,JPY,0.00678959
2026-01-23,JPY,0.00679541
2026-01-24,JPY,0.00680603
2026-01-25,JPY,0.0068192
2026-01-26,JPY,0.00683057
2026-01-27,JPY,0.00683241
2026-01-28,JPY,0.00682836
2026-01-29,JPY,0.00682526
2026-01-30,JPY,0.00682127
2026-01-31,JPY,0.00684447
2026-02-01,JPY,0.00685666
2026-02-02,JPY,0.00679618
2026-02-03,JPY,0.00680955
2026-02-04,JPY,0.00681353
2026-02-05,JPY,0.00681315
2026-02-06,JPY,0.0068052
2026-02-07,JPY,0.00682815
2026-02-08,JPY,0.00684756
2026-02-09,JPY,0.00683169
2026-02-10,JPY,0.00684003
2026-02-11,JPY,0.00682009
2026-02-12,JPY,0.00679186
2026-02-13,JPY,0.00677909
2026-02-14,JPY,0.00679663
2026-02-15,JPY,0.00681607
2026-02-16,JPY,0.00682656
2026-02-17,JPY,0.00684141
2026-02-18,JPY,0.006852
2026-02-19,JPY,0.00683882
2026-02-20,JPY,0.00684768
2026-02-21,JPY,0.00686412
2026-02-22,JPY,0.00687965
2026-02-23,JPY,0.00690419
2026-02-24,JPY,0.00691886
2026-02-25,JPY,0.00692616
2026-02-26,JPY,0.00694839
2026-02-27,JPY,0.00694784
2026-02-28,JPY,0.00692946
2026-03-01,JPY,0.00692607
2026-03-02,JPY,0.00691059
2026-03-03,JPY,0.00689659
2026-03-04,JPY,0.0068936
2026-03-05,JPY,0.00687721
2026-03-06,JPY,0.00687086
2026-03-07,JPY,0.00683183
2026-03-08,JPY,0.0068362
2026-03-09,JPY,0.00683622
2026-03-10,JPY,0.00681947
2026-03-11,JPY,0.00683295
2026-03-12,JPY,0.00685217
2026-03-13,JPY,0.00681913
2026-03-14,JPY,0.00680352
2026-03-15,JPY,0.00678783
2026-03-16,JPY,0.00676869
2026-03-17,JPY,0.00678553
2026-03-18,JPY,0.00678158
2026-03-19,JPY,0.0067762
2026-03-20,JPY,0.00673547
2026-03-21,JPY,0.00674831
2026-03-22,JPY,0.00672322
2026-03-23,JPY,0.00672443
2026-03-24,JPY,0.00673002
2026-03-25,JPY,0.00675749
2026-03-26,JPY,0.00673096
2026-03-27,JPY,0.00666999
2026-03-28,JPY,0.00667367
2026-03-29,JPY,0.00670971
2026-03-30,JPY,0.00673465
2026-03-31,JPY,0.00673889
2026-04-01,JPY,0.00672895
2026-04-02,JPY,0.00674524
2026-04-03,JPY,0.00672554
2026-04-04,JPY,0.00673515
2026-04-05,JPY,0.00674537
2026-04-06,JPY,0.00676682
2026-04-07,JPY,0.00682284
2026-04-08,JPY,0.00683088
2026-04-09,JPY,0.00682045
2026-04-10,JPY,0.00681992
2026-04-11,JPY,0.00678373
2026-04-12,JPY,0.00676959
2026-04-13,JPY,0.00676128
2026-04-14,JPY,0.00675065
2026-04-15,JPY,0.00675373
2026-04-16,JPY,0.00673707
2026-04-17,JPY,0.00675973
2026-04-18,JPY,0.00675973
2026-04-19,JPY,0.00675954
2026-04-20,JPY,0.00675289
2026-04-21,JPY,0.00675604
2026-04-22,JPY,0.00677276
2026-04-23,JPY,0.00675514
2026-04-24,JPY,0.00674181
2026-04-25,JPY,0.00673566
2026-04-26,JPY,0.00670847
2026-04-27,JPY,0.00669198
2026-04-28,JPY,0.00668242
2026-04-29,JPY,0.00669995
2026-04-30,JPY,0.00670522
2026-05-01,JPY,0.00670912
2026-05-02,JPY,0.00672625
2026-05-03,JPY,0.00672347
2026-05-04,JPY,0.00673135
2026-05-05,JPY,0.00672926
2026-05-06,JPY,0.00673462
2026-05-07,JPY,0.00672285
2026-05-08,JPY,0.00667366
2026-05-09,JPY,0.00667097
2026-05-10,JPY,0.00669945
2026-05-11,JPY,0.00671806
2026-05-12,JPY,0.00673752
2026-05-13,JPY,0.0067625
2026-05-14,JPY,0.0067643
2026-05-15,JPY,0.00676831
2026-05-16,JPY,0.00675576
2026-05-17,JPY,0.00674936
2026-05-18,JPY,0.00676183
2026-05-19,JPY,0.00678625
2026-05-20,JPY,0.00678341
2026-05-21,JPY,0.00677425
2026-05-22,JPY,0.00677426
2026-05-23,JPY,0.00678648
2026-05-24,JPY,0.00675708
2026-05-25,JPY,0.00671053
2026-05-26,JPY,0.00669945
2026-05-27,JPY,0.00667492
2026-05-28,JPY,0.00666474
2026-05-29,JPY,0.00666179
2026-05-30,JPY,0.00665273
2026-05-31,JPY,0.00668172
2026-06-01,JPY,0.00668827
2026-06-02,JPY,0.00669429
2026-06-03,JPY,0.00670679
2026-06-04,JPY,0.00668388
2026-06-05,JPY,0.00670471
2026-06-06,JPY,0.00670319
2026-06-07,JPY,0.00671667
2026-06-08,JPY,0.00669507
2026-06-09,JPY,0.00666387
2026-06-10,JPY,0.00668022
2026-06-11,JPY,0.00668776
2026-06-12,JPY,0.00666966
2026-06-13,JPY,0.00665226
2026-06-14,JPY,0.00667472
2026-06-15,JPY,0.0066509
2026-06-16,JPY,0.00668368
2026-06-17,JPY,0.00666562
2026-06-18,JPY,0.00667839
2026-06-19,JPY,0.0066718
2026-06-20,JPY,0.00668388
2026-06-21,JPY,0.00667297
2026-06-22,JPY,0.00666971
2026-06-23,JPY,0.00667053
2026-06-24,JPY,0.00665047
2026-06-25,JPY,0.00666525
2026-06-26,JPY,0.00665499
2026-06-27,JPY,0.00665043
2026-06-28,JPY,0.00663059
2026-06-29,JPY,0.00657962
2026-06-30,JPY,0.00657585
2026-07-01,JPY,0.00662344
2026-07-02,JPY,0.00663903
2026-07-03,JPY,0.00663865
2026-07-04,JPY,0.00663341
2026-07-05,JPY,0.00663386
2026-07-06,JPY,0.00664475
2026-07-07,JPY,0.00662121
2026-07-08,JPY,0.00664334
2026-07-09,JPY,0.0066576
2026-07-10,JPY,0.00667195
2026-07-11,JPY,0.00668072
2026-07-12,JPY,0.00668112
2026-07-13,JPY,0.0066946
2026-07-14,JPY,0.00670649
2026-07-15,JPY,0.00669937
2026-07-16,JPY,0.00668784
2026-07-17,JPY,0.00668988
2026-07-18,JPY,0.00672097
2026-07-19,JPY,0.00669598
2026-07-20,JPY,0.0066665
2026-07-21,JPY,0.0066698
2026-07-22,JPY,0.00667082
2026-07-23,JPY,0.00667429
2026-07-24,JPY,0.00667917
2026-07-25,JPY,0.0066747
2026-07-26,JPY,0.00670453
2026-07-27,JPY,0.00667233
2026-07-28,JPY,0.00665575
2026-07-29,JPY,0.00665369
2026-07-30,JPY,0.00662089
2026-07-31,JPY,0.00661739
2026-08-01,JPY,0.00665038
2026-08-02,JPY,0.00665079
2026-08-03,JPY,0.0066554
2026-08-04,JPY,0.00663024
2026-08-05,JPY,0.00661798
2026-08-06,JPY,0.00661053
2026-08-07,JPY,0.00660423
2026-08-08,JPY,0.00662962
2026-08-09,JPY,0.00664071
2026-08-10,JPY,0.00661857
2026-08-11,JPY,0.00662346
2026-08-12,JPY,0.00663336
2026-08-13,JPY,0.00665605
2026-08-14,JPY,0.00668761
2026-08-15,JPY,0.00666725
2026-08-16,JPY,0.00665103
2026-08-17,JPY,0.00662594
2026-08-18,JPY,0.00662128
2026-08-19,JPY,0.00663055
2026-08-20,JPY,0.00665019
2026-08-21,JPY,0.00664867
2026-08-22,JPY,0.00664229
2026-08-23,JPY,0.00664532
2026-08-24,JPY,0.00662867
2026-08-25,JPY,0.00667022
2026-08-26,JPY,0.00663805
2026-08-27,JPY,0.00664173
2026-08-28,JPY,0.00668205
2026-08-29,JPY,0.00668219
2026-08-30,JPY,0.00667838
2026-08-31,JPY,0.00667122
2026-09-01,JPY,0.0066676
2026-09-02,JPY,0.00669507
2026-09-03,JPY,0.00665064
2026-09-04,JPY,0.00668123
2026-09-05,JPY,0.00665269
2026-09-06,JPY,0.00664737
2026-09-07,JPY,0.00663881
2026-09-08,JPY,0.00665053
2026-09-09,JPY,0.00661865
2026-09-10,JPY,0.00662783
2026-09-11,JPY,0.00666808
2026-09-12,JPY,0.00664081
2026-09-13,JPY,0.00664459
2026-09-14,JPY,0.00663139
2025-09-14,AUD,0.66084326
2025-09-15,AUD,0.66088122
2025-09-16,AUD,0.65960938
2025-09-17,AUD,0.66057479
2025-09-18,AUD,0.66415051
2025-09-19,AUD,0.66377015
2025-09-20,AUD,0.66520341
2025-09-21,AUD,0.66262254
2025-09-22,AUD,0.66072127
2025-09-23,AUD,0.66165766
2025-09-24,AUD,0.66460359
2025-09-25,AUD,0.66531261
2025-09-26,AUD,0.66468777
2025-09-27,AUD,0.66468636
2025-09-28,AUD,0.66219297
2025-09-29,AUD,0.66339389
2025-09-30,AUD,0.66514989
2025-10-01,AUD,0.66424777
2025-10-02,AUD,0.66331109
2025-10-03,AUD,0.66384017
2025-10-04,AUD,0.66297044
2025-10-05,AUD,0.6628389
2025-10-06,AUD,0.66701424
2025-10-07,AUD,0.66651993
2025-10-08,AUD,0.66580341
2025-10-09,AUD,0.66451
2025-10-10,AUD,0.66599357
2025-10-11,AUD,0.66563149
2025-10-12,AUD,0.66433476
2025-10-13,AUD,0.66696812
2025-10-14,AUD,0.66980861
2025-10-15,AUD,0.6686021
2025-10-16,AUD,0.66485819
2025-10-17,AUD,0.66686775
2025-10-18,AUD,0.66549807
2025-10-19,AUD,0.66707655
2025-10-20,AUD,0.66313392
2025-10-21,AUD,0.66490966
2025-10-22,AUD,0.6624937
2025-10-23,AUD,0.66394608
2025-10-24,AUD,0.66397451
2025-10-25,AUD,0.66207433
2025-10-26,AUD,0.66126587
2025-10-27,AUD,0.66262739
2025-10-28,AUD,0.66283789
2025-10-29,AUD,0.664
2025-10-30,AUD,0.66793707
2025-10-31,AUD,0.66480263
2025-11-01,AUD,0.66802801
2025-11-02,AUD,0.66823715
2025-11-03,AUD,0.66643535
2025-11-04,AUD,0.66377564
2025-11-05,AUD,0.66339904
2025-11-06,AUD,0.66523331
2025-11-07,AUD,0.66497876
2025-11-08,AUD,0.66799342
2025-11-09,AUD,0.66508529
2025-11-10,AUD,0.66506117
2025-11-11,AUD,0.66256241
2025-11-12,AUD,0.6632852
2025-11-13,AUD,0.66504998
2025-11-14,AUD,0.66421049
2025-11-15,AUD,0.65902126
2025-11-16,AUD,0.65941459
2025-11-17,AUD,0.66027856
2025-11-18,AUD,0.66107941
2025-11-19,AUD,0.66353026
2025-11-20,AUD,0.66139823
2025-11-21,AUD,0.66274791
2025-11-22,AUD,0.6651189
2025-11-23,AUD,0.66156999
2025-11-24,AUD,0.6622044
2025-11-25,AUD,0.66120279
2025-11-26,AUD,0.66104108
2025-11-27,AUD,0.66173057
2025-11-28,AUD,0.66076333
2025-11-29,AUD,0.65942388
2025-11-30,AUD,0.65949144
2025-12-01,AUD,0.65734035
2025-12-02,AUD,0.65519908
2025-12-03,AUD,0.65653446
2025-12-04,AUD,0.65427179
2025-12-05,AUD,0.65557964
2025-12-06,AUD,0.65648943
2025-12-07,AUD,0.65309051
2025-12-08,AUD,0.65176298
2025-12-09,AUD,0.65409781
2025-12-10,AUD,0.65217247
2025-12-11,AUD,0.65126386
2025-12-12,AUD,0.65216663
2025-12-13,AUD,0.65369933
2025-12-14,AUD,0.65320604
2025-12-15,AUD,0.65203515
2025-12-16,AUD,0.65481745
2025-12-17,AUD,0.65823344
2025-12-18,AUD,0.66016639
2025-12-19,AUD,0.66033536
2025-12-20,AUD,0.65873418
2025-12-21,AUD,0.65709306
2025-12-22,AUD,0.65812308
2025-12-23,AUD,0.65894915
2025-12-24,AUD,0.6617199
2025-12-25,AUD,0.66301114
2025-12-26,AUD,0.66002147
2025-12-27,AUD,0.66210439
2025-12-28,AUD,0.66012193
2025-12-29,AUD,0.65936153
2025-12-30,AUD,0.65985644
2025-12-31,AUD,0.663807
2026-01-01,AUD,0.67000016
2026-01-02,AUD,0.67121968
2026-01-03,AUD,0.67085078
2026-01-04,AUD,0.6719265
2026-01-05,AUD,0.67371582
2026-01-06,AUD,0.6730677
2026-01-07,AUD,0.6766926
2026-01-08,AUD,0.67715966
2026-01-09,AUD,0.67817081
2026-01-10,AUD,0.67952565
2026-01-11,AUD,0.68038508
2026-01-12,AUD,0.68209749
2026-01-13,AUD,0.68083441
2026-01-14,AUD,0.67969408
2026-01-15,AUD,0.67745077
2026-01-16,AUD,0.67834399
2026-01-17,AUD,0.67992915
2026-01-18,AUD,0.68086291
2026-01-19,AUD,0.68428321
2026-01-20,AUD,0.68427172
2026-01-21,AUD,0.68564453
2026-01-22,AUD,0.68339897
2026-01-23,AUD,0.68260534
2026-01-24,AUD,0.68402967
2026-01-25,AUD,0.68577211
2026-01-26,AUD,0.68516732
2026-01-27,AUD,0.68502015
2026-01-28,AUD,0.68190083
2026-01-29,AUD,0.68117045
2026-01-30,AUD,0.68298996
2026-01-31,AUD,0.68416854
2026-02-01,AUD,0.68519616
2026-02-02,AUD,0.68529847
2026-02-03,AUD,0.68531299
2026-02-04,AUD,0.68395541
2026-02-05,AUD,0.68538932
2026-02-06,AUD,0.68625491
2026-02-07,AUD,0.68726786
2026-02-08,AUD,0.68618328
2026-02-09,AUD,0.68175051
2026-02-10,AUD,0.68399447
2026-02-11,AUD,0.6830119
2026-02-12,AUD,0.68124404
2026-02-13,AUD,0.68266133
2026-02-14,AUD,0.68185849
2026-02-15,AUD,0.68402667
2026-02-16,AUD,0.68529282
2026-02-17,AUD,0.68669815
2026-02-18,AUD,0.68388416
2026-02-19,AUD,0.68637064
2026-02-20,AUD,0.68690859
2026-02-21,AUD,0.68614761
2026-02-22,AUD,0.68644277
2026-02-23,AUD,0.68278491
2026-02-24,AUD,0.68362198
2026-02-25,AUD,0.68151088
2026-02-26,AUD,0.6787453
2026-02-27,AUD,0.67564542
2026-02-28,AUD,0.67790076
2026-03-01,AUD,0.67662103
2026-03-02,AUD,0.67973429
2026-03-03,AUD,0.67864168
2026-03-04,AUD,0.67516563
2026-03-05,AUD,0.67290411
2026-03-06,AUD,0.67539886
2026-03-07,AUD,0.67508298
2026-03-08,AUD,0.67397256
2026-03-09,AUD,0.6742961
2026-03-10,AUD,0.67531115
2026-03-11,AUD,0.67757493
2026-03-12,AUD,0.68051933
2026-03-13,AUD,0.67978484
2026-03-14,AUD,0.67708056
2026-03-15,AUD,0.67624071
2026-03-16,AUD,0.67676875
2026-03-17,AUD,0.67481202
2026-03-18,AUD,0.67287433
2026-03-19,AUD,0.67356831
2026-03-20,AUD,0.67347
2026-03-21,AUD,0.67353626
2026-03-22,AUD,0.67200364
2026-03-23,AUD,0.67153915
2026-03-24,AUD,0.66967717
2026-03-25,AUD,0.67146561
2026-03-26,AUD,0.67355101
2026-03-27,AUD,0.66982051
2026-03-28,AUD,0.66795269
2026-03-29,AUD,0.66495386
2026-03-30,AUD,0.66365715
2026-03-31,AUD,0.66349103
2026-04-01,AUD,0.66060555
2026-04-02,AUD,0.65877859
2026-04-03,AUD,0.65679443
2026-04-04,AUD,0.65720283
2026-04-05,AUD,0.65733955
2026-04-06,AUD,0.65591627
2026-04-07,AUD,0.65626421
2026-04-08,AUD,0.65518791
2026-04-09,AUD,0.65465395
2026-04-10,AUD,0.65794055
2026-04-11,AUD,0.66058638
2026-04-12,AUD,0.65801092
2026-04-13,AUD,0.65964884
2026-04-14,AUD,0.66125455
2026-04-15,AUD,0.65897667
2026-04-16,AUD,0.66059534
2026-04-17,AUD,0.66364319
2026-04-18,AUD,0.66140828
2026-04-19,AUD,0.65958775
2026-04-20,AUD,0.66160146
2026-04-21,AUD,0.66214033
2026-04-22,AUD,0.66323579
2026-04-23,AUD,0.66391346
2026-04-24,AUD,0.66469163
2026-04-25,AUD,0.66204654
2026-04-26,AUD,0.66412666
2026-04-27,AUD,0.66645693
2026-04-28,AUD,0.66599829
2026-04-29,AUD,0.66591143
2026-04-30,AUD,0.66285268
2026-05-01,AUD,0.66387531
2026-05-02,AUD,0.66501463
2026-05-03,AUD,0.66489056
2026-05-04,AUD,0.66713327
2026-05-05,AUD,0.66646465
2026-05-06,AUD,0.66759352
2026-05-07,AUD,0.66555136
2026-05-08,AUD,0.66550433
2026-05-09,AUD,0.66515623
2026-05-10,AUD,0.66560582
2026-05-11,AUD,0.66486795
2026-05-12,AUD,0.66460571
2026-05-13,AUD,0.6662527
2026-05-14,AUD,0.66537971
2026-05-15,AUD,0.66217276
2026-05-16,AUD,0.66564834
2026-05-17,AUD,0.66840703
2026-05-18,AUD,0.66581576
2026-05-19,AUD,0.66719341
2026-05-20,AUD,0.66618667
2026-05-21,AUD,0.66671326
2026-05-22,AUD,0.66730175
2026-05-23,AUD,0.66683249
2026-05-24,AUD,0.66526457
2026-05-25,AUD,0.66388639
2026-05-26,AUD,0.66206165
2026-05-27,AUD,0.6604095
2026-05-28,AUD,0.6602764
2026-05-29,AUD,0.6588586
2026-05-30,AUD,0.66020673
2026-05-31,AUD,0.6631524
2026-06-01,AUD,0.66199841
2026-06-02,AUD,0.66247386
2026-06-03,AUD,0.66346695
2026-06-04,AUD,0.66440642
2026-06-05,AUD,0.66455782
2026-06-06,AUD,0.66603848
2026-06-07,AUD,0.66700207
2026-06-08,AUD,0.6645255
2026-06-09,AUD,0.66625823
2026-06-10,AUD,0.66803173
2026-06-11,AUD,0.66650203
2026-06-12,AUD,0.66657789
2026-06-13,AUD,0.66794436
2026-06-14,AUD,0.66752493
2026-06-15,AUD,0.66967365
2026-06-16,AUD,0.67442272
2026-06-17,AUD,0.67283246
2026-06-18,AUD,0.67004482
2026-06-19,AUD,0.67065554
2026-06-20,AUD,0.6721073
2026-06-21,AUD,0.6716418
2026-06-22,AUD,0.67457001
2026-06-23,AUD,0.67186106
2026-06-24,AUD,0.6732577
2026-06-25,AUD,0.672034
2026-06-26,AUD,0.67550044
2026-06-27,AUD,0.67953827
2026-06-28,AUD,0.67797535
2026-06-29,AUD,0.6768576
2026-06-30,AUD,0.67860305
2026-07-01,AUD,0.67781493
2026-07-02,AUD,0.67772259
2026-07-03,AUD,0.6777742
2026-07-04,AUD,0.67387089
2026-07-05,AUD,0.67384292
2026-07-06,AUD,0.67244861
2026-07-07,AUD,0.67145381
2026-07-08,AUD,0.67436181
2026-07-09,AUD,0.67181979
2026-07-10,AUD,0.67345877
2026-07-11,AUD,0.67289516
2026-07-12,AUD,0.67233041
2026-07-13,AUD,0.67392458
2026-07-14,AUD,0.67461209
2026-07-15,AUD,0.67576692
2026-07-16,AUD,0.67772972
2026-07-17,AUD,0.67705611
2026-07-18,AUD,0.67581255
2026-07-19,AUD,0.67361248
2026-07-20,AUD,0.67194446
2026-07-21,AUD,0.67788934
2026-07-22,AUD,0.6804206
2026-07-23,AUD,0.67766271
2026-07-24,AUD,0.67497417
2026-07-25,AUD,0.67594991
2026-07-26,AUD,0.67705968
2026-07-27,AUD,0.67817456
2026-07-28,AUD,0.67765585
2026-07-29,AUD,0.6774008
2026-07-30,AUD,0.67806712
2026-07-31,AUD,0.67824184
2026-08-01,AUD,0.67372618
2026-08-02,AUD,0.67326171
2026-08-03,AUD,0.67154205
2026-08-04,AUD,0.67189504
2026-08-05,AUD,0.67791238
2026-08-06,AUD,0.67865974
2026-08-07,AUD,0.6780214
2026-08-08,AUD,0.6798964
2026-08-09,AUD,0.68088094
2026-08-10,AUD,0.68173904
2026-08-11,AUD,0.68298018
2026-08-12,AUD,0.68719392
2026-08-13,AUD,0.6848625
2026-08-14,AUD,0.68583562
2026-08-15,AUD,0.68392958
2026-08-16,AUD,0.68506938
2026-08-17,AUD,0.68318128
2026-08-18,AUD,0.68232587
2026-08-19,AUD,0.68172183
2026-08-20,AUD,0.68371754
2026-08-21,AUD,0.68560143
2026-08-22,AUD,0.68303923
2026-08-23,AUD,0.6831518
2026-08-24,AUD,0.68169754
2026-08-25,AUD,0.67912378
2026-08-26,AUD,0.67868164
2026-08-27,AUD,0.67805356
2026-08-28,AUD,0.68298989
2026-08-29,AUD,0.68387701
2026-08-30,AUD,0.68105065
2026-08-31,AUD,0.67989673
2026-09-01,AUD,0.68198003
2026-09-02,AUD,0.68625286
2026-09-03,AUD,0.6829877
2026-09-04,AUD,0.67913581
2026-09-05,AUD,0.68294773
2026-09-06,AUD,0.68374599
2026-09-07,AUD,0.68196491
2026-09-08,AUD,0.6830587
2026-09-09,AUD,0.67765759
2026-09-10,AUD,0.67766446
2026-09-11,AUD,0.67833091
2026-09-12,AUD,0.6802118
2026-09-13,AUD,0.67814281
2026-09-14,AUD,0.67831713
2025-09-14,NGN,0.0006482
2025-09-15,NGN,0.00064869
2025-09-16,NGN,0.00064695
2025-09-17,NGN,0.00064616
2025-09-18,NGN,0.00064423
2025-09-19,NGN,0.00064549
2025-09-20,NGN,0.00064715
2025-09-21,NGN,0.00064669
2025-09-22,NGN,0.00064677
2025-09-23,NGN,0.00064396
2025-09-24,NGN,0.00064338
2025-09-25,NGN,0.00064328
2025-09-26,NGN,0.00064834
2025-09-27,NGN,0.00064618
2025-09-28,NGN,0.00064901
2025-09-29,NGN,0.00065095
2025-09-30,NGN,0.0006515
2025-10-01,NGN,0.00065494
2025-10-02,NGN,0.00065567
2025-10-03,NGN,0.00065644
2025-10-04,NGN,0.00065633
2025-10-05,NGN,0.00065874
2025-10-06,NGN,0.00066091
2025-10-07,NGN,0.00065967
2025-10-08,NGN,0.00065706
2025-10-09,NGN,0.00065666
2025-10-10,NGN,0.00065508
2025-10-11,NGN,0.00065496
2025-10-12,NGN,0.00065739
2025-10-13,NGN,0.00065648
2025-10-14,NGN,0.0006564
2025-10-15,NGN,0.00065651
2025-10-16,NGN,0.00065819
2025-10-17,NGN,0.00065375
2025-10-18,NGN,0.00065256
2025-10-19,NGN,0.00065297
2025-10-20,NGN,0.00065532
2025-10-21,NGN,0.00065436
2025-10-22,NGN,0.00065067
2025-10-23,NGN,0.00065188
2025-10-24,NGN,0.00065064
2025-10-25,NGN,0.00064832
2025-10-26,NGN,0.0006471
2025-10-27,NGN,0.00064675
2025-10-28,NGN,0.00064557
2025-10-29,NGN,0.0006413
2025-10-30,NGN,0.00064303
2025-10-31,NGN,0.00064549
2025-11-01,NGN,0.00064675
2025-11-02,NGN,0.00064454
2025-11-03,NGN,0.00064415
2025-11-04,NGN,0.00064414
2025-11-05,NGN,0.00064529
2025-11-06,NGN,0.00064659
2025-11-07,NGN,0.00064516
2025-11-08,NGN,0.00064532
2025-11-09,NGN,0.00064621
2025-11-10,NGN,0.00064903
2025-11-11,NGN,0.0006504
2025-11-12,NGN,0.00065194
2025-11-13,NGN,0.00065211
2025-11-14,NGN,0.00065487
2025-11-15,NGN,0.00065567
2025-11-16,NGN,0.00065398
2025-11-17,NGN,0.00065673
2025-11-18,NGN,0.0006581
2025-11-19,NGN,0.00065723
2025-11-20,NGN,0.00065628
2025-11-21,NGN,0.00065687
2025-11-22,NGN,0.00065778
2025-11-23,NGN,0.00065817
2025-11-24,NGN,0.00065879
2025-11-25,NGN,0.00066215
2025-11-26,NGN,0.00066427
2025-11-27,NGN,0.00066465
2025-11-28,NGN,0.00066653
2025-11-29,NGN,0.00066447
2025-11-30,NGN,0.00066526
2025-12-01,NGN,0.00066887
2025-12-02,NGN,0.00066843
2025-12-03,NGN,0.00066673
2025-12-04,NGN,0.00066543
2025-12-05,NGN,0.00066325
2025-12-06,NGN,0.00066169
2025-12-07,NGN,0.00066096
2025-12-08,NGN,0.00065817
2025-12-09,NGN,0.0006582
2025-12-10,NGN,0.00065998
2025-12-11,NGN,0.00065818
2025-12-12,NGN,0.00066118
2025-12-13,NGN,0.0006622
2025-12-14,NGN,0.00066424
2025-12-15,NGN,0.00066293
2025-12-16,NGN,0.00066463
2025-12-17,NGN,0.00066246
2025-12-18,NGN,0.00066423
2025-12-19,NGN,0.00066457
2025-12-20,NGN,0.00066567
2025-12-21,NGN,0.00066332
2025-12-22,NGN,0.00066154
2025-12-23,NGN,0.00066273
2025-12-24,NGN,0.00066084
2025-12-25,NGN,0.00066176
2025-12-26,NGN,0.00065905
2025-12-27,NGN,0.00066072
2025-12-28,NGN,0.00065828
2025-12-29,NGN,0.00065937
2025-12-30,NGN,0.00066061
2025-12-31,NGN,0.00065923
2026-01-01,NGN,0.00066038
2026-01-02,NGN,0.00066089
2026-01-03,NGN,0.00065983
2026-01-04,NGN,0.00065783
2026-01-05,NGN,0.00065396
2026-01-06,NGN,0.00065464
2026-01-07,NGN,0.00065157
2026-01-08,NGN,0.00065176
2026-01-09,NGN,0.00065124
2026-01-10,NGN,0.00065257
2026-01-11,NGN,0.00065198
2026-01-12,NGN,0.00065133
2026-01-13,NGN,0.00065276
2026-01-14,NGN,0.00065342
2026-01-15,NGN,0.00065404
2026-01-16,NGN,0.00065496
2026-01-17,NGN,0.00065194
2026-01-18,NGN,0.00065342
2026-01-19,NGN,0.00065462
2026-01-20,NGN,0.00065263
2026-01-21,NGN,0.00065215
2026-01-22,NGN,0.00065207
2026-01-23,NGN,0.00065181
2026-01-24,NGN,0.00065246
2026-01-25,NGN,0.00065526
2026-01-26,NGN,0.00065739
2026-01-27,NGN,0.0006548
2026-01-28,NGN,0.00065602
2026-01-29,NGN,0.00065864
2026-01-30,NGN,0.0006594
2026-01-31,NGN,0.00066156
2026-02-01,NGN,0.00066555
2026-02-02,NGN,0.0006676
2026-02-03,NGN,0.0006681
2026-02-04,NGN,0.00067019
2026-02-05,NGN,0.00067048
2026-02-06,NGN,0.00067053
2026-02-07,NGN,0.00066982
2026-02-08,NGN,0.00067297
2026-02-09,NGN,0.00067131
2026-02-10,NGN,0.0006744
2026-02-11,NGN,0.00067541
2026-02-12,NGN,0.00067258
2026-02-13,NGN,0.00067332
2026-02-14,NGN,0.00066908
2026-02-15,NGN,0.00067033
2026-02-16,NGN,0.00067211
2026-02-17,NGN,0.00067092
2026-02-18,NGN,0.00067117
2026-02-19,NGN,0.0006751
2026-02-20,NGN,0.00067408
2026-02-21,NGN,0.00067194
2026-02-22,NGN,0.00067492
2026-02-23,NGN,0.0006789
2026-02-24,NGN,0.0006789
2026-02-25,NGN,0.00068096
2026-02-26,NGN,0.0006837
2026-02-27,NGN,0.00068218
2026-02-28,NGN,0.00068119
2026-03-01,NGN,0.0006837
2026-03-02,NGN,0.00068716
2026-03-03,NGN,0.00068832
2026-03-04,NGN,0.0006865
2026-03-05,NGN,0.0006906
2026-03-06,NGN,0.00068949
2026-03-07,NGN,0.0006888
2026-03-08,NGN,0.00068951
2026-03-09,NGN,0.00069272
2026-03-10,NGN,0.0006945
2026-03-11,NGN,0.00069536
2026-03-12,NGN,0.00069633
2026-03-13,NGN,0.00069642
2026-03-14,NGN,0.00069759
2026-03-15,NGN,0.00069229
2026-03-16,NGN,0.00069168
2026-03-17,NGN,0.00069218
2026-03-18,NGN,0.00068979
2026-03-19,NGN,0.00069059
2026-03-20,NGN,0.00069016
2026-03-21,NGN,0.0006938
2026-03-22,NGN,0.00069707
2026-03-23,NGN,0.0006961
2026-03-24,NGN,0.00069578
2026-03-25,NGN,0.00069563
2026-03-26,NGN,0.00069469
2026-03-27,NGN,0.00069509
2026-03-28,NGN,0.00069351
2026-03-29,NGN,0.00069116
2026-03-30,NGN,0.00069245
2026-03-31,NGN,0.00069376
2026-04-01,NGN,0.00069208
2026-04-02,NGN,0.00069394
2026-04-03,NGN,0.00069263
2026-04-04,NGN,0.00069315
2026-04-05,NGN,0.00069486
2026-04-06,NGN,0.00069479
2026-04-07,NGN,0.00069574
2026-04-08,NGN,0.00069466
2026-04-09,NGN,0.00069425
2026-04-10,NGN,0.00069382
2026-04-11,NGN,0.00069227
2026-04-12,NGN,0.0006919
2026-04-13,NGN,0.00068869
2026-04-14,NGN,0.00068767
2026-04-15,NGN,0.00068708
2026-04-16,NGN,0.00068656
2026-04-17,NGN,0.00068606
2026-04-18,NGN,0.00068593
2026-04-19,NGN,0.00068692
2026-04-20,NGN,0.00068872
2026-04-21,NGN,0.00068738
2026-04-22,NGN,0.0006849
2026-04-23,NGN,0.00068275
2026-04-24,NGN,0.00068176
2026-04-25,NGN,0.00068104
2026-04-26,NGN,0.00067946
2026-04-27,NGN,0.00067682
2026-04-28,NGN,0.0006759
2026-04-29,NGN,0.00067626
2026-04-30,NGN,0.00067747
2026-05-01,NGN,0.00067634
2026-05-02,NGN,0.0006755
2026-05-03,NGN,0.00067362
2026-05-04,NGN,0.00067356
2026-05-05,NGN,0.00067184
2026-05-06,NGN,0.000673
2026-05-07,NGN,0.00066939
2026-05-08,NGN,0.00066867
2026-05-09,NGN,0.00066928
2026-05-10,NGN,0.00066964
2026-05-11,NGN,0.00067505
2026-05-12,NGN,0.00067576
2026-05-13,NGN,0.00067373
2026-05-14,NGN,0.00067353
2026-05-15,NGN,0.00066995
2026-05-16,NGN,0.00066978
2026-05-17,NGN,0.00066811
2026-05-18,NGN,0.00066994
2026-05-19,NGN,0.00066884
2026-05-20,NGN,0.00066861
2026-05-21,NGN,0.00066733
2026-05-22,NGN,0.00067081
2026-05-23,NGN,0.00067017
2026-05-24,NGN,0.00067385
2026-05-25,NGN,0.0006755
2026-05-26,NGN,0.00067647
2026-05-27,NGN,0.00067722
2026-05-28,NGN,0.00067802
2026-05-29,NGN,0.0006741
2026-05-30,NGN,0.00067354
2026-05-31,NGN,0.00067524
2026-06-01,NGN,0.00067514
2026-06-02,NGN,0.0006723
2026-06-03,NGN,0.00067219
2026-06-04,NGN,0.00067563
2026-06-05,NGN,0.00067816
2026-06-06,NGN,0.00067803
2026-06-07,NGN,0.00067997
2026-06-08,NGN,0.00067922
2026-06-09,NGN,0.00067575
2026-06-10,NGN,0.00067387
2026-06-11,NGN,0.00067703
2026-06-12,NGN,0.00067648
2026-06-13,NGN,0.00067598
2026-06-14,NGN,0.00067537
2026-06-15,NGN,0.00067923
2026-06-16,NGN,0.00068254
2026-06-17,NGN,0.00068709
2026-06-18,NGN,0.00068676
2026-06-19,NGN,0.00068737
2026-06-20,NGN,0.00068424
2026-06-21,NGN,0.00068727
2026-06-22,NGN,0.00068487
2026-06-23,NGN,0.00068531
2026-06-24,NGN,0.00068305
2026-06-25,NGN,0.00068185
2026-06-26,NGN,0.00068014
2026-06-27,NGN,0.0006789
2026-06-28,NGN,0.0006778
2026-06-29,NGN,0.00067668
2026-06-30,NGN,0.00067837
2026-07-01,NGN,0.00067613
2026-07-02,NGN,0.00067657
2026-07-03,NGN,0.00067905
2026-07-04,NGN,0.000678
2026-07-05,NGN,0.00067654
2026-07-06,NGN,0.00067607
2026-07-07,NGN,0.00067846
2026-07-08,NGN,0.00067886
2026-07-09,NGN,0.00067778
2026-07-10,NGN,0.00067876
2026-07-11,NGN,0.00067652
2026-07-12,NGN,0.0006779
2026-07-13,NGN,0.00067873
2026-07-14,NGN,0.0006781
2026-07-15,NGN,0.0006764
2026-07-16,NGN,0.0006746
2026-07-17,NGN,0.00067568
2026-07-18,NGN,0.00067817
2026-07-19,NGN,0.00067688
2026-07-20,NGN,0.00067781
2026-07-21,NGN,0.00067356
2026-07-22,NGN,0.00067238
2026-07-23,NGN,0.00067232
2026-07-24,NGN,0.00067048
2026-07-25,NGN,0.0006686
2026-07-26,NGN,0.00066726
2026-07-27,NGN,0.00066785
2026-07-28,NGN,0.00066747
2026-07-29,NGN,0.00066299
2026-07-30,NGN,0.00065877
2026-07-31,NGN,0.00065757
2026-08-01,NGN,0.00065847
2026-08-02,NGN,0.00065305
2026-08-03,NGN,0.00065207
2026-08-04,NGN,0.00065104
2026-08-05,NGN,0.00065375
2026-08-06,NGN,0.00065299
2026-08-07,NGN,0.00065374
2026-08-08,NGN,0.00065402
2026-08-09,NGN,0.00064984
2026-08-10,NGN,0.00065134
2026-08-11,NGN,0.00065176
2026-08-12,NGN,0.00065275
2026-08-13,NGN,0.00066044
2026-08-14,NGN,0.00065631
2026-08-15,NGN,0.00065971
2026-08-16,NGN,0.00065914
2026-08-17,NGN,0.00065971
2026-08-18,NGN,0.00065962
2026-08-19,NGN,0.00065878
2026-08-20,NGN,0.00065765
2026-08-21,NGN,0.0006583
2026-08-22,NGN,0.00065531
2026-08-23,NGN,0.00065678
2026-08-24,NGN,0.00065596
2026-08-25,NGN,0.00065374
2026-08-26,NGN,0.00065286
2026-08-27,NGN,0.00065532
2026-08-28,NGN,0.00065427
2026-08-29,NGN,0.00065497
2026-08-30,NGN,0.00065353
2026-08-31,NGN,0.00065502
2026-09-01,NGN,0.00065637
2026-09-02,NGN,0.00066001
2026-09-03,NGN,0.00065966
2026-09-04,NGN,0.00066098
2026-09-05,NGN,0.00066118
2026-09-06,NGN,0.00066375
2026-09-07,NGN,0.00066231
2026-09-08,NGN,0.00066379
2026-09-09,NGN,0.00066341
2026-09-10,NGN,0.00066328
2026-09-11,NGN,0.00066346
2026-09-12,NGN,0.00066396
2026-09-13,NGN,0.00066373
2026-09-14,NGN,0.00066416
