transaction_id,is_fraud_true,amount_zscore,transactions_last_1h,transactions_last_24h,avg_amount_30d,distinct_countries_30d,geo_mismatch,night_transaction,velocity_score,device_seen_before,shared_card_fingerprint,ip_reputation_score
ch_e4bce1ac6a34451d,False,-0.463,0,0,7739.61,1,False,False,0.0,False,False,0.268
ch_6ad546e8adfc4dbb,False,0.865,0,0,87.24,1,False,False,0.0,False,False,0.082
ch_2d4f8e314a3c4177,False,-0.156,0,0,65.86,1,False,False,0.0,False,False,0.185
ch_e43f09ad06ee49a8,False,-0.475,0,0,68.33,2,True,False,0.0,False,False,0.248
ch_90895a4fa01542ce,False,0.777,0,0,126.21,1,False,False,0.0,False,False,0.066
ch_f2692a9486154bc2,False,-0.489,0,0,77.37,1,False,True,0.0,False,False,0.084
ch_ae5289254b284f9a,False,0.902,0,0,93.14,1,False,False,0.0,False,False,0.151
ch_9c7bb009ea3d4f67,False,-0.463,0,0,11996.04,1,False,False,0.0,False,False,0.08
ch_0f057680b14f4400,False,0.796,0,0,54105.33,1,False,False,0.0,False,False,0.155
ch_df83c31466c14552,False,-0.579,0,0,7240.95,1,False,False,0.0,False,False,0.102
ch_ab300f952393417e,False,-0.216,0,0,81.01,1,False,False,0.0,False,False,0.015
ch_b5a6ecb62b714e35,False,0.596,0,0,90.83,1,False,False,0.0,False,False,0.121
ch_06bc9fb0f0604ecd,False,-1.035,0,0,73.03,1,False,False,0.0,False,False,0.091
ch_b2e24138f7b64f76,False,-1.164,0,0,99.98,1,False,False,0.0,False,False,0.317
ch_2e05af9d250b40e2,False,0.534,0,0,87.81,1,False,False,0.0,False,False,0.066
ch_b4ab1b97bee947eb,False,-0.523,0,0,75.34,1,False,False,0.0,False,False,0.013
ch_c77e0ad8765547d7,False,1.315,0,0,117.95,1,False,False,0.0,False,False,0.126
ch_07472423a52c4695,False,-0.389,0,0,53.97,1,False,False,0.0,False,False,0.032
ch_e0f7c1c47282494a,False,1.267,0,0,97.3,1,False,True,0.0,False,False,0.916
ch_12da5dc327364622,False,-0.441,0,0,9101.11,1,False,False,0.0,False,False,0.089
ch_4d948ad9f5b04db6,False,0.03,0,0,42119.58,1,False,False,0.0,False,False,0.091
ch_16da1af1e523468d,False,0.931,0,0,151.64,1,False,False,0.0,False,False,0.161
ch_db336b904a6848a2,False,-1.558,0,0,75.72,1,False,False,0.0,False,False,0.051
ch_72361d19a9564195,False,-0.942,0,0,65.94,1,False,False,0.0,False,False,0.123
ch_b90d582913494c97,False,0.734,0,0,86.8,1,False,False,0.0,False,False,0.204
ch_bb3ad3a50ff042a9,False,-0.285,0,0,8487.71,1,False,False,0.0,False,False,0.073
ch_9d3ad4f1b6a94afc,True,2.42,0,0,67.31,1,False,False,0.0,False,False,0.052
ch_b4a7ee0c0f774cff,False,-0.441,0,0,9909.22,1,False,False,0.0,True,False,0.034
ch_c8241c59285e4c93,False,-0.197,0,0,163.32,2,True,False,0.0,False,False,0.894
ch_3e97e747cb624f46,False,-0.343,0,0,36733.38,1,False,False,0.0,False,False,0.036
ch_00767f86102e4bca,False,-1.143,0,0,78.78,1,False,False,0.0,False,False,0.151
ch_5f7ab1703a644133,True,0.294,0,0,58.97,2,True,True,0.0,False,False,0.228
ch_83162c1258bd4c5f,False,-0.9,0,0,56534.37,1,False,False,0.0,False,False,0.994
ch_ac435b800b284535,False,0.215,0,0,36376.95,1,False,False,0.0,False,False,0.156
ch_bc8b131edb1c4e1c,False,-0.039,0,0,78.35,1,False,False,0.0,False,False,0.088
ch_969a3de93db34db4,False,-0.441,0,0,9423.15,1,False,False,0.0,False,False,0.169
ch_d4f36e26c3df4eda,False,2.817,0,0,55522.27,1,False,False,0.0,False,False,0.135
ch_325e1f4315f74899,True,0.188,0,0,123.1,2,True,False,0.0,False,False,0.117
ch_c8da8d5cc6404531,False,-0.956,0,0,90.97,1,False,False,0.0,False,False,0.037
ch_df92d492e5804184,False,-1.002,0,0,583.63,1,False,False,0.0,False,False,0.053
ch_94cbfc4c298e456c,True,0.724,0,0,81.01,1,False,False,0.0,False,False,0.051
ch_47379b3cd94d4469,True,-1.14,0,0,85.92,2,True,False,0.0,False,False,0.252
ch_9a807e5ff80d48ce,False,0.169,0,0,148.7,1,False,False,0.0,False,False,0.055
ch_b752b76d83114c82,True,-1.379,0,0,100.87,1,False,False,0.0,True,False,0.655
ch_ad9b6d012a224a7d,False,0.049,0,0,84.36,1,False,False,0.0,False,False,0.119
ch_cb10c6d8af8d4a02,False,1.053,0,0,43273.67,1,False,False,0.0,False,False,0.06
ch_833fee85294d4126,False,0.195,0,0,7777.9,1,False,False,0.0,False,False,0.045
ch_4a2f65ef620840ef,False,-1.113,0,0,342.78,2,True,False,0.0,False,False,0.09
ch_9dde3181c1f6429f,False,-1.262,0,0,70.0,1,False,False,0.0,True,False,0.014
ch_dde8733cefc64280,False,-1.375,0,0,47600.9,1,False,False,0.0,True,False,0.153
ch_a353ccd42f0b4eaf,False,0.142,0,0,8833.36,1,False,False,0.0,False,False,0.064
ch_67d9a478784e4ba2,False,-0.28,0,0,154.91,1,False,False,0.0,False,False,0.092
ch_56ab01694ef64094,False,1.861,0,0,119.26,1,False,False,0.0,False,False,0.284
ch_f1929ca08105492a,False,-1.558,0,0,107.97,1,False,False,0.0,False,False,0.092
ch_7c44cd1f5a2a43cd,False,1.06,0,0,53344.09,1,False,True,0.0,False,False,0.16
ch_95158f89b055441b,False,-0.441,0,0,70.47,1,False,False,0.0,False,False,0.332
ch_eefee0d0bbb14f45,False,-1.359,0,0,59.99,1,False,False,0.0,False,False,0.078
ch_8d4547a9bf8b4692,False,0.167,0,0,46821.67,1,False,False,0.0,False,False,0.025
ch_c9f9fba1c88e4852,False,-1.14,0,0,90.19,1,False,False,0.0,False,False,0.04
ch_055a7b23c6884faa,False,0.508,0,0,90.5,1,False,False,0.0,True,False,0.093
ch_cbe58dd44ee34048,False,-1.073,0,0,105.03,1,False,False,0.0,False,False,0.246
ch_d95d32ecbe6a46f5,False,-1.137,0,0,66.91,1,False,False,0.0,False,False,0.11
ch_409374a305574456,False,-0.841,0,0,110.0,1,False,False,0.0,False,False,0.005
ch_92c1d891e9ca4332,False,-0.172,0,0,76.17,1,False,False,0.0,False,False,0.166
ch_f985de1b70b649cf,False,0.268,0,0,92.33,1,False,False,0.0,False,False,0.016
ch_49bb3f8b713b4a31,False,-0.819,0,0,65.3,1,False,False,0.0,False,False,0.041
ch_f37e96014a924751,False,0.049,0,0,93.81,1,False,False,0.0,False,False,0.12
ch_f10af38caf464d58,True,1.463,0,0,165.41,1,False,False,0.0,False,False,0.858
ch_3aa399080bc5427b,False,-0.773,0,0,79.92,1,False,False,0.0,False,False,0.049
ch_92ab0f017ea8425a,False,0.088,0,0,112.32,1,False,False,0.0,False,False,0.181
ch_5e2dfbbae87a4143,False,-1.292,0,0,108.82,1,False,False,0.0,False,False,0.081
ch_0a034ca39aeb4398,False,-0.45,0,0,68.17,1,False,False,0.0,False,False,0.206
ch_2b99141273f84b9d,True,0.577,0,0,50065.17,1,False,False,0.0,False,False,0.604
ch_16fc3d57db324d22,False,-0.172,0,0,105.52,1,False,False,0.0,False,False,0.276
ch_0961071351154df1,False,-1.266,0,0,119.74,1,False,True,0.0,False,False,0.036
ch_740eea4110c749c5,False,-0.216,0,0,57.49,1,False,False,0.0,False,False,0.401
ch_24ae0eac4ed94eeb,False,-0.705,0,0,80.07,1,False,False,0.0,False,False,0.177
ch_d7e306fab968410a,False,0.167,0,0,35219.61,1,False,False,0.0,False,False,0.056
ch_efb9442dfa8b4290,False,0.596,0,0,86.39,1,False,False,0.0,False,False,0.163
ch_ca6ed2bbcd7c4714,False,-0.216,0,0,72.61,1,False,False,0.0,True,False,0.106
ch_8e8e6f2e49734809,False,-0.717,0,0,104.19,1,False,True,0.0,True,False,0.127
ch_8c1abdf770b04957,False,3.675,0,0,7937.23,1,False,False,0.0,False,False,0.257
ch_59dfedb000574b9e,False,-0.057,0,0,87.98,1,False,True,0.0,False,False,0.052
ch_92ea0ad94886440a,False,0.215,0,0,37059.06,1,False,False,0.0,False,False,0.023
ch_012857ed9bd548a1,False,0.294,0,0,82.67,1,False,False,0.0,False,False,0.355
ch_4fbdcbe481374ccd,False,1.456,0,0,126.6,1,False,True,0.0,False,False,0.047
ch_1bcb65b93ee640c7,False,-0.376,0,0,75.48,1,False,False,0.0,False,False,0.017
ch_7e9bccd17ff946c1,False,1.702,0,0,543.91,1,False,False,0.0,False,False,0.052
ch_2700de40352a4fe8,False,1.656,0,0,111.76,1,False,False,0.0,True,False,0.376
ch_954378cc8d6a461c,False,0.464,0,0,423.06,1,False,False,0.0,False,False,0.238
ch_bdcd0719b8924fca,False,-0.745,0,0,108.03,2,True,True,0.0,True,False,0.14
ch_f57b01d837f8485a,True,0.309,0,0,99.36,1,False,False,0.0,False,False,0.014
ch_987ff6614b5b4920,False,-0.389,0,0,64.5,1,False,False,0.0,True,False,0.194
ch_8aff58dfc07142c3,False,0.988,0,0,65.53,1,False,False,0.0,False,False,0.23
ch_2c05bd81595f4f91,False,-1.113,0,0,422.17,1,False,True,0.0,False,False,0.104
ch_150ccc040039425b,False,-1.366,0,0,69.14,1,False,False,0.0,False,False,0.147
ch_e695e08c2b214f21,False,-0.336,0,0,113.91,1,False,False,0.0,True,False,0.753
ch_b6cb65fbf7414b89,False,-0.345,0,0,96.06,1,False,False,0.0,False,False,0.243
ch_cd179835945948bc,False,0.22,0,0,34499.24,1,False,False,0.0,False,False,0.142
ch_2cd279344b3f4277,False,0.405,0,0,109.62,1,False,False,0.0,True,False,0.328
ch_5bf07d86d3b44ddd,False,-0.264,0,0,145.56,1,False,False,0.0,False,False,0.192
ch_d7fd97d4db444f87,False,1.697,0,0,101.53,1,False,False,0.0,False,False,0.172
ch_84596c6157ed4cd6,False,0.759,0,0,98.66,1,False,False,0.0,False,False,0.189
ch_4637eda5f7854d0a,False,0.378,0,0,66.68,1,False,False,0.0,False,False,0.059
ch_b16dd6f48faf4822,False,1.463,0,0,160.08,1,False,False,0.0,True,False,0.155
ch_69ee309d67ab4f01,False,0.082,0,0,49898.95,1,False,False,0.0,False,False,0.019
ch_9594ae469a404b80,False,-0.549,0,0,121.35,1,False,True,0.0,True,False,0.034
ch_dd5b51ac7d334729,False,1.656,0,0,147.45,1,False,True,0.0,False,False,0.194
ch_0c2fe234ac20419c,False,0.724,0,0,121.76,1,False,False,0.0,False,False,0.166
ch_c3f2056d2c514530,False,0.378,0,0,72.74,1,False,True,0.0,False,False,0.118
ch_03819440c2b1411c,False,0.374,0,0,102.1,1,False,False,0.0,True,False,0.15
ch_c5b99dd217de4625,False,0.777,0,0,105.89,1,False,False,0.0,False,False,0.057
ch_0ecc2e2988724913,False,0.155,0,0,10838.45,1,False,False,0.0,False,False,0.137
ch_e5b838bfd9b24d3d,False,-0.285,0,0,8726.45,1,False,False,0.0,False,False,0.188
ch_60bcfd25869d4aea,False,-0.802,0,0,11064.8,1,False,False,0.0,False,False,0.741
ch_4599c0ffaf82431b,False,-0.503,0,0,107.47,1,False,False,0.0,True,False,0.205
ch_342ae09dac994029,False,-1.073,0,0,103.17,1,False,False,0.0,False,True,0.092
ch_7f2516aa3bdc46e0,True,-0.975,0,0,71.96,1,False,True,0.0,False,False,0.082
ch_1d45be4b93be4188,False,0.73,0,0,160.53,1,False,False,0.0,False,False,0.034
ch_5152bf1ab39347df,False,-1.002,0,0,575.67,1,False,False,0.0,False,False,0.248
ch_d863587458a44f2e,False,-0.197,0,0,135.74,1,False,False,0.0,True,False,0.398
ch_e346295ef870434c,False,0.577,1,1,49834.79,1,False,False,0.2,False,False,0.082
ch_b68131d486844aff,False,-0.705,0,0,58336.48,1,False,False,0.0,False,False,0.246
ch_391759aab6b44623,True,1.06,0,0,40768.41,1,False,True,0.0,False,False,0.062
ch_d9f1e4c4ec6e41ca,False,1.053,0,0,57640.13,1,False,False,0.0,True,False,0.212
ch_6fa4389bdd7446e6,True,-0.057,0,0,84.95,2,True,False,0.0,False,False,0.274
ch_73cab1a2f5f04f58,False,0.502,0,0,108.8,1,False,False,0.0,False,False,0.083
ch_22adf569a46e40de,False,0.372,0,0,65.47,1,False,False,0.0,False,False,0.262
ch_a69809d9ab3e417f,True,0.265,0,0,11355.18,2,True,False,0.0,False,False,0.072
ch_ae69a00df2b94769,False,0.27,0,0,82.21,1,False,False,0.0,False,False,0.156
ch_5d9efdb63c414904,True,-0.172,0,0,103.31,1,False,False,0.0,True,False,0.701
ch_917b17d5c2ee4e5e,False,-0.183,0,0,97.71,1,False,False,0.0,True,False,0.078
ch_2dc8bf4d9a2644a7,False,0.777,0,1,147.16,2,True,False,0.0,False,False,0.304
ch_ee5e0f1ba1ca4e60,False,-0.705,0,0,41075.07,1,False,False,0.0,False,False,0.025
ch_9141447da51d4387,False,-0.568,0,0,57606.48,1,False,False,0.0,False,False,0.228
ch_f1e6f8555e564110,True,0.355,0,0,75.35,2,True,False,0.0,False,False,0.203
ch_46702ac16ece4eb0,False,-0.389,0,0,78.52,1,False,False,0.0,True,True,0.117
ch_526ab17c594b49ab,True,0.378,0,0,98.09,2,True,False,0.0,False,False,0.045
ch_7ac214165682462c,False,-1.127,0,0,129.24,1,False,False,0.0,True,False,0.062
ch_8921a6648fe34a56,False,0.577,0,0,43296.11,1,False,False,0.0,False,False,0.139
ch_73f152aa38514fa8,False,-0.623,0,0,151.31,1,False,False,0.0,False,False,0.078
ch_5f114031dd6a4a3f,False,-1.155,0,0,428.54,1,False,True,0.0,False,False,0.271
ch_3c037a9f15ed45ac,True,1.264,0,0,108.33,1,False,True,0.0,False,False,0.139
ch_41780a1b7fac4ae2,False,1.103,0,0,114.59,1,False,False,0.0,False,False,0.017
ch_298b97f53ba74af7,False,-0.159,0,0,76.95,1,False,False,0.0,True,False,0.345
ch_5a8448624c144a2b,False,-0.841,0,1,79.53,1,False,False,0.0,False,False,0.139
ch_604d8fa3af0f4c4a,True,1.06,0,0,55122.59,1,False,False,0.0,True,False,0.199
ch_c588f15c60894245,False,0.372,0,1,67.51,1,False,False,0.0,True,False,0.017
ch_f9f75297f51c4ac6,False,0.071,0,0,76.4,1,False,False,0.0,True,False,0.034
ch_6df6fd8812d7416e,False,-0.503,0,0,160.11,1,False,False,0.0,False,False,0.006
ch_69ae851a9fc24952,False,0.201,0,0,97.26,2,True,False,0.0,False,False,0.157
ch_2d5522e8cac64216,True,-0.441,0,0,11507.86,2,True,True,0.0,False,False,0.149
ch_f8120b59b1094abf,False,-0.172,0,0,59.83,1,False,False,0.0,True,False,0.061
ch_5618cd7ae9f8400c,False,0.777,0,0,98.0,1,False,False,0.0,True,False,0.156
ch_62029cfced6b467f,False,-0.956,0,0,61.69,1,False,False,0.0,False,False,0.006
ch_0682a3c5cac949ec,False,0.215,0,0,33002.64,1,False,False,0.0,False,False,0.17
ch_dfa40f9fadfc4280,False,1.315,0,0,113.26,1,False,False,0.0,False,False,0.071
ch_e24aeb834e9148d9,False,0.167,0,0,49895.65,1,False,False,0.0,False,False,0.08
ch_80a3a4938b6c4e47,False,0.268,0,0,91.95,1,False,False,0.0,True,False,0.022
ch_56facb1617064f23,False,-0.241,0,0,76.23,1,False,False,0.0,False,False,0.046
ch_919619467c4549e1,False,0.902,0,0,113.62,1,False,False,0.0,False,False,0.162
ch_0a8d0a26bbc04bd1,False,-0.177,0,0,93.55,1,False,False,0.0,True,False,0.179
ch_085d1612b7e14071,False,0.962,0,0,42756.2,1,False,False,0.0,False,False,0.15
ch_22b018fc34c9401d,True,0.389,0,0,88.27,2,True,False,0.0,False,False,0.052
ch_fadf5b9a739d4670,False,0.088,0,0,128.63,1,False,False,0.0,False,False,0.721
ch_f92dbffa249a43e5,False,0.902,0,0,147.4,2,True,False,0.0,True,False,0.963
ch_093155864cd540a0,False,1.456,0,0,169.89,1,False,False,0.0,True,False,0.132
ch_d5ad1fef4bec4c3f,False,-1.113,0,0,420.47,1,False,False,0.0,False,False,0.02
ch_57fff8d5b2a249e7,False,0.372,0,0,84.86,1,False,False,0.0,False,False,0.159
ch_ad2535be889141b4,False,-1.073,0,0,73.7,1,False,False,0.0,False,False,0.076
ch_53b8170721574044,True,-1.113,0,0,562.36,2,True,True,0.0,False,False,0.071
ch_23102279cc6d4e52,False,0.238,0,0,82.15,1,False,False,0.0,False,False,0.249
ch_2ee219dd222a495f,False,0.265,0,0,9644.97,1,False,False,0.0,False,False,0.063
ch_5df0226243f945ce,False,-0.322,0,0,77.25,1,False,False,0.0,False,False,0.217
ch_687ded12706c4b20,False,-0.057,0,0,71.32,1,False,False,0.0,True,True,0.199
ch_c6d3cfd19f8342e9,False,-0.363,0,0,84.95,1,False,False,0.0,True,False,0.082
ch_b009a8fe19e64d9a,False,0.464,0,0,529.81,1,False,False,0.0,False,False,0.159
ch_c74b82533dd94c7c,False,-1.289,0,0,120.96,1,False,False,0.0,False,False,0.056
ch_cb1e7c819d53451c,False,1.419,0,0,34590.79,1,False,False,0.0,False,False,0.171
ch_627fa6b2019a45f9,False,-1.366,0,0,79.79,1,False,False,0.0,True,False,0.046
ch_7e208276cd1c45f1,False,1.446,0,0,10632.74,1,False,False,0.0,False,False,0.074
ch_2c19395764c44b65,False,0.294,0,0,61.49,1,False,False,0.0,True,False,0.138
ch_77af7b6db28e4240,False,0.438,0,0,7796.8,1,False,False,0.0,True,False,0.22
ch_1c3fe96e9d524e21,False,1.478,0,0,61.15,1,False,False,0.0,False,False,0.032
ch_c841f9ddb21f41f1,False,-0.549,0,0,78.1,1,False,True,0.0,False,False,0.243
ch_d58bd21b5eb341b0,False,0.596,0,0,70.86,2,True,False,0.0,True,False,0.084
ch_e8166b481e5d42b0,False,-0.334,0,0,96.73,1,False,False,0.0,True,False,0.121
ch_8a096dacee86408c,False,-0.191,0,0,89.96,1,False,False,0.0,False,False,0.092
ch_0fc60c15371d4495,False,-0.516,0,0,91.04,1,False,False,0.0,False,False,0.081
ch_15145d1b76ce4d7b,False,0.577,0,0,48387.71,1,False,False,0.0,True,False,0.183
ch_df0d0c3f86b14852,False,1.46,1,1,75.78,1,False,False,0.2,False,False,0.129
ch_aa0228a26b8b4a5c,False,0.998,0,0,76.38,1,False,False,0.0,False,False,0.267
ch_4f4115026a764337,False,1.515,0,0,38287.31,2,True,False,0.0,True,False,0.146
ch_6e38753e8811429d,False,0.61,0,0,166.51,1,False,False,0.0,False,False,0.3
ch_e29e35e2ca894096,False,-1.113,0,0,566.59,1,False,False,0.0,False,False,0.061
ch_172f406a8e8e4f5a,False,-1.054,0,0,125.96,1,False,False,0.0,False,False,0.17
ch_f4d2e032d3a6447d,False,0.167,0,0,32371.42,1,False,False,0.0,False,False,0.126
ch_13e509e943ed475f,False,-0.38,0,0,33103.58,1,False,False,0.0,False,False,0.08
ch_3a3e2f34d40a4ba4,False,-1.073,0,0,98.12,1,False,False,0.0,True,True,0.166
ch_68248bc334e24008,True,3.58,0,0,153.84,1,False,False,0.0,False,False,0.323
ch_9b74ab8d7851402c,False,1.06,0,0,53302.16,1,False,True,0.0,True,False,0.093
ch_ba005965f9144247,True,1.264,0,0,97.2,1,False,False,0.0,False,False,0.215
ch_8c12f80bdcb14396,False,0.265,0,0,7387.95,1,False,False,0.0,False,False,0.121
ch_aff6aa3537944b86,True,0.724,0,0,79.34,1,False,True,0.0,False,False,0.207
ch_56172785b52244b6,False,-0.845,0,0,159.36,1,False,False,0.0,False,False,0.147
ch_eab858d359164d03,False,-0.056,0,0,76.54,1,False,False,0.0,False,False,0.058
ch_d15d4b46525b429e,False,1.0,0,0,87.68,1,False,False,0.0,True,False,0.248
ch_ea2cdb69ddf54e02,False,0.548,0,0,71.84,1,False,False,0.0,False,False,0.051
ch_d9f9a1d46b564525,False,1.656,0,0,148.59,1,False,False,0.0,False,False,0.151
ch_14c5ad868cad45af,False,-0.172,0,0,81.76,1,False,False,0.0,True,False,0.162
ch_e44bcb6f269745c5,False,0.5,0,0,376.32,1,False,False,0.0,False,False,0.168
ch_9ac7c69ede774d7b,False,0.187,0,0,78.06,1,False,False,0.0,True,False,0.089
ch_d8563f3266434e25,True,-0.275,0,0,53440.79,1,False,False,0.0,False,False,0.122
ch_202d443ac28047f0,False,0.699,0,0,326.8,1,False,False,0.0,False,False,0.106
ch_4039684011c042db,False,-0.343,0,0,39395.14,1,False,False,0.0,True,False,0.144
ch_c8ef422ca1d6441b,False,-0.172,0,0,63.42,1,False,False,0.0,False,False,0.342
ch_231a3fb32a4b416a,False,0.14,0,0,513.51,2,True,False,0.0,True,False,0.032
ch_5704abac059741e1,False,-1.594,0,0,95.87,2,True,False,0.0,False,False,0.143
ch_d138bd290e164838,False,-0.172,0,0,92.84,1,False,False,0.0,True,False,0.274
ch_519b09a1df184f2f,False,-1.359,0,0,85.18,1,False,False,0.0,False,False,0.264
ch_2cbe59ef08e94739,False,-0.177,0,0,91.22,1,False,False,0.0,True,False,0.035
ch_9f0316cb3ce34b2a,False,1.227,0,0,179.98,1,False,False,0.0,True,False,0.166
ch_15db332141fd4ca6,False,0.167,0,0,41554.53,1,False,False,0.0,True,False,0.007
ch_480b876b7e904b26,False,0.902,0,0,145.47,1,False,False,0.0,False,False,0.137
ch_424edd9323094499,False,0.73,0,0,139.91,2,True,False,0.0,True,False,0.103
ch_691a0037bb48441f,True,-0.094,0,0,113.65,2,True,True,0.0,True,False,0.711
ch_7ea2b41919a04a3c,False,0.142,0,0,9473.54,1,False,False,0.0,True,False,0.004
ch_479ff8fceef1406b,False,-0.177,0,0,78.85,1,False,False,0.0,True,False,0.157
ch_6026ad2ce3c4407f,False,-1.202,0,0,53.91,1,False,False,0.0,False,False,0.225
ch_7cbf487f4f2548a2,False,1.315,0,0,109.51,1,False,False,0.0,False,False,0.176
ch_d1f7cdc774c0425b,False,0.453,0,0,51839.6,1,False,False,0.0,False,False,0.018
ch_013daba745b44a08,True,0.341,0,0,80.47,2,True,False,0.0,False,False,0.031
ch_82ae807bb19a4b18,False,0.029,0,0,97.87,1,False,False,0.0,True,False,0.038
ch_01140049be754acc,False,-1.113,0,0,566.77,1,False,False,0.0,True,False,0.071
ch_b282979ee2cc4cd5,False,-0.197,0,0,133.6,1,False,False,0.0,False,False,0.019
ch_ad425d6039d8426f,False,-0.441,0,0,12123.74,1,False,False,0.0,False,True,0.069
ch_27ee91783dad4830,False,-0.345,0,0,118.24,1,False,False,0.0,False,False,0.203
ch_d2b6267531474b02,False,-0.42,0,0,110.44,1,False,False,0.0,False,False,0.241
ch_160c9ea980854c5d,False,-0.819,0,0,54.24,1,False,False,0.0,False,False,0.162
ch_6b9af94b3e4d46a7,False,-0.922,0,0,10372.28,1,False,False,0.0,False,False,0.017
ch_0846dbcd54454fbb,True,-1.366,0,0,82.23,1,False,False,0.0,False,False,0.094
ch_db56b182b87544a8,False,-1.113,0,0,319.66,1,False,True,0.0,True,False,0.05
ch_d20271b68e9d4041,False,0.268,0,0,87.89,1,False,False,0.0,True,False,0.615
ch_82546fee62104bec,False,1.076,0,0,105.25,2,True,False,0.0,True,False,0.011
ch_a204738c0a514d72,False,0.06,0,0,72.66,1,False,False,0.0,True,False,0.123
ch_6df24ca02e464778,False,0.903,0,0,71.1,1,False,False,0.0,True,False,0.275
ch_fd62306326d74354,False,0.372,0,0,62.97,1,False,False,0.0,True,False,0.072
ch_822871e5f5c84a9f,False,1.326,0,0,433.88,1,False,False,0.0,False,False,0.014
ch_f4f3220111fe4cf8,False,0.404,0,0,108.04,1,False,False,0.0,False,False,0.024
ch_7bcf21cb3ca54877,False,-0.846,1,1,87.06,1,False,False,0.2,True,False,0.043
ch_d8bb03b132d748ff,False,0.516,2,2,65.27,1,False,False,0.4,True,False,0.694
ch_01d674c6b2354758,False,-0.0,3,3,101.79,1,False,False,0.6,True,False,0.083
ch_4fdb8a45d20e4659,True,3.128,4,4,73.94,1,False,False,0.8,True,False,0.056
ch_d04e32e8ace541ec,True,4.16,5,5,109.23,1,False,False,1.0,True,False,0.843
ch_213f926c8aa24193,False,-0.28,0,0,113.94,1,False,False,0.0,False,False,0.016
ch_8948c3d550e74a05,False,-1.594,0,0,89.65,1,False,False,0.0,True,False,0.747
ch_6d4a5138321449fb,False,1.656,0,0,135.54,1,False,False,0.0,False,False,0.203
ch_e112cf5369434ef7,False,0.61,0,0,164.32,1,False,False,0.0,False,False,0.054
ch_2aca72eebd6445b6,False,-0.177,0,0,67.15,1,False,False,0.0,False,False,0.086
ch_c440612bd1f64e03,False,-1.073,0,0,108.39,2,True,True,0.0,False,False,0.024
ch_afa946304e3e4d55,False,-0.807,0,0,91.65,1,False,False,0.0,True,False,0.084
ch_1472bc1b39ea414a,False,-1.625,0,0,159.52,1,False,False,0.0,False,False,0.007
ch_07f981d6713949a4,False,3.188,0,0,86.04,1,False,False,0.0,False,False,0.092
ch_1bb4902de3574140,False,-0.8,0,0,56098.88,1,False,False,0.0,False,False,0.263
ch_dacb2e9f962f4101,False,1.0,0,1,71.28,1,False,False,0.0,False,False,0.238
ch_9c8d9e36ece54f47,False,2.279,0,0,82.2,1,False,False,0.0,True,False,0.084
ch_72e90c41dbff428d,False,-0.549,0,0,98.45,1,False,True,0.0,True,False,0.071
ch_28141ac1b0ca44f5,False,0.27,0,0,62.87,1,False,False,0.0,True,False,0.025
ch_3e5b67e42a0d4e6b,False,-0.687,0,0,12274.45,1,False,False,0.0,False,False,0.215
ch_317fb934f61e4ede,False,-0.057,0,0,93.88,2,True,False,0.0,False,False,0.031
ch_b59e4c5462c24ede,False,2.865,0,0,40722.44,1,False,False,0.0,False,False,0.012
ch_f700531a1bb84037,False,-0.241,0,0,74.96,1,False,False,0.0,False,False,0.1
ch_a3a9b422cabb4a34,False,-0.591,0,0,76.76,1,False,True,0.0,False,False,0.087
ch_5e5ac2262e15445c,True,-1.113,0,0,521.69,2,True,False,0.0,False,False,0.141
ch_e47d3e2a7a114740,True,0.071,0,0,103.84,2,True,False,0.0,False,False,0.174
ch_b66e2e40e053463c,False,0.378,0,0,70.66,1,False,False,0.0,False,False,0.137
ch_d16b34d21d124c40,False,-1.073,0,0,81.04,1,False,False,0.0,True,False,0.147
ch_5d6a257f5aef4f3b,False,1.06,0,0,39421.58,1,False,True,0.0,True,False,0.129
ch_e7fd94a7f6c04eca,False,-1.26,0,0,101.2,1,False,False,0.0,True,False,0.11
ch_9071c74042924591,False,0.724,0,0,118.98,1,False,True,0.0,False,False,0.074
ch_790c536881044e91,False,-0.882,0,0,10871.98,1,False,False,0.0,False,False,0.022
ch_981f2cb4ed0e49fe,False,1.724,0,0,51302.96,1,False,False,0.0,False,False,0.158
ch_6418ca0e8d8446cc,False,0.372,0,0,75.42,1,False,False,0.0,True,False,0.048
ch_478eea313a004128,True,-0.503,0,0,154.61,2,True,False,0.0,False,False,0.07
ch_c28ad798035e488d,False,1.181,0,0,136.02,1,False,False,0.0,False,False,0.085
ch_11f4fb3aa8df4ea5,False,0.485,0,0,84.66,1,False,False,0.0,False,False,0.016
ch_7cec5cddb4e74208,False,-0.393,0,0,106.83,1,False,False,0.0,False,False,0.807
ch_96d5831f851946db,False,0.46,0,1,108.13,1,False,True,0.0,True,False,0.318
ch_dc469eebf85d4128,False,0.83,0,0,71.87,1,False,False,0.0,False,False,0.978
ch_8493e1c9edf04d60,False,-0.172,0,0,77.21,1,False,False,0.0,True,False,0.03
ch_1320d36c3e664e25,False,0.187,0,0,62.56,2,True,False,0.0,True,False,0.382
ch_3554024ef91344fb,False,-0.134,0,0,138.28,1,False,False,0.0,False,False,0.092
ch_c993c0fdc34443f7,False,0.166,0,0,64.39,1,False,False,0.0,True,False,0.254
ch_2bececf6465b4d72,False,0.818,0,0,47656.57,1,False,False,0.0,False,True,0.04
ch_2d17ed9c44f54ed1,False,0.577,0,0,44685.88,1,False,False,0.0,True,False,0.956
ch_28fc4f182cca4c8f,False,-0.247,0,0,570.93,2,True,False,0.0,True,False,0.129
ch_2c727968d4a04afd,False,-1.107,0,0,43753.93,1,False,False,0.0,False,False,0.016
ch_1891a1388cde4ede,False,1.118,0,0,73.34,1,False,False,0.0,True,False,0.159
ch_466298898feb4b66,False,-0.694,0,0,74.3,2,True,False,0.0,False,False,0.035
ch_375a16b227ff4dd4,False,1.267,0,0,100.49,1,False,True,0.0,True,True,0.196
ch_912172b8c2f6481d,True,1.005,0,0,67.49,1,False,True,0.0,False,False,0.167
ch_80a3bf6f5da0410d,False,-0.441,0,0,10480.86,1,False,False,0.0,False,False,0.139
ch_d2f97a30606f4a8a,False,-0.28,0,0,93.99,1,False,False,0.0,True,False,0.201
ch_a9af1e0d29c84c23,False,-0.172,0,1,69.21,1,False,False,0.0,True,False,0.065
ch_447bd5536cbc4d7a,False,-1.625,0,0,165.04,1,False,False,0.0,False,False,0.15
ch_254d024705764bb0,True,-1.073,0,0,103.98,2,True,True,0.0,False,False,0.089
ch_be85aae990d141f5,False,0.796,0,0,44581.69,1,False,False,0.0,False,False,0.161
ch_b18139210e8c4c59,False,-0.33,0,0,486.39,1,False,False,0.0,False,False,0.272
ch_fc8fd2b283854e46,False,-0.177,0,0,70.42,1,False,False,0.0,True,False,0.091
ch_9e15eac1210b40ed,False,0.61,0,0,146.38,1,False,False,0.0,False,False,0.029
ch_caf1714989cf4242,False,1.283,0,0,79.88,1,False,False,0.0,False,False,0.875
ch_33dfc2c74e754a0c,False,-1.113,0,0,552.03,1,False,False,0.0,False,False,0.364
ch_44ac9c54e3d84c51,False,-0.096,0,0,139.18,1,False,False,0.0,True,False,0.229
ch_a9ed6f6f30724b75,False,-0.277,0,0,8333.88,1,False,False,0.0,True,False,0.031
ch_918bdcbd8d9e472a,False,-1.035,0,0,110.04,1,False,False,0.0,False,False,0.0
ch_22a0d55607494700,False,0.042,0,0,133.69,1,False,False,0.0,True,False,0.007
ch_d8590a1d2d3649ca,False,0.215,0,0,40884.62,1,False,False,0.0,True,False,0.191
ch_eeeb542c69a24f39,False,-1.113,0,0,541.83,1,False,True,0.0,True,False,0.159
ch_2834ea1598cf4b84,False,1.331,0,0,53.8,1,False,False,0.0,False,False,0.035
ch_058c6c6c7a4f45f6,False,-0.833,0,0,80.36,1,False,False,0.0,False,True,0.037
ch_b9c9f6f8292d4a64,False,-0.507,0,0,8994.01,1,False,False,0.0,True,False,0.143
ch_f0b5c8fc6f904ff9,False,1.194,0,0,69.61,1,False,False,0.0,True,False,0.016
ch_2ea16f4627ea4d26,False,-0.389,0,0,54.55,1,False,False,0.0,True,False,0.351
ch_45e3713eeefd4b4f,False,0.998,0,0,86.84,1,False,False,0.0,False,False,0.217
ch_aca468d47fa84e84,False,0.279,0,0,90.65,1,False,False,0.0,False,False,0.045
ch_d8be88afbc744f00,False,1.565,1,1,60.58,2,True,False,0.2,True,False,0.173
ch_49804d14e56a4875,False,-0.002,2,2,77.49,1,False,False,0.4,True,False,0.078
ch_d8fe2f6909f04d5f,True,-0.496,3,3,77.97,1,False,False,0.6,False,False,0.083
ch_53676312b0c24f07,False,0.55,4,4,103.35,1,False,False,0.8,True,False,0.018
ch_668565b3bf384e7d,False,2.126,0,0,107.87,2,True,False,0.0,True,False,0.064
ch_5205b541042046c1,False,0.821,0,0,68.56,1,False,False,0.0,False,False,0.057
ch_6a0343d85d144a75,True,-0.741,0,0,44592.3,2,True,False,0.0,True,False,0.976
ch_9a70da3f1ad44e2e,False,-1.073,0,0,98.89,1,False,True,0.0,True,False,0.044
ch_c8b1a5ec1e1f4c50,False,0.15,0,0,111.19,1,False,False,0.0,True,False,0.159
ch_5dc69faaaf7d4129,False,-0.202,0,0,73.27,1,False,False,0.0,False,False,0.221
ch_17176bc1784946c9,False,-0.549,0,0,109.96,1,False,True,0.0,True,False,0.119
ch_0f73490ca3fb4567,True,-0.942,0,0,90.35,1,False,False,0.0,True,False,0.087
ch_939b0a912efa4288,False,0.215,0,0,36745.67,1,False,False,0.0,True,False,0.008
ch_6937547839704d6d,False,-0.324,0,0,85.63,1,False,False,0.0,True,False,0.208
ch_48e0a345f1a7466a,True,-0.594,0,0,82.02,1,False,False,0.0,False,False,0.71
ch_2a646b4624894661,False,1.919,0,0,121.61,1,False,False,0.0,False,False,0.191
ch_4da904920f6e41cd,False,0.534,0,0,76.49,1,False,False,0.0,True,False,0.023
ch_cbadae21c8fa4489,True,0.169,0,0,112.34,1,False,True,0.0,False,False,0.148
ch_d773df323562462e,False,-1.113,0,0,375.5,1,False,False,0.0,False,False,0.123
ch_07151e8fa9184d92,False,0.577,0,0,41485.18,1,False,False,0.0,True,False,0.022
ch_0fbc2dc8b9344e7a,False,0.646,0,0,53361.38,1,False,False,0.0,False,False,0.09
ch_12059fe5778c4c64,False,0.169,0,0,146.27,1,False,False,0.0,False,False,0.144
ch_4a61525bf51c49ba,False,-0.463,0,0,10163.98,1,False,False,0.0,False,False,0.101
ch_ad5cceab56ec4809,False,-1.113,0,0,377.76,1,False,False,0.0,False,False,0.127
ch_b57d2d2365604b70,False,-1.073,0,0,76.73,1,False,False,0.0,True,True,0.182
ch_61da4cb42cda4d60,False,0.187,0,0,70.79,1,False,False,0.0,False,False,0.133
ch_767cfe0599f04400,True,1.06,0,0,52956.79,2,True,True,0.0,True,False,0.876
ch_f9d04b5694d34b22,False,0.142,0,0,8484.48,1,False,True,0.0,False,False,0.104
ch_75d4c1c1ea0043e9,False,-1.14,0,0,110.13,1,False,False,0.0,False,False,0.109
ch_7c09055968404f9e,False,1.315,0,0,87.91,1,False,False,0.0,True,False,0.116
ch_533dcb094aa74a5c,True,0.724,0,0,75.97,1,False,True,0.0,False,False,0.185
ch_07423e87c13b4f5f,False,-1.143,0,0,84.75,1,False,False,0.0,False,False,0.007
ch_bfa74e77e91445be,False,-0.241,0,0,116.33,1,False,False,0.0,True,False,0.02
ch_a0cf8a107b174ede,True,-1.04,0,0,123.26,2,True,False,0.0,False,False,0.051
ch_bde42dc6b9d14875,False,-0.401,0,0,125.08,1,False,False,0.0,True,False,0.118
ch_0497193bc25748d0,False,-1.262,0,0,74.3,1,False,False,0.0,True,False,0.198
ch_080e3bcc95804c25,False,1.06,0,0,41523.84,1,False,False,0.0,False,False,0.201
ch_8963b92844684dd9,False,0.61,0,0,116.75,1,False,False,0.0,False,False,0.016
ch_eaa0f10a02914cba,False,-0.222,0,0,67.88,1,False,False,0.0,False,False,0.158
ch_77291abe079346cf,False,0.966,0,0,104.98,1,False,False,0.0,True,False,0.142
ch_41f825afc94a4c66,False,-0.172,0,0,69.66,1,False,False,0.0,True,False,0.086
ch_6624975fda674d35,False,0.187,0,0,80.62,1,False,False,0.0,True,False,0.205
ch_16f7060d22194019,False,0.142,0,0,11685.06,1,False,False,0.0,True,False,0.027
ch_92257fc21e8a4894,True,-1.594,0,0,73.99,1,False,False,0.0,False,False,0.173
ch_3c07ebeb3bfc4675,False,0.22,0,0,41416.42,1,False,False,0.0,True,False,0.058
ch_dcb5409ab43f4288,False,-0.942,0,0,92.22,1,False,False,0.0,False,False,0.03
ch_d770a2a9530a4e8b,False,0.188,0,0,116.18,1,False,False,0.0,False,False,0.008
ch_77e5db83676a48c8,False,0.378,0,0,96.27,1,False,False,0.0,False,False,0.001
ch_773eca8833eb4494,False,-1.014,0,0,545.42,1,False,False,0.0,False,False,0.114
ch_42e51254f98849b1,False,1.183,0,0,90.91,1,False,True,0.0,False,False,0.033
ch_1cb4329164f94de5,False,-0.687,0,0,12287.8,1,False,False,0.0,True,False,0.241
ch_70dbe23df6ab442c,False,-1.073,0,0,67.91,2,True,False,0.0,True,False,0.16
ch_fdc8e98320894478,False,1.36,0,0,87.76,1,False,False,0.0,False,False,0.166
ch_e11b33524aee414d,False,-0.172,0,0,76.18,1,False,False,0.0,True,False,0.009
ch_ac19f4af891a45da,False,2.036,0,0,41687.36,1,False,False,0.0,True,False,0.158
ch_b133b1ceb0e64d36,False,0.078,0,0,45593.61,1,False,False,0.0,False,False,0.04
ch_e687e8a540f14da1,False,1.447,0,0,57294.72,2,True,False,0.0,True,False,0.252
ch_fdbc3d2ddf5d4bec,False,-0.576,0,0,54176.65,1,False,False,0.0,True,False,0.06
ch_34483d2895704b05,False,0.502,0,0,94.45,1,False,False,0.0,False,False,0.243
ch_e9bb535edeb24277,False,0.821,0,0,67.94,2,True,False,0.0,False,False,0.24
ch_d465a66a6cd14564,False,-1.59,0,0,108.02,1,False,False,0.0,True,False,0.202
ch_1a06bcff479947d9,False,0.167,0,0,56863.99,1,False,False,0.0,True,False,0.146
ch_c46d5a11dc784d16,False,0.278,0,0,67.11,1,False,False,0.0,False,False,0.255
ch_e6184a3efba14772,False,-0.177,0,0,76.25,1,False,False,0.0,True,False,0.162
ch_7cf141d3a3ea4edc,False,-0.191,0,0,53.08,2,True,False,0.0,True,False,0.067
ch_d22321ba53d74291,False,-0.942,0,0,79.81,1,False,False,0.0,False,False,0.134
ch_1bb27fcd941147bd,False,-0.741,0,0,33045.13,1,False,False,0.0,False,False,0.096
ch_d8009779dbd4442d,True,-1.26,0,0,93.34,1,False,False,0.0,False,False,0.031
ch_fb5b989bde0d475b,False,1.36,0,0,138.0,1,False,False,0.0,False,False,0.147
ch_2607233f651b423d,False,-1.113,0,0,414.77,1,False,False,0.0,True,False,0.045
ch_bb3d43235a2a424d,False,-0.591,0,0,76.58,1,False,False,0.0,True,False,0.003
ch_75dbcf348cd845f6,False,-0.79,0,0,347.25,1,False,False,0.0,True,False,0.043
ch_79b9243075bc4e77,False,1.264,0,0,103.25,1,False,False,0.0,False,False,0.09
ch_de9db4c09ba7463b,False,0.505,0,0,85.69,1,False,False,0.0,False,False,0.146
ch_c02f6bc47f8e4c5f,False,1.315,0,0,117.67,1,False,False,0.0,True,False,0.179
ch_891cdd3fcc2e4456,False,-0.057,0,0,78.18,1,False,False,0.0,True,False,0.227
ch_adf164d8f67a4703,False,-0.129,0,0,70.0,1,False,False,0.0,True,False,0.866
ch_a05c49b64a2b4f48,False,-0.159,0,0,64.5,1,False,False,0.0,False,False,0.05
ch_1a867d2f52624fd6,False,-0.343,0,0,50095.35,1,False,False,0.0,True,False,0.008
ch_e7e97b7be7824af9,False,-1.113,0,0,569.09,1,False,True,0.0,True,False,0.16
ch_99449dd94734492b,False,-1.058,0,0,44088.81,1,False,True,0.0,True,False,0.237
ch_e314ad36a1854ecb,False,1.36,0,0,90.35,1,False,False,0.0,False,False,0.094
ch_68b0633ce8404759,True,0.251,0,0,84.6,2,True,False,0.0,True,False,0.213
ch_fb2b237a85204f7e,True,0.404,0,0,60.03,1,False,False,0.0,False,False,0.189
ch_a0db3180f3a94be2,False,0.294,0,0,94.95,1,False,False,0.0,False,False,0.064
ch_eb216f0a076742af,False,0.17,0,0,548.44,2,True,False,0.0,True,False,0.025
ch_89bb00b4c9184093,False,-0.38,0,0,41741.38,1,False,True,0.0,False,False,0.028
ch_284b5ddc2dc248d4,False,-0.793,0,0,42677.53,1,False,False,0.0,False,False,0.088
ch_4447cb27d5924b56,False,1.36,0,1,154.51,1,False,False,0.0,True,False,0.072
ch_7eccbbba88c34e2e,False,3.329,0,0,77.61,1,False,False,0.0,False,False,0.205
ch_0d3446cdf32d4d5c,False,-1.26,0,0,113.78,1,False,False,0.0,False,False,0.064
ch_c360b3c3a40f46bd,False,-1.073,0,0,89.35,1,False,True,0.0,True,False,0.035
ch_885985dd67c3425c,False,-1.208,0,0,72.02,1,False,False,0.0,True,False,0.306
ch_c47e0752add54fe2,False,-0.177,0,0,76.95,1,False,False,0.0,False,False,0.195
ch_271b2bd8fb08440c,False,-1.379,0,0,111.98,2,True,False,0.0,False,False,0.048
ch_410637661a5140b7,False,-1.59,0,0,81.37,1,False,False,0.0,False,False,0.028
ch_7eb055bc7c804966,False,-0.549,0,0,93.59,1,False,True,0.0,True,False,0.03
ch_67624a36b4c94cc6,False,-0.37,0,0,104.02,1,False,False,0.0,True,False,0.041
ch_2e9d8dffda1b41c5,True,-0.618,0,0,8695.64,2,True,False,0.0,False,False,0.2
ch_6af66b517696421a,False,-0.717,0,0,85.69,1,False,False,0.0,False,False,0.099
ch_299ebe031595469f,False,-1.558,0,0,67.8,1,False,False,0.0,True,False,0.243
ch_e05dbab1d1004a8e,False,-1.113,0,0,481.49,1,False,False,0.0,True,False,0.045
ch_6bbed107691143c1,False,-0.593,0,0,118.1,1,False,False,0.0,True,False,0.124
ch_c30c4b561a0844da,False,-0.854,0,0,44529.05,1,False,False,0.0,True,False,0.099
ch_31ced20bcf054d03,True,-1.14,1,1,71.45,2,True,False,0.2,True,False,0.255
ch_dcdde7f462d2472f,False,-1.073,0,0,81.22,1,False,False,0.0,True,True,0.074
ch_2706eda376ed4170,False,0.796,0,0,35928.7,1,False,False,0.0,True,False,0.257
ch_23c5a67780ee4e9e,False,0.889,0,0,156.6,1,False,False,0.0,True,False,0.059
ch_4d86f098c98e4c1c,False,0.187,0,0,58.78,1,False,False,0.0,True,False,0.001
ch_5df3fefe226f4e9d,False,1.06,0,0,39850.39,1,False,True,0.0,True,False,0.273
ch_2aa2a4e8975a4614,False,0.405,0,0,103.9,1,False,False,0.0,False,True,0.063
ch_918b6e90b8ac4dbd,False,-1.14,0,0,63.6,1,False,False,0.0,False,False,0.659
ch_949bfa2b6cbf4d86,False,-0.973,0,0,80.45,1,False,False,0.0,False,False,0.046
ch_8d571d593c684d6c,False,0.049,0,0,73.98,1,False,False,0.0,True,False,0.193
ch_322134d87ad14c77,False,0.61,0,0,145.5,1,False,False,0.0,False,False,0.02
ch_a8309d1ebdf24aec,False,0.724,0,0,106.75,1,False,True,0.0,True,False,0.151
ch_17ee9ea346134f33,False,-1.073,0,0,98.42,1,False,False,0.0,False,False,0.146
ch_1764ac1bb60340d0,False,-0.216,0,0,89.39,1,False,False,0.0,True,False,0.25
ch_6f53173693c440db,False,-0.129,0,0,70.58,1,False,False,0.0,True,False,0.142
ch_7535b04d4d664250,False,-0.841,0,0,70.81,1,False,False,0.0,False,False,0.115
ch_9a6efe0d3e694b12,False,0.187,0,0,67.79,1,False,False,0.0,True,False,0.176
ch_52c4edab17734221,False,1.105,0,0,106.14,1,False,False,0.0,False,False,0.096
ch_71860176c02149a8,False,0.22,0,0,37203.27,1,False,False,0.0,False,False,0.07
ch_8b3f43fccb144912,False,0.378,0,0,90.77,1,False,False,0.0,False,False,0.175
ch_d3a9da58982340d1,False,0.477,0,0,324.4,1,False,False,0.0,True,False,0.062
ch_5e46e996ded641c2,False,-0.177,0,0,94.3,1,False,False,0.0,True,False,0.004
ch_cb50f88867d64740,False,-1.073,0,0,94.49,1,False,False,0.0,False,False,0.032
ch_2fdef921b3c843cb,False,0.196,0,0,91.95,1,False,False,0.0,False,False,0.081
ch_881fbce3932c4a7d,False,-0.172,0,0,82.69,1,False,False,0.0,True,False,0.003
ch_39dabca48b0941a8,False,0.169,0,0,139.54,1,False,False,0.0,False,False,0.096
ch_6c539742c8714a30,False,0.241,0,0,138.08,1,False,False,0.0,True,False,0.199
ch_c164257677344768,False,-0.389,0,0,73.81,1,False,False,0.0,True,False,0.233
ch_535d2d03d3a94f85,False,1.456,0,0,163.98,1,False,False,0.0,True,False,0.072
ch_a1b1d94b15a545f1,False,-0.791,0,0,93.91,1,False,False,0.0,True,False,0.016
ch_1222e3c8ea1b43bc,False,-0.177,0,0,89.6,1,False,False,0.0,True,False,0.004
ch_9eaca8a4c8a04804,False,-0.199,0,0,72.97,1,False,False,0.0,False,False,0.042
ch_0105b85647904479,True,-0.791,0,0,78.22,1,False,False,0.0,True,False,0.713
ch_7bbb12e300c64b76,False,1.573,0,0,406.11,1,False,False,0.0,True,False,0.077
ch_53c0822c0c174fe5,False,-1.073,0,0,68.62,1,False,False,0.0,False,False,0.253
ch_6aa8ce8177b44277,False,-1.289,0,0,140.61,1,False,False,0.0,True,False,0.019
ch_3ee963bea0c04a8f,False,-0.368,0,0,72.18,2,True,False,0.0,True,False,0.169
ch_698c195d64e144f0,False,-0.741,0,0,48588.84,1,False,False,0.0,True,False,0.269
ch_33fd29ab6cde4b2a,False,-1.113,0,0,501.03,1,False,False,0.0,True,False,0.095
ch_c73cff21a0124d36,False,-1.379,0,0,148.15,1,False,False,0.0,True,False,0.149
ch_08ad230b065e42b5,False,0.727,0,0,69.28,1,False,False,0.0,True,False,0.095
ch_630721486a9249f9,False,-1.558,0,0,104.48,1,False,False,0.0,True,False,0.187
ch_903038a0d52447dc,False,-0.881,0,0,11936.41,1,False,False,0.0,True,False,0.162
ch_45ec31c925ff4f6e,False,-1.113,0,0,509.83,1,False,True,0.0,True,False,0.09
ch_9adf3c36f0e0450f,True,-1.058,0,0,57559.32,2,True,True,0.0,True,False,0.041
ch_393120ea4a54459e,False,0.278,0,0,101.59,1,False,False,0.0,True,False,0.043
ch_890c2abc5abc484c,False,0.187,0,0,54.7,1,False,False,0.0,False,False,0.157
ch_f1cadb1a730b4239,False,0.461,0,0,38919.24,1,False,False,0.0,False,False,0.005
ch_a54d3d3c338d419d,False,-0.197,0,0,101.84,1,False,False,0.0,False,False,0.184
ch_b0d17e5d97794764,False,0.73,0,0,98.42,1,False,False,0.0,True,False,0.1
ch_695bc253211843e3,False,0.613,0,0,64.86,1,False,False,0.0,True,False,0.066
ch_9b5df63b3d7c404e,False,-0.687,0,0,7203.74,1,False,False,0.0,False,False,0.004
ch_3f1ba91cebc64c58,False,0.375,0,0,80.01,1,False,False,0.0,False,False,0.069
ch_6ef406398e0b49ff,False,-0.717,1,1,71.43,1,False,False,0.2,True,False,0.036
ch_9949917d6fb64add,False,1.631,2,2,77.59,1,False,False,0.4,True,False,0.254
ch_beb286e0cbe34367,False,0.231,3,3,59.33,1,False,False,0.6,True,False,0.052
ch_f49219ed89e940f0,False,-0.791,0,0,68.17,1,False,False,0.0,True,False,0.146
ch_fcb008e4368b42d4,False,-0.679,0,0,99.06,1,False,False,0.0,False,True,0.042
ch_aaeeb881829e4663,False,-1.073,0,0,63.74,1,False,True,0.0,True,False,0.196
ch_e9c62739bd004f26,False,-0.549,0,0,109.3,1,False,True,0.0,True,False,0.177
ch_52762c0acef24d88,False,-0.164,0,0,126.12,1,False,False,0.0,False,False,0.194
ch_cf3912fd97784af2,False,0.518,0,0,162.25,2,True,False,0.0,False,False,0.031
ch_e9e774fc75c14213,False,-0.606,0,0,58221.37,1,False,False,0.0,True,False,0.135
ch_4b00f007d37d4f6a,False,-0.156,0,0,107.89,1,False,False,0.0,True,False,0.431
ch_617913fe2e6448fa,False,-0.956,0,0,57.48,1,False,False,0.0,False,False,0.022
ch_16b663cc04bb4da7,False,-0.172,0,0,109.7,1,False,True,0.0,True,False,0.068
ch_354555a8ba5040e0,False,0.372,0,0,62.3,1,False,False,0.0,False,False,0.132
ch_cd7a0454e1d04de8,False,0.83,0,0,80.86,1,False,False,0.0,True,False,0.158
ch_8ad01b7c861647ac,False,-1.517,0,0,81.13,1,False,False,0.0,True,False,0.189
ch_840d75cb834547a4,False,-1.113,0,0,424.07,1,False,False,0.0,True,False,0.067
ch_c02e36cc358746a9,False,-1.359,0,0,67.51,1,False,False,0.0,True,False,0.092
ch_db7e713abd554019,False,0.17,0,0,520.99,1,False,False,0.0,False,False,0.271
ch_4dccddb3697a4e47,False,-1.058,0,0,47164.26,1,False,False,0.0,True,False,0.13
ch_5fba62fd732d42da,False,-1.14,0,0,60.98,1,False,False,0.0,True,False,0.137
ch_307053a45cb54a57,False,-0.779,0,0,71.09,1,False,False,0.0,False,False,0.005
ch_3fadc731813e4fc7,False,-1.073,0,0,72.25,1,False,False,0.0,True,False,0.081
ch_78d9df8c05294da9,False,0.187,0,0,69.16,1,False,False,0.0,False,False,0.098
ch_9d4e8f9d53bb468f,False,2.009,0,0,123.75,1,False,False,0.0,True,False,0.11
ch_abb981a7e2224bd4,False,0.389,0,0,78.32,1,False,False,0.0,False,False,0.026
ch_311dd2ee3ae245d8,False,1.227,0,0,175.4,1,False,False,0.0,False,False,0.171
ch_5432667ed64947ee,False,1.06,0,0,37089.2,1,False,True,0.0,True,False,0.111
ch_3b81e1257c1a41b2,False,-0.285,0,0,12291.37,1,False,False,0.0,True,False,0.262
ch_afc61ea95c39481e,False,-1.14,0,0,65.17,1,False,False,0.0,True,False,0.109
ch_d4a7f1cbc1eb40dd,False,0.167,0,0,35800.2,1,False,False,0.0,True,False,0.24
ch_a8332d5ece2c4968,False,-1.15,0,0,94.28,1,False,False,0.0,False,False,0.036
ch_868f6263b76849da,False,0.724,0,0,88.46,1,False,True,0.0,True,False,0.215
ch_735cd65fe5c743b7,False,-0.8,0,1,46008.22,1,False,True,0.0,True,False,0.118
ch_f1d0e961ce614d00,False,-1.289,0,0,146.75,1,False,False,0.0,False,False,0.204
ch_fc01c7f0bdd3440b,False,-0.087,0,0,89.77,1,False,False,0.0,True,False,0.083
ch_36b26f2da59e45dd,False,-1.084,0,0,106.8,1,False,False,0.0,True,False,0.018
ch_21d4c967533041c4,False,-1.058,0,0,34297.82,1,False,False,0.0,True,False,0.102
ch_f8980a0fe18b41bf,False,0.159,0,0,99.87,1,False,False,0.0,False,False,0.118
ch_d58571f63aa047a7,False,1.267,0,0,66.74,1,False,False,0.0,True,False,0.263
ch_bcb62a68119b4898,False,0.06,0,0,76.33,1,False,True,0.0,True,False,0.027
ch_3e9a60ab02be47ae,False,-1.073,0,0,97.88,1,False,False,0.0,True,False,0.152
ch_c2a1bc28dfe541df,False,0.378,0,0,85.35,1,False,True,0.0,True,False,0.219
ch_4386ba8afeeb47d1,False,-0.386,0,0,32465.11,1,False,False,0.0,False,False,0.157
ch_b814a39af5534fc5,False,-1.002,0,0,467.16,2,True,False,0.0,False,False,0.007
ch_209e086b659c4743,False,0.187,0,0,78.04,1,False,False,0.0,True,False,0.176
ch_ad0c76a0c2374be8,False,-0.125,0,0,67.38,1,False,False,0.0,False,False,0.032
ch_c6de2d51455d44a0,False,0.013,0,0,103.32,1,False,False,0.0,True,False,0.099
ch_b8c34d8ff5ee42cf,False,0.22,0,1,47247.22,1,False,False,0.0,False,False,0.181
ch_cd0a30af30f04488,True,-0.741,0,0,45231.97,1,False,False,0.0,False,False,0.022
ch_f618cfa72989461a,False,0.146,0,1,93.0,1,False,False,0.0,True,False,0.177
ch_b69775d637014993,False,-0.433,0,0,95.06,1,False,True,0.0,False,False,0.038
ch_ec839abe3cf147c6,False,-1.073,0,0,92.57,1,False,False,0.0,False,False,0.038
ch_fdfc7b48f00c4cd4,False,2.01,0,0,78.87,1,False,False,0.0,True,False,0.119
ch_e6c6cf74dbe04a5c,False,-0.172,0,0,70.03,1,False,False,0.0,True,False,0.228
ch_39e4653a2a15443c,False,-0.389,0,0,57.88,1,False,False,0.0,False,False,0.255
ch_398399d7c8a54040,False,1.502,0,0,48743.19,1,False,False,0.0,True,False,0.17
ch_14fa0090035546ab,False,-0.507,0,0,11769.37,2,True,False,0.0,True,False,0.899
ch_c397211769d8423d,False,-0.129,0,0,120.77,1,False,False,0.0,True,False,0.129
ch_9b4dcc8efece442c,False,-0.489,0,0,90.6,1,False,False,0.0,True,False,0.232
ch_4b8f61460c8a47d0,True,0.453,0,0,43559.09,2,True,False,0.0,False,False,0.235
ch_537e033dd66c4408,False,-0.177,0,0,68.82,1,False,False,0.0,False,False,0.1
ch_b6e62cf074d2469b,False,0.167,0,0,50869.27,1,False,False,0.0,False,False,0.068
ch_1c99b0d5f6524deb,False,0.015,0,0,121.31,1,False,False,0.0,True,False,0.11
ch_38182a4942c64838,False,0.22,0,0,55965.81,1,False,False,0.0,False,False,0.225
ch_4c94dd626bce451a,False,1.315,0,0,80.4,1,False,False,0.0,False,False,0.054
ch_62328a90ca804aba,False,0.966,0,0,159.77,1,False,False,0.0,True,False,0.25
ch_6bfc0b2ea9654ca3,False,-1.05,0,0,128.31,1,False,False,0.0,True,False,0.139
ch_b1de5ed7ad454967,False,-1.113,0,0,474.13,1,False,False,0.0,True,False,0.227
ch_0d68d0db65874973,False,-0.8,0,0,54750.76,2,True,False,0.0,False,False,0.062
ch_edf102480fbb4267,False,-1.058,0,0,36759.57,1,False,False,0.0,True,False,0.137
ch_4bbdc8191f4442a3,False,-0.507,0,0,6652.82,2,True,False,0.0,True,False,0.013
ch_21e503b337b64ad4,False,-1.113,0,0,362.66,1,False,True,0.0,True,False,0.274
ch_c4acd27285104c75,False,-1.058,0,0,39590.21,1,False,True,0.0,True,False,0.021
ch_9506d152dd0646ca,False,-0.277,0,0,9849.21,1,False,False,0.0,False,False,0.065
ch_41379f4e6ffe4791,False,0.187,0,0,95.06,1,False,False,0.0,False,False,0.147
ch_629fb26dbf574ead,False,0.596,0,0,73.67,1,False,False,0.0,False,False,0.206
ch_af9bb009dbaf40ff,False,-0.441,0,0,8386.45,1,False,False,0.0,True,False,0.168
ch_211a4ce0856c4616,False,1.264,0,0,86.97,1,False,False,0.0,True,False,0.108
ch_46432040c7164aa0,False,-0.881,0,0,7865.33,1,False,False,0.0,False,False,0.152
ch_63835a44efd34369,False,-0.38,0,0,34278.76,1,False,False,0.0,True,False,0.168
ch_88dd6324914e4190,False,0.821,0,0,75.31,1,False,False,0.0,True,False,0.185
ch_43d6ab1a238841ac,False,-1.073,0,0,102.97,1,False,True,0.0,True,False,0.002
ch_c78a47e5f8d34c75,False,-0.753,0,0,57991.17,1,False,False,0.0,True,False,0.115
ch_a36da6a877674925,False,1.446,0,0,8185.48,1,False,False,0.0,True,False,0.053
ch_d314dd054a1448c4,False,-0.549,0,0,83.81,1,False,True,0.0,False,False,0.012
ch_2f6ec721d4be4cf3,False,-0.664,0,0,51620.78,1,False,False,0.0,True,False,0.188
ch_ccd07b5f7dfa4a14,False,-0.705,0,0,42762.34,1,False,False,0.0,False,True,0.109
ch_0561d921aed34bbb,False,-1.558,0,0,77.53,1,False,False,0.0,True,False,0.345
ch_079056fd08694083,False,1.515,0,0,32025.95,1,False,False,0.0,True,False,0.093
ch_9094f2d699714d93,False,-0.684,0,0,65.77,1,False,False,0.0,True,False,0.092
ch_cfce334eab83431b,False,-0.216,0,0,67.16,1,False,False,0.0,False,False,0.024
ch_408d2f2eb13b4c15,False,0.074,0,0,95.17,1,False,False,0.0,True,False,0.102
ch_e937fd9042844473,False,-0.172,0,0,76.1,1,False,True,0.0,True,False,0.188
ch_2a1a5287cc4a42f2,False,0.604,0,0,57720.6,1,False,True,0.0,True,False,0.387
ch_ddd368d9c0b64764,False,-0.489,0,0,74.42,1,False,False,0.0,True,False,0.864
ch_b8aa31879c3a4f30,False,-1.113,0,0,342.39,2,True,False,0.0,True,False,0.16
ch_2dc7de6567aa4647,False,-0.549,0,0,119.15,1,False,False,0.0,True,False,0.002
ch_b0d1944975644d74,False,1.267,0,0,76.05,1,False,False,0.0,True,False,0.149
ch_5a2215461db14d33,False,-0.324,0,0,67.17,1,False,False,0.0,False,False,0.078
ch_b3c04a5b974341d4,False,-1.058,0,0,38121.12,1,False,False,0.0,True,False,0.141
ch_8e97103aaec74199,False,-1.14,0,0,86.58,1,False,False,0.0,True,False,0.035
ch_e5a1c34eeb004cf8,False,-0.802,0,0,7037.62,1,False,False,0.0,True,False,0.083
ch_4831b57a67f349c4,False,0.271,0,0,54542.7,2,True,False,0.0,False,False,0.226
ch_ca1e8d4ac9eb4167,False,1.019,0,0,60.79,1,False,False,0.0,False,False,0.189
ch_e7c8f74e03f645eb,False,-1.073,0,0,94.06,1,False,False,0.0,True,True,0.293
ch_66e6ff92cd494a13,False,0.187,0,0,53.54,1,False,False,0.0,True,False,0.041
ch_07bf6e5f241a4e1f,False,1.06,0,0,44631.65,1,False,True,0.0,True,False,0.087
ch_2dc8f6927c4240d9,False,-1.14,0,0,60.33,1,False,False,0.0,True,False,0.811
ch_6cf73b6762204599,True,-1.266,0,0,112.0,1,False,False,0.0,True,False,0.14
ch_42f9314b2ef34df8,False,0.724,0,0,102.66,2,True,True,0.0,True,False,0.116
ch_a41518d61ec54c72,False,2.01,0,0,99.31,1,False,False,0.0,True,False,0.215
ch_4771b11d7bd544b3,False,-0.819,0,0,56.45,2,True,False,0.0,False,False,0.161
ch_cf40c81888ae4e56,False,1.419,0,0,51801.5,1,False,False,0.0,False,False,0.118
ch_83c7b96f660343a1,False,-1.289,0,0,126.2,1,False,False,0.0,True,False,0.304
ch_0a24841c654d42b3,False,-0.873,0,0,96.7,1,False,False,0.0,True,False,0.207
ch_237e63ed515844f8,False,0.248,0,0,94.82,1,False,False,0.0,False,False,0.108
ch_cf48e2a4a48b4657,False,-0.441,0,0,8324.74,1,False,False,0.0,False,False,0.13
ch_288d302154304d87,False,0.946,0,0,9084.75,1,False,False,0.0,True,False,0.124
ch_e4eb98304bd744d3,False,-0.345,0,0,85.12,1,False,False,0.0,True,False,0.029
ch_2d3d097453554d69,False,-0.277,0,0,9924.3,1,False,False,0.0,True,False,0.405
ch_85b66ba733c24085,False,-1.143,0,0,67.28,1,False,False,0.0,True,False,0.084
ch_184658abfd8f4092,False,0.268,0,0,60.84,1,False,False,0.0,True,False,0.029
ch_4abf8d4d95b14f8e,False,-1.073,0,0,87.04,1,False,False,0.0,False,False,0.066
ch_7f317317dad74473,False,-1.003,0,0,37712.8,1,False,False,0.0,False,False,0.092
ch_b8f9130c002b4c1a,False,-0.057,0,0,73.32,1,False,False,0.0,False,True,0.067
ch_3bf06fb8ba8843d5,False,0.17,0,0,352.07,1,False,True,0.0,True,False,0.112
ch_5350ff0e2d1f48ce,False,0.925,0,0,69.38,1,False,False,0.0,False,False,0.147
ch_d308a2f183bb4412,False,0.187,0,0,69.62,1,False,False,0.0,True,False,0.106
ch_3472268fa3e548fe,False,0.225,0,0,69.62,1,False,False,0.0,True,False,0.017
ch_b6267de4dd714487,False,-0.8,0,0,56158.65,1,False,False,0.0,False,False,0.164
ch_c73f99b8956d4907,False,1.463,0,0,108.11,1,False,False,0.0,False,False,0.209
ch_aea634c8bc094762,False,0.889,0,0,84.56,1,False,False,0.0,False,False,0.075
ch_e9b21c3371bc42cb,False,-0.722,0,0,68.69,1,False,False,0.0,False,False,0.373
ch_60aa8ea7ae16446a,False,1.384,0,0,316.96,1,False,False,0.0,False,False,0.036
ch_a666d1fd5f06424b,False,-0.463,0,0,8671.68,1,False,False,0.0,True,False,0.116
ch_2ec85c7bf27d45ea,False,0.22,0,0,54390.82,1,False,False,0.0,True,False,0.036
ch_d90a391e10a14998,False,-0.092,0,0,81.46,1,False,False,0.0,False,False,0.089
ch_28b881e33e9d475a,False,-0.591,0,0,82.16,1,False,False,0.0,True,False,0.217
ch_c76e2f13966c469f,False,1.758,0,0,101.93,1,False,False,0.0,True,False,0.008
ch_b70f05fb279f432e,False,-0.973,0,0,106.12,1,False,True,0.0,True,False,0.053
ch_22c18cbaa05d4ed0,True,0.759,0,0,146.38,1,False,False,0.0,True,False,0.166
ch_245179ed618f438f,False,-0.331,0,0,67.53,1,False,False,0.0,True,False,0.122
ch_08555a9ffa9743b2,False,-0.231,0,0,85.89,1,False,False,0.0,False,False,0.126
ch_617268798c73455c,False,-1.073,0,0,65.08,1,False,False,0.0,True,False,0.144
ch_b2304f6c53e048bf,False,-0.591,0,0,102.14,1,False,False,0.0,True,False,0.056
ch_88943bcb987743a7,True,0.265,0,0,11114.63,2,True,False,0.0,False,False,0.308
ch_21b3e63891c544ef,False,-0.172,0,0,106.09,1,False,False,0.0,True,False,0.167
ch_09aa473a0fd9481a,False,-0.591,0,0,67.57,1,False,False,0.0,True,False,0.751
ch_29bd38425a724214,True,0.071,0,0,65.23,1,False,False,0.0,True,False,0.959
ch_857a179c7027407e,False,1.36,0,0,122.64,1,False,False,0.0,True,False,0.211
ch_ca720af11de74d82,False,0.453,0,0,39908.63,1,False,False,0.0,False,False,0.118
ch_cbc7ad666dde4dd2,False,0.27,0,0,82.04,1,False,False,0.0,True,False,0.199
ch_a8a386f216794056,False,-0.177,0,0,83.87,1,False,False,0.0,True,False,0.023
ch_01d38ee3415b46bd,False,-0.791,0,0,70.68,1,False,False,0.0,True,False,0.029
ch_17e3e73b41304487,False,0.994,0,0,56.2,1,False,False,0.0,True,False,0.143
ch_0d8e14bf4fb54087,False,-1.379,0,0,99.21,1,False,False,0.0,False,False,0.039
ch_f1277cf093384273,False,-1.077,0,0,125.6,1,False,False,0.0,False,False,0.314
ch_debe2ae263214787,False,-1.26,0,0,99.4,1,False,False,0.0,True,False,0.011
ch_caf5b7e4f6554e5a,False,-1.113,0,0,428.95,1,False,False,0.0,False,False,0.049
ch_8c3c36da90d44c07,False,1.479,0,0,54.04,1,False,False,0.0,True,False,0.215
ch_03663031bad34262,False,-1.058,0,0,57947.33,1,False,False,0.0,True,False,0.027
ch_c291731109ad47ef,False,-0.591,0,0,89.12,1,False,False,0.0,False,False,0.854
ch_294da26ff96f4e82,False,-0.881,0,0,11606.3,1,False,False,0.0,True,False,0.792
ch_53037379de734b68,False,-0.802,0,0,9233.2,1,False,False,0.0,True,False,0.201
ch_ee7724a6cae44bd3,False,-0.687,0,0,10386.12,1,False,False,0.0,True,False,0.19
ch_8bb3d1af43d4412d,False,0.078,0,0,36530.62,1,False,False,0.0,True,False,0.098
ch_e14d50b8d2104143,False,-1.594,0,0,82.77,1,False,False,0.0,False,False,0.198
ch_dde41fe3fb7c46b9,False,0.494,0,0,64.33,1,False,False,0.0,True,False,0.035
ch_23e24fa9c1a34887,False,-0.673,0,0,58.18,1,False,False,0.0,True,False,0.002
ch_6f5b9c7b91d442ff,False,0.215,0,0,46362.55,1,False,True,0.0,True,False,0.011
ch_8d51fd47ecb141d8,False,-1.113,0,0,432.76,1,False,True,0.0,True,False,0.25
ch_c904ffbe96824602,True,-1.058,0,0,45127.54,1,False,True,0.0,True,False,0.15
ch_4ae5b01477ec4a33,False,-1.366,0,0,61.27,1,False,False,0.0,True,False,0.231
ch_16a77ed89bb34850,False,0.029,0,0,86.3,1,False,False,0.0,True,False,0.187
ch_e7a9e542bbe346be,False,0.796,0,0,32768.87,1,False,False,0.0,True,False,0.044
ch_799119101f2f4f2b,False,0.088,0,0,155.8,1,False,False,0.0,True,False,0.194
ch_5715fc7b4f03409d,False,0.268,0,0,91.88,1,False,False,0.0,False,False,0.007
ch_7a4dab234ffe4e05,False,0.06,0,0,96.02,1,False,False,0.0,False,False,0.179
ch_883d55b4a99f4ad8,False,0.268,0,0,69.81,1,False,False,0.0,True,False,0.294
ch_9bc9ce1868a34283,False,-0.577,0,0,141.83,1,False,False,0.0,True,False,0.988
ch_d8837890ccbb4cd5,False,-0.376,0,0,96.3,1,False,False,0.0,True,False,0.209
ch_85c3437f14a14a2e,False,0.241,0,0,143.11,1,False,False,0.0,False,False,0.08
ch_e3c370bd6d904e7b,False,-0.512,0,0,333.04,1,False,False,0.0,True,False,0.08
ch_aba1f958cae542a0,False,0.646,0,0,35826.83,1,False,False,0.0,True,False,0.184
ch_5b5d87049a9e4f50,False,1.923,0,0,79.45,1,False,False,0.0,True,False,0.062
ch_8d3d03beffb14713,False,0.571,0,0,118.88,1,False,False,0.0,True,False,0.069
ch_44935c0b5ff94cef,False,-1.073,0,0,66.66,1,False,True,0.0,True,False,0.002
ch_d5fb8a4683b740bd,False,-0.549,0,0,104.82,1,False,True,0.0,True,False,0.067
ch_0b0dd23ad9924951,False,-0.129,0,0,85.17,1,False,False,0.0,False,False,0.123
ch_da92df5c21254e54,False,-0.343,0,0,52334.77,1,False,False,0.0,True,False,0.081
ch_899e50dbfd764a60,False,-0.376,0,0,101.43,1,False,False,0.0,False,False,0.165
ch_96f59bc5dd8c4b39,False,0.966,0,0,159.66,1,False,False,0.0,False,False,0.23
ch_f1cf058cd89a4ff0,False,0.071,0,0,107.92,1,False,False,0.0,True,False,0.099
ch_c2def9172f894f33,True,-1.113,0,0,430.0,2,True,False,0.0,False,False,0.935
ch_baa12193469445c4,False,-0.078,0,0,9427.63,1,False,True,0.0,True,False,0.035
ch_826249619bb446f2,False,-0.172,0,0,96.82,1,False,True,0.0,True,False,0.243
ch_7967b1862bfc4879,False,0.187,0,0,90.75,2,True,False,0.0,False,False,0.038
ch_e1b56af1725c4f20,False,-1.113,0,0,330.3,1,False,False,0.0,True,False,0.192
ch_410c434693124012,False,-0.549,0,0,108.25,1,False,False,0.0,True,False,0.104
ch_71a4839c4b1c42be,False,0.962,0,0,49508.42,1,False,False,0.0,True,False,0.301
ch_861e1e42ab144b83,False,-0.802,0,0,8033.64,1,False,False,0.0,True,False,0.14
ch_f675502b51694d2c,False,-1.058,0,0,34307.07,1,False,False,0.0,True,False,0.145
ch_e5701d2f218c42b3,False,-1.14,0,0,102.21,1,False,False,0.0,True,False,0.035
ch_24746352b1524429,False,0.015,0,0,130.14,1,False,False,0.0,True,False,0.009
ch_e9f2648437e7480c,False,-1.073,0,0,108.16,1,False,False,0.0,True,True,0.094
ch_909c26c3cd6d4661,False,-0.348,0,0,412.39,1,False,False,0.0,False,False,0.011
ch_f11f8a228b9744dd,False,0.294,0,0,70.22,1,False,False,0.0,True,False,0.264
ch_c4954cc1f0654ed6,False,0.187,0,0,90.85,1,False,False,0.0,True,False,0.291
ch_83f5c69f628d4608,False,-0.156,0,0,100.97,1,False,False,0.0,True,False,0.032
ch_36caf6769ccd4146,False,1.06,0,0,32192.3,1,False,True,0.0,True,False,0.189
ch_e0d17407e519412d,True,-0.343,0,0,34167.71,1,False,False,0.0,False,False,0.173
ch_9f96f5bce618447d,False,-1.14,0,0,102.82,1,False,False,0.0,True,False,0.026
ch_9fa6814a310d412c,False,-0.674,0,0,109.15,2,True,False,0.0,True,False,0.201
ch_2be66a07b06c4e89,False,-0.159,0,0,83.96,2,True,False,0.0,True,False,0.082
ch_e3cbc32ae13f4795,False,0.724,0,0,98.33,1,False,True,0.0,True,False,0.016
ch_cc4db1ea69f64bf7,False,1.419,0,0,51839.62,1,False,False,0.0,False,False,0.118
ch_0e6bf29655394c73,False,0.683,0,0,71.57,1,False,False,0.0,True,False,0.129
ch_b467ddf001dc4c10,False,-1.073,0,0,108.76,1,False,False,0.0,True,False,0.137
ch_dc8bd2027207460e,False,-0.764,0,0,64.11,1,False,False,0.0,False,False,0.164
ch_86f84a180b244c05,False,1.264,0,0,98.08,1,False,False,0.0,False,False,0.101
ch_40953ffbdc5942a6,False,-0.057,0,0,76.69,1,False,True,0.0,True,False,0.075
ch_a7314d357f1c457a,False,0.187,0,0,60.08,1,False,False,0.0,True,False,0.037
ch_3869c6acf75f472f,False,0.517,0,0,48842.31,1,False,False,0.0,True,False,0.676
ch_0063511c3b8441d3,False,-0.327,0,0,80.33,1,False,False,0.0,True,False,0.054
ch_dcbf3170dc664e63,False,0.22,0,0,56196.83,1,False,False,0.0,True,False,0.041
ch_ce9761c120764edb,False,-0.102,0,0,40684.43,2,True,False,0.0,True,False,0.211
ch_228c1e7bcf384dbf,False,2.032,0,0,114.67,1,False,False,0.0,True,False,0.179
ch_334c86d229314676,False,-1.625,0,0,138.85,1,False,True,0.0,True,False,0.007
ch_247d22e1ab0e43b6,False,-0.338,0,0,53805.62,1,False,False,0.0,False,False,0.026
ch_9481dc2c9db445af,False,-0.705,0,1,32211.7,1,False,False,0.0,False,False,0.183
ch_28449cc5f75144e4,False,0.278,0,0,116.38,1,False,False,0.0,True,False,0.242
ch_1cd42f81d3b740cf,False,0.374,0,0,74.64,1,False,False,0.0,True,False,0.028
ch_d0f908b82345469c,False,7.651,0,0,81.89,1,False,False,0.0,True,False,0.035
ch_5d5f137d59eb4ed1,False,-1.035,0,0,77.11,1,False,False,0.0,False,False,0.062
ch_0648b37c0f654317,False,-1.073,0,0,105.52,1,False,False,0.0,True,False,0.069
ch_50f72234a7de4242,False,-1.12,0,0,413.27,1,False,False,0.0,True,False,0.305
ch_34eb9e4e91634e3b,False,-0.277,0,0,11925.38,1,False,False,0.0,True,False,0.268
ch_a9f94d196d154095,False,-0.172,0,0,94.85,1,False,False,0.0,True,False,0.024
ch_f7bc42b93bb44fa9,False,0.22,0,0,52980.04,1,False,False,0.0,True,False,0.179
ch_d14afcb3ebaa4316,False,-1.289,0,0,167.87,1,False,False,0.0,False,False,0.136
ch_7363d3c61fea4ede,False,0.047,0,0,101.64,1,False,False,0.0,True,False,0.13
ch_1b50d59fc1074b22,False,-0.172,0,0,109.3,1,False,False,0.0,True,False,0.282
ch_0529dfc26c2940b3,False,-1.594,0,1,102.17,1,False,False,0.0,True,False,0.04
ch_d9e235d6de094356,False,0.577,0,0,33245.76,1,False,False,0.0,False,False,0.078
ch_0d340a8c472f4922,True,-0.791,0,0,92.66,1,False,False,0.0,False,False,0.232
ch_ebc5b5dc4f01471c,False,-0.177,0,0,62.75,1,False,False,0.0,True,False,0.11
ch_912772fd97314462,False,-1.143,0,0,72.35,1,False,False,0.0,True,False,0.189
ch_c339a9a4abfe4df7,False,-1.558,0,0,81.47,1,False,False,0.0,True,False,0.015
ch_076f13d1e6614ab0,False,-0.793,0,0,49368.62,1,False,False,0.0,True,False,0.223
ch_009a55ad944e4c49,False,-1.26,0,0,79.76,1,False,False,0.0,True,False,0.152
ch_bfd56a8ca4de491b,False,-0.057,0,0,98.58,1,False,False,0.0,True,False,0.022
ch_c4b3c70a0fd348a8,False,-1.113,0,0,577.14,1,False,False,0.0,True,False,0.184
ch_cc8ff85f9549414c,False,0.759,0,0,139.77,1,False,False,0.0,True,False,0.066
ch_20e14a8a1fbb4293,False,2.092,0,0,358.53,1,False,False,0.0,True,False,0.026
ch_a1dbfa09acb84fd3,False,0.821,0,0,122.91,2,True,False,0.0,False,False,0.083
ch_11455846d2024c96,False,0.389,0,0,96.66,1,False,False,0.0,True,False,0.177
ch_8aab73c834164f7d,False,-1.172,0,0,134.47,1,False,False,0.0,False,False,0.082
ch_92dd9ba4d5694316,False,-1.058,0,0,44309.0,1,False,False,0.0,True,False,0.049
ch_6964e403fb87495f,True,4.886,0,0,76.61,1,False,False,0.0,True,False,0.021
ch_f938b7c8f9694374,False,1.456,0,0,119.88,1,False,False,0.0,False,False,0.003
ch_49e7c1ea4e5944c3,False,-1.113,0,0,337.02,2,True,True,0.0,True,False,0.102
ch_0b15ad388fbf4965,False,-1.058,0,0,55241.13,1,False,True,0.0,True,False,0.255
ch_fcb32f1d56b64ce3,False,0.946,0,0,7194.29,1,False,False,0.0,False,False,0.125
ch_036891fb9ce04035,True,0.61,0,0,114.89,1,False,False,0.0,True,False,0.994
ch_d82dbe73c01b49c6,False,-0.86,0,0,333.74,1,False,False,0.0,True,False,0.048
ch_8465f622902f4d88,False,-0.299,0,0,97.01,1,False,True,0.0,True,False,0.3
ch_b58831984e3041b2,False,0.215,0,0,35676.12,1,False,False,0.0,True,False,0.056
ch_fcbb27808f524560,False,-1.143,0,0,102.64,1,False,False,0.0,True,False,0.156
ch_3cb33bd167934af5,False,-1.073,0,0,82.2,1,False,True,0.0,True,False,0.017
ch_ea3113d7b13c4a49,False,1.105,0,0,99.98,1,False,False,0.0,True,False,0.177
ch_3fee675d4ab24a89,False,0.294,0,0,57.35,1,False,False,0.0,False,False,0.109
ch_16a93263142e4328,False,1.153,0,0,72.18,1,False,False,0.0,True,False,0.193
ch_cd322b0f03a54c02,False,-0.078,0,0,76.71,1,False,False,0.0,True,True,0.025
ch_d4b5c905c0be49b4,False,-0.894,0,0,52669.69,1,False,True,0.0,True,False,0.183
ch_57a5d4ff3f7242d3,False,-0.549,0,0,87.34,1,False,True,0.0,True,False,0.133
ch_16b0f7e4ab364900,False,1.227,0,0,131.96,1,False,False,0.0,True,False,0.036
ch_98d83c6768f34b86,False,0.464,0,0,533.94,2,True,False,0.0,True,False,0.018
ch_1490adb61ca54893,False,-1.113,0,0,341.67,1,False,False,0.0,False,False,0.123
ch_a74bb8c0baee4771,False,0.22,0,0,45738.11,1,False,False,0.0,False,False,0.328
ch_6f9c887a302f44b0,False,1.084,0,0,143.9,1,False,True,0.0,True,False,0.147
ch_aa383cf3aeb04676,False,0.685,1,1,114.64,1,False,True,0.2,False,False,0.023
ch_09fda08c97a148de,False,-1.007,2,2,104.92,1,False,True,0.4,True,False,0.285
ch_1a3ffefb9a7f41fc,True,2.66,3,3,123.7,1,False,True,0.6,True,False,0.642
ch_01ad5a210c05438e,False,1.217,4,4,156.71,1,False,True,0.8,True,False,0.235
ch_c0ce21548a0547df,True,-0.801,5,5,123.8,1,False,True,1.0,True,False,0.067
ch_3aceea22d8cc4c1e,False,-1.113,0,0,488.05,1,False,False,0.0,True,False,0.077
ch_ab1641ebc01a46aa,False,0.049,0,0,69.82,1,False,False,0.0,True,False,0.216
ch_fd43a63a7b1e4258,False,1.019,0,0,83.29,2,True,False,0.0,False,False,0.053
ch_67d6f2fedfb24ab6,False,-0.172,0,0,85.45,1,False,True,0.0,True,False,0.105
ch_32b665ea72b742f5,False,-1.113,0,0,438.45,1,False,False,0.0,True,False,0.225
ch_2dba0a851d394a89,False,-0.549,0,0,107.2,1,False,False,0.0,True,False,0.206
ch_834819e2362b48e7,False,1.73,0,0,101.8,1,False,False,0.0,True,False,0.147
ch_b2804ad0c7d8432f,False,0.543,0,0,74.31,1,False,False,0.0,False,False,0.114
ch_4682821147724a99,False,1.053,0,0,40430.27,1,False,True,0.0,True,False,0.306
ch_9f7bf822b84343db,False,-0.28,0,0,162.57,1,False,True,0.0,False,False,0.214
ch_5921577870f44c82,True,0.326,0,0,80.48,2,True,False,0.0,False,False,0.011
ch_5e09c76747444dfc,False,0.963,0,0,95.72,1,False,False,0.0,True,False,0.136
ch_e5d7ee449fc34f24,False,-1.058,0,0,49140.08,1,False,False,0.0,True,False,0.35
ch_6eb82cafe8224f29,False,-1.14,0,0,78.73,1,False,False,0.0,False,False,0.128
ch_4f77ded7d73d4c07,False,-1.002,0,0,383.42,1,False,False,0.0,True,False,0.24
ch_bb155d9398c04ead,True,-0.814,0,0,58.3,1,False,False,0.0,True,False,0.877
ch_0bd54288d0ea4cc1,True,-1.073,0,0,67.61,1,False,False,0.0,True,False,0.288
ch_942e204f77554d29,False,-1.558,0,0,68.04,1,False,False,0.0,True,False,0.079
ch_ffd27a62e651428f,False,1.264,0,0,94.95,1,False,False,0.0,True,False,0.235
ch_689fe0d625ae449e,False,0.187,0,0,64.27,1,False,False,0.0,False,False,0.221
ch_1dcc522b2f3f434f,False,1.06,0,0,36957.4,1,False,True,0.0,True,False,0.019
ch_1f27235a3b2b4ac3,False,-1.113,0,0,454.92,1,False,False,0.0,True,False,0.101
ch_c6bf08b8f126414b,False,-1.14,0,0,68.91,1,False,False,0.0,True,False,0.792
ch_f17cfc433cad423c,False,0.724,0,0,101.57,1,False,True,0.0,True,False,0.186
ch_44189ba2b1744f4f,True,1.419,0,0,32608.4,1,False,True,0.0,False,False,0.4
ch_98d85d1120f04e4c,False,1.267,0,0,70.23,1,False,False,0.0,True,False,0.439
ch_c55cd11ffefb4d31,False,0.982,0,0,40716.38,1,False,False,0.0,True,False,0.122
ch_7106c325171f483b,False,-1.073,0,0,69.73,1,False,False,0.0,True,False,0.04
ch_76f57332cc3944fa,False,0.187,0,0,65.63,1,False,False,0.0,True,False,0.021
ch_f7bf155159fc4a9a,False,-0.425,0,0,93.06,1,False,False,0.0,True,False,0.079
ch_33eccd3052994180,False,-0.441,0,0,10079.46,1,False,False,0.0,True,False,0.052
ch_b312c3d878e8452b,False,0.577,0,0,40073.95,1,False,False,0.0,True,False,0.11
ch_590ac44a537d4a64,False,-0.837,0,0,67.5,1,False,False,0.0,True,False,0.305
ch_c9453c73d6ac42a7,False,-0.841,0,0,61.46,1,False,False,0.0,True,False,0.011
ch_e664bad2aa224115,False,0.142,0,0,9857.46,2,True,False,0.0,True,False,0.097
ch_aa516b43a76640f5,False,-0.556,0,0,37561.99,1,False,True,0.0,True,False,0.028
ch_3355d2d56c564897,False,-0.792,0,0,152.5,1,False,False,0.0,False,False,0.217
ch_5e7bed15335c483c,False,0.375,1,1,121.73,1,False,False,0.2,True,False,0.328
ch_ddc409d1ba5b4efa,False,-0.859,2,2,155.36,1,False,False,0.4,True,False,0.203
ch_efc5807515bc4b5c,False,-0.722,3,3,136.22,1,False,False,0.6,True,False,0.049
ch_e99704d97e734f01,True,2.89,4,4,128.25,2,True,False,0.8,True,False,0.167
ch_e0f92be316904a06,False,-0.832,5,5,179.26,1,False,False,1.0,True,False,0.307
ch_eba81f55d8d0455c,False,0.22,0,0,32065.3,1,False,False,0.0,True,False,0.046
ch_a5f06da5af9f4db3,False,0.27,0,0,84.48,1,False,False,0.0,True,False,0.072
ch_276a58b6f9a94d2d,False,0.405,0,0,156.53,1,False,False,0.0,False,False,0.083
ch_da7f8171d95c43ef,False,1.446,0,0,9031.04,1,False,False,0.0,True,False,0.077
ch_16069d6054114a79,True,0.241,0,0,119.36,2,True,False,0.0,False,False,0.17
ch_0207a4746f13432c,False,-1.26,0,1,78.24,2,True,False,0.0,True,False,0.112
ch_40a661913cdf43e6,False,-0.714,0,0,11629.55,1,False,False,0.0,True,False,0.102
ch_c6ca61641c134d84,False,1.419,0,0,46301.55,1,False,False,0.0,True,False,0.144
ch_12f7ad3f0fb14a11,False,-0.942,0,0,70.39,1,False,False,0.0,True,False,0.098
ch_d257968fac6b4ada,True,-1.073,0,0,74.82,2,True,False,0.0,True,False,0.048
ch_fd371f3da3c54ea3,False,0.79,0,0,62.1,1,False,False,0.0,True,False,0.077
ch_dde8f3984aba4f97,False,-1.035,0,0,88.4,1,False,False,0.0,True,False,0.06
ch_5f00ccfab6164971,False,-0.172,0,0,94.89,1,False,False,0.0,True,False,0.104
ch_6d95b7f9a569474e,False,-0.172,0,0,97.54,1,False,False,0.0,True,False,0.069
ch_61b856c025d3433b,False,0.278,0,0,111.07,1,False,True,0.0,True,False,0.175
ch_d57120ef5aff4a9e,False,-1.594,0,1,103.77,1,False,False,0.0,True,False,0.095
ch_492a4b70aa5948a8,False,0.577,0,0,56691.55,1,False,False,0.0,True,False,0.184
ch_f9eed14a93594bc2,False,0.863,0,0,82.93,1,False,False,0.0,True,False,0.056
ch_03c68bf1e9d14d16,False,-0.156,0,0,76.41,1,False,False,0.0,True,False,0.104
ch_c2db628a596c4bf6,False,0.657,0,0,97.42,1,False,False,0.0,True,False,0.018
ch_fc4ab27d637f4f0e,False,-0.28,0,0,161.92,1,False,False,0.0,True,False,0.083
ch_5436faa1a5084434,False,0.648,0,0,95.38,1,False,True,0.0,True,False,0.333
ch_c973944630d84423,False,-0.159,0,0,93.04,1,False,False,0.0,True,False,0.095
ch_41aea2a571eb44c4,False,-0.177,0,0,91.03,1,False,False,0.0,False,False,0.117
ch_ae7b0db03fe042cb,False,-0.177,0,0,109.65,1,False,False,0.0,True,False,0.472
ch_f558b0655c184b79,False,0.83,0,0,82.37,1,False,False,0.0,True,False,0.022
ch_125afa680f0949ab,False,2.49,0,0,35161.17,1,False,False,0.0,True,False,0.051
ch_6b1aefcd92284d7f,False,0.966,0,0,92.56,1,False,False,0.0,True,False,0.116
ch_974e8b4794d14524,False,0.502,0,0,89.33,2,True,False,0.0,True,False,0.424
ch_c0b21d266c324433,False,0.648,0,0,107.78,1,False,True,0.0,True,False,0.273
ch_cbc48aedd0d745de,False,0.453,0,0,55435.25,1,False,False,0.0,True,False,0.192
ch_87d8a8ff57ac4be3,False,0.208,0,0,88.94,1,False,False,0.0,True,False,0.121
ch_b79ef4368439415b,False,-0.698,1,1,104.63,1,False,False,0.2,True,False,0.104
ch_39010c41731a42d5,False,1.601,2,2,120.58,1,False,False,0.4,True,False,0.244
ch_fedb24c38e78467e,False,-1.009,3,3,67.41,1,False,False,0.6,True,False,0.087
ch_3ef7dcff66984ffd,True,5.038,4,4,115.02,1,False,False,0.8,True,False,0.263
ch_8c8ae2947a3c43a3,False,-1.26,0,0,118.71,1,False,False,0.0,True,False,0.032
ch_7d50eb89f6984fa7,False,-0.216,0,1,84.02,1,False,False,0.0,True,False,0.05
ch_c60d42fe85b34a0e,False,-1.113,0,0,388.67,1,False,False,0.0,True,False,0.047
ch_70eda0a322034a41,False,-0.549,0,0,85.48,1,False,False,0.0,True,False,0.044
ch_1825c2e437d54998,False,0.962,0,0,32018.73,1,False,False,0.0,True,False,0.949
ch_aeab59a73d18495a,False,-0.791,0,0,61.34,1,False,False,0.0,True,False,0.451
ch_02f18b0d202e4b5f,False,-1.058,0,0,53184.94,1,False,False,0.0,True,False,0.032
ch_b921317e992e4d95,False,-0.172,0,0,76.95,1,False,False,0.0,False,False,0.173
ch_638a009631bb48f2,False,1.797,0,0,139.06,1,False,False,0.0,True,False,0.116
ch_10679afd689040e8,False,-0.441,0,0,63.82,1,False,False,0.0,True,False,0.064
ch_8e50538c3b4542b9,False,-0.365,0,1,65.29,1,False,False,0.0,True,False,0.247
ch_af8f15fefde04ce2,False,-1.113,0,0,335.09,1,False,True,0.0,True,False,0.032
ch_c8b4ecad0dc94aa7,False,-1.058,0,0,52529.67,1,False,True,0.0,True,False,0.016
ch_d9ff0e6c0eef4257,True,1.456,0,0,171.09,1,False,False,0.0,False,False,0.024
ch_7e5acb8a22fd4642,False,-0.376,0,0,103.94,1,False,False,0.0,True,False,0.009
ch_966c32c6597f4aea,False,0.902,0,0,99.25,1,False,False,0.0,True,False,0.094
ch_3fe1196fd9d74ec9,False,0.169,0,0,137.72,1,False,False,0.0,True,False,0.139
ch_fdf151562441439e,False,-0.057,0,0,59.7,1,False,False,0.0,True,False,0.181
ch_bc1c74d0134e4487,False,1.573,0,0,419.46,1,False,False,0.0,True,False,0.301
ch_1c1ae09140e34c56,False,-1.128,0,0,50622.42,1,False,False,0.0,True,False,0.172
ch_dacc4dfe19a64ffa,False,1.36,0,0,136.67,1,False,True,0.0,True,True,0.186
ch_df923bcdb39c478d,False,0.959,0,0,85.39,1,False,True,0.0,False,False,0.154
ch_73b5ebdff8cd4fa2,False,-0.503,0,0,171.77,1,False,False,0.0,True,False,0.23
ch_82c057a8139140d9,False,-0.078,0,0,98.34,1,False,False,0.0,False,False,0.092
ch_b6537f6c3d3741ca,False,-0.102,0,0,37648.32,1,False,False,0.0,True,False,0.227
ch_da7ee30010d642ba,False,0.241,0,0,123.16,1,False,False,0.0,True,False,0.079
ch_f00b27cd322a4b3f,False,0.998,0,0,77.08,1,False,False,0.0,True,False,0.008
ch_f5d334d23702473b,True,-0.508,0,0,10546.13,1,False,False,0.0,True,False,0.251
ch_11dd63e7433c44ca,False,0.453,0,0,40794.03,1,False,False,0.0,True,False,0.007
ch_94bd79bfb9604d22,False,-1.073,0,0,63.58,1,False,True,0.0,True,False,0.178
ch_e8da201172ea414c,False,0.355,0,0,75.74,1,False,False,0.0,True,False,0.119
ch_d0ca0bd028b04cf3,False,1.515,0,0,47848.69,2,True,False,0.0,True,True,0.11
ch_aead9c337d2b441a,False,-0.549,0,0,84.69,1,False,True,0.0,True,False,0.12
ch_aeed409cf5cf4548,False,1.0,0,0,74.81,1,False,False,0.0,True,False,0.016
ch_b4512c367da74059,False,-1.073,0,0,71.13,1,False,False,0.0,False,False,0.178
ch_7d792d72d04f41ff,False,2.01,0,0,104.38,1,False,False,0.0,False,False,0.247
ch_20d04c77e6074b95,False,-0.58,0,0,131.87,1,False,False,0.0,True,False,0.368
ch_e1c05cc6a74e4c08,False,-1.113,0,0,514.22,1,False,False,0.0,True,False,0.1
ch_e01d010710934e4c,False,0.22,0,0,52783.16,2,True,False,0.0,False,False,0.2
ch_4a4928489ecf4719,False,0.61,0,0,119.53,1,False,False,0.0,False,False,0.1
ch_24368b3972c54899,False,2.441,0,0,102.78,2,True,False,0.0,True,False,0.103
ch_70ea565817be4007,False,0.453,0,0,35547.3,1,False,False,0.0,False,False,0.164
ch_7d6fc35f011b48ed,True,-0.683,0,0,66.16,1,False,False,0.0,False,False,0.172
ch_884b9ca48d744694,False,-0.441,0,0,84.31,1,False,False,0.0,True,False,0.002
ch_38322e766c534d91,False,-0.177,0,0,67.65,1,False,True,0.0,False,False,0.065
ch_15b146a8e58047b1,False,-1.113,0,0,333.06,1,False,False,0.0,True,False,0.202
ch_6ba5c34b462d4b0d,False,-0.172,0,0,71.49,1,False,True,0.0,True,False,0.029
ch_b7ba47bb3a7c4bc4,False,-0.3,0,0,67.24,1,False,False,0.0,True,False,0.182
ch_0e3d545756b64b36,False,-1.113,0,0,499.7,1,False,False,0.0,True,False,0.023
ch_16b783d555a94c33,False,1.315,0,0,82.57,1,False,False,0.0,True,False,0.129
ch_17eb856d4af648fe,False,-1.058,0,0,41478.32,1,False,False,0.0,True,False,0.295
ch_e12e21c4adb64be1,False,-1.14,0,0,80.77,1,False,False,0.0,True,False,0.291
ch_2bd34ccab1b943ae,False,-1.113,0,0,550.41,1,False,False,0.0,False,False,0.105
ch_baf82cdc96354e71,False,-1.073,0,0,99.63,1,False,False,0.0,True,False,0.165
ch_c5dcf8a4f67e4d9a,False,-0.687,0,0,7757.95,1,False,False,0.0,True,False,0.162
ch_b06e4c0c0a494c01,False,0.187,0,0,96.2,1,False,False,0.0,True,False,0.238
ch_6170fb60e6a14eb7,False,0.966,0,0,154.93,1,False,False,0.0,True,False,0.04
ch_2b6a92156c7c43b1,False,1.06,0,0,55279.66,1,False,True,0.0,True,False,0.013
ch_c35fbceef6824411,False,-1.14,0,0,86.49,1,False,False,0.0,True,False,0.2
ch_2651618d41d741c8,False,1.162,0,0,136.4,1,False,False,0.0,True,False,0.237
ch_a225e6c2a91b4703,False,-0.38,0,0,52288.53,2,True,False,0.0,True,False,0.154
ch_8f7268a590824337,False,0.724,0,0,93.5,1,False,True,0.0,True,False,0.157
ch_ec0846b5b0ed4a19,True,1.06,0,0,48257.62,1,False,False,0.0,True,False,0.123
ch_7a56101048604ad3,False,0.73,0,0,138.71,1,False,False,0.0,True,False,0.13
ch_e18f987cc7b34092,False,-1.073,0,0,100.85,1,False,False,0.0,True,False,0.067
ch_3a0cc08d3ae1482e,False,0.188,0,0,122.83,1,False,False,0.0,False,True,0.229
ch_8b66ceac5de54d3f,False,0.078,0,0,45111.49,1,False,False,0.0,False,False,0.03
ch_0593c921002e4010,False,-0.107,0,0,90.87,1,False,False,0.0,True,False,0.16
ch_8588b8d862734f3c,False,0.215,0,0,32278.17,1,False,False,0.0,False,False,0.108
ch_c72737a4e35f4124,False,0.187,0,0,87.41,1,False,False,0.0,True,False,0.198
ch_ea1cdd682aa044dd,False,0.27,0,0,59.56,1,False,False,0.0,True,False,0.246
ch_ef08e7dda8f84d79,False,0.464,0,0,438.1,1,False,False,0.0,True,False,0.113
ch_72eb66302bf1449e,False,-0.611,0,0,126.23,1,False,False,0.0,True,False,0.284
ch_1425aa06a14c4ca7,True,0.22,0,0,46419.53,1,False,False,0.0,True,False,0.265
ch_99990a2022804171,False,-0.197,0,0,144.21,1,False,False,0.0,True,False,0.203
ch_ff3c6d2ebcae4952,False,-1.26,0,0,85.12,1,False,False,0.0,True,False,0.109
ch_34d6968f4ade4d8f,True,-0.608,0,0,145.51,2,True,False,0.0,True,False,0.172
ch_3bed32c4a5fa4e92,False,-0.942,0,0,84.83,1,False,False,0.0,True,False,0.056
ch_238ba30272644265,False,-0.942,0,0,67.83,1,False,False,0.0,True,False,0.067
ch_45729e47b3344061,False,-0.176,0,0,68.57,1,False,False,0.0,True,False,0.204
ch_560dcafd33524c51,False,-1.073,0,0,87.3,1,False,False,0.0,True,False,0.081
ch_ade5543f0ad64930,False,-0.172,0,0,67.4,1,False,False,0.0,True,False,0.305
ch_7d0f6e14e4454962,False,-0.172,0,0,65.38,1,False,False,0.0,True,False,0.007
ch_fc2a96fb986d41f2,False,-1.366,0,0,81.51,1,False,False,0.0,True,False,0.286
ch_46fb32ca026b4d10,False,0.278,0,0,79.35,1,False,True,0.0,True,False,0.116
ch_ae83698f57c14744,True,-0.91,0,0,91.67,2,True,False,0.0,False,False,0.688
ch_58421d615d8543f5,False,-0.078,0,0,93.68,1,False,False,0.0,True,False,0.132
ch_28a7b1a179344497,True,-0.26,0,0,83.87,2,True,False,0.0,True,False,0.906
ch_94b661643e8f412c,False,-0.956,0,0,61.9,1,False,False,0.0,True,False,0.005
ch_56802c57552943db,True,-0.942,0,0,89.16,1,False,False,0.0,True,False,0.037
ch_32d480012dd94366,False,-0.506,0,0,70.35,1,False,True,0.0,True,False,0.014
ch_029e888e940b4493,False,0.294,0,0,65.16,1,False,False,0.0,True,False,0.036
ch_9e39f46a01344990,False,1.005,0,0,69.78,1,False,False,0.0,True,False,0.228
ch_a1f8c940aff74d0f,False,-0.177,0,0,72.78,1,False,False,0.0,True,False,0.164
ch_aaa604f7db7d43fb,False,-0.197,0,0,179.29,1,False,False,0.0,False,False,0.052
ch_4cfaa1d71ac348e2,False,-1.594,0,0,65.25,1,False,False,0.0,False,False,0.075
ch_107bc84d8c35441f,False,1.005,0,0,69.98,1,False,False,0.0,True,False,0.0
ch_2d2a8c16f8bd4625,False,-1.26,0,0,105.82,1,False,False,0.0,True,False,0.086
ch_5f8629eabaa04a87,False,0.071,0,0,83.15,1,False,False,0.0,False,False,0.125
ch_bd53ad3e3e27437a,False,-1.113,0,0,542.76,1,False,False,0.0,True,False,0.241
ch_384d517094ec424f,False,-1.124,0,0,54729.67,1,False,False,0.0,True,False,0.075
ch_ad4bd1ef0a8748f1,False,0.015,0,0,125.5,1,False,False,0.0,True,False,0.324
ch_5e16f33abf884e38,False,-0.549,0,0,94.53,1,False,False,0.0,True,False,0.038
ch_07163781a4014beb,False,1.053,0,0,54648.69,1,False,False,0.0,True,False,0.105
ch_785b6e8710ed49f0,False,-0.489,0,1,90.87,1,False,False,0.0,True,False,0.094
ch_ef4706199a6a44d0,False,-1.058,0,0,56614.3,1,False,False,0.0,True,False,0.171
ch_ca5d6090067c4bc6,False,1.656,0,0,95.48,1,False,False,0.0,False,False,0.055
ch_167344e2147f4376,False,0.187,0,0,71.54,1,False,False,0.0,True,False,0.327
ch_875699fa5d2a4702,False,0.507,0,0,99.88,1,False,False,0.0,True,False,0.004
ch_ec6b131c86444481,False,-0.714,0,0,8147.54,1,False,False,0.0,True,False,0.081
ch_e89992df0a0f42e6,False,-1.113,0,0,370.26,1,False,True,0.0,True,False,0.088
ch_98b440bbfa274e6b,False,-1.058,0,0,32319.93,1,False,True,0.0,True,False,0.05
ch_dde8472da89444ea,False,-1.143,0,0,96.47,1,False,False,0.0,True,False,0.027
ch_f7e18fc12c7b494d,False,0.169,0,0,103.67,1,False,False,0.0,True,False,0.081
ch_5f32b7dd6ba84ed5,True,0.596,0,0,62.2,1,False,False,0.0,True,False,0.825
ch_4cc6a0a31e914c8e,False,0.405,0,0,155.78,1,False,False,0.0,False,False,0.058
ch_8a2481a227d240cd,False,-0.793,0,1,32688.91,1,False,False,0.0,True,False,0.081
ch_e792eee05fd34dd7,False,0.865,0,0,82.55,1,False,False,0.0,True,False,0.205
ch_f923fa419f2244d2,False,-0.078,0,0,108.62,1,False,False,0.0,True,False,0.108
ch_588cf79f32dd474e,False,0.694,0,0,58387.61,1,False,False,0.0,True,True,0.01
ch_2f962971458f4f4a,False,0.902,0,0,145.83,1,False,False,0.0,True,False,0.825
ch_58e4637ae01e4b9d,False,-1.073,0,0,74.11,2,True,True,0.0,True,False,0.23
ch_a92a88b44ff24a9f,False,-0.791,0,0,87.27,1,False,False,0.0,True,False,0.215
ch_a0ae680f17cd4733,False,-0.285,0,0,9732.37,1,False,False,0.0,True,False,0.072
ch_d3422fecd2f1442e,False,-0.549,0,0,99.57,1,False,True,0.0,True,False,0.057
ch_4ec8afb20c634665,False,-1.266,0,0,74.92,1,False,False,0.0,True,False,0.375
ch_c3c566858e5f4c2c,False,-1.113,0,0,425.11,1,False,False,0.0,True,False,0.29
ch_3e5eeaf8556b471c,False,0.22,0,0,35216.32,1,False,False,0.0,True,False,0.092
ch_7eb6a97e776f4b40,False,0.113,0,0,9723.51,2,True,True,0.0,False,False,0.115
ch_00503bf6393d4420,False,-0.177,0,0,106.33,1,False,True,0.0,True,False,0.007
ch_e22036600efe4dc3,False,-1.113,0,0,485.83,1,False,False,0.0,False,False,0.044
ch_fe196d6bbf114d46,False,0.524,0,0,578.85,1,False,False,0.0,True,False,0.244
ch_2604f6eee13e4220,False,0.065,0,0,53732.97,1,False,False,0.0,True,False,0.326
ch_549a70660ee64cdd,False,-0.241,0,0,96.12,1,False,False,0.0,True,False,0.071
ch_d0e1c15e987b456e,False,1.925,0,0,56941.83,1,False,False,0.0,False,False,0.024
ch_73529c70f5ca4239,False,-0.172,0,0,84.45,1,False,True,0.0,True,False,0.078
ch_a799f279595d4cf0,False,0.06,0,0,107.28,1,False,True,0.0,True,False,0.216
ch_1d02b7ced0b3424e,False,-1.113,0,0,409.81,1,False,False,0.0,True,False,0.009
ch_06339bacbf4148c0,False,-0.687,0,0,10300.68,2,True,False,0.0,True,False,0.013
ch_ba54a437b4eb4b75,False,-0.241,0,0,77.23,2,True,False,0.0,True,False,0.027
ch_5e5debba0ad74587,True,2.833,0,0,66.86,1,False,False,0.0,False,False,0.917
ch_9b759b7016f446d1,False,-1.058,0,0,42465.24,1,False,False,0.0,True,False,0.221
ch_02bb619120d843b2,False,-1.14,0,0,101.04,1,False,False,0.0,True,False,0.417
ch_096f38adbf6e4950,False,-1.113,0,0,524.54,1,False,False,0.0,True,False,0.612
ch_02ab402fc5eb4558,False,-1.59,0,0,90.55,1,False,False,0.0,False,False,0.061
ch_10deb298d0144b16,False,-1.073,0,0,74.81,1,False,False,0.0,True,False,0.27
ch_1ed95805d5ee4a16,False,-0.591,0,0,100.11,1,False,True,0.0,True,False,0.137
ch_f86cd75e05ef48cf,False,0.461,0,0,57879.36,1,False,False,0.0,False,False,0.109
ch_3214213cc98b4106,False,0.187,0,0,73.81,1,False,False,0.0,True,False,0.159
ch_22c2dcfbc1064cad,False,1.06,0,0,42912.95,2,True,True,0.0,True,False,0.089
ch_5db602d3f67b45d0,False,0.355,0,0,94.43,1,False,False,0.0,False,False,0.11
ch_0d56b2090b70451d,False,-1.14,0,0,98.21,1,False,False,0.0,True,False,0.045
ch_fbdebc3a19ee4642,False,-0.8,0,0,38125.52,1,False,False,0.0,True,False,0.122
ch_4d7498fc3ff0422e,False,0.724,0,0,88.15,1,False,True,0.0,True,False,0.029
ch_4c11f3a36fa6459a,False,-0.037,0,0,8490.37,1,False,False,0.0,True,False,0.184
ch_b81e0eb284604ab1,False,-0.725,0,0,80.12,1,False,False,0.0,True,False,0.071
ch_2362137594574d4e,False,0.648,0,0,93.94,1,False,False,0.0,True,False,0.152
ch_4a27453f810c4e40,True,-1.14,0,1,73.51,1,False,False,0.0,True,False,0.803
ch_5c7fca21438e404e,False,1.36,0,0,136.15,1,False,False,0.0,True,False,0.058
ch_83f54326ca584af3,False,0.453,0,0,36195.8,1,False,False,0.0,False,False,0.073
ch_dd78a5de4b6c436b,False,-0.38,0,0,40448.22,1,False,False,0.0,True,False,0.134
ch_5c6ad299fa264c05,False,-0.698,0,0,7785.0,1,False,False,0.0,True,False,0.203
ch_314b674174bb44b3,True,-1.262,0,0,100.65,1,False,False,0.0,True,False,0.078
ch_be25ff5321c741cf,False,-0.389,0,0,62.55,1,False,False,0.0,True,False,0.173
ch_20fda5bc46d04c60,False,0.245,0,0,95.91,1,False,False,0.0,True,False,0.379
ch_274809ef4d6c4de1,False,-1.073,0,0,67.89,1,False,False,0.0,True,False,0.087
ch_4ed99033c23f4f35,False,-0.376,0,0,60.71,1,False,False,0.0,True,False,0.053
ch_5980aedc9eb64443,False,-0.325,0,0,95.63,2,True,True,0.0,True,False,0.07
ch_0e5d942bc32a4606,True,-0.742,1,1,80.85,2,True,True,0.2,True,False,0.267
ch_7f891194237241d2,False,-0.053,2,2,72.9,2,True,True,0.4,True,False,0.775
ch_b9d563ef116f4d5d,False,0.473,3,3,106.38,1,False,True,0.6,True,False,0.065
ch_fb30266cbe47453b,False,-0.76,4,4,67.76,1,False,True,0.8,True,False,0.183
ch_3628a639fbee41ec,False,1.0,0,0,110.32,1,False,False,0.0,False,False,0.095
ch_e27e701f0133418c,False,0.187,0,0,78.7,1,False,False,0.0,True,False,0.083
ch_f4e948e8d0c74a8a,True,1.656,0,0,105.62,1,False,True,0.0,True,False,0.109
ch_94ac204bd0134829,False,-0.791,0,0,85.52,1,False,True,0.0,True,False,0.04
ch_893e01917cfa4419,False,1.095,0,0,74.97,1,False,False,0.0,True,False,0.81
ch_b0d42f55d99d4ef5,False,0.22,0,0,44470.51,1,False,False,0.0,True,False,0.188
ch_21b6cedd303a4cad,False,-0.159,0,0,62.14,1,False,False,0.0,True,False,0.357
ch_abb8d322017d450e,False,-1.26,0,0,115.45,1,False,False,0.0,True,False,0.08
ch_09f16b14a59941b2,False,0.372,0,0,59.04,1,False,False,0.0,True,False,0.038
ch_94f7ba6f550d400a,False,-0.386,0,0,33459.93,1,False,False,0.0,True,False,0.314
ch_0c35c330756c4817,False,0.411,0,0,10216.05,1,False,False,0.0,False,False,0.001
ch_b3b8dbe891e24fe0,False,0.345,0,0,51814.02,1,False,False,0.0,True,False,0.077
ch_d6a314c2408449a1,True,2.237,0,0,96.55,2,True,False,0.0,True,False,0.728
ch_1a4d613f18c5415a,False,-1.073,0,0,70.96,1,False,False,0.0,True,False,0.143
ch_b9cdb61cf84d4343,False,0.778,0,0,45257.78,1,False,False,0.0,True,False,0.109
ch_86a2a25f7f1f4973,False,-0.172,0,0,71.81,1,False,False,0.0,True,False,0.038
ch_731c65b8998247aa,False,-0.172,0,0,90.09,1,False,False,0.0,True,False,0.252
ch_b09f2e925cbb4993,False,1.259,0,0,87.47,1,False,False,0.0,True,False,0.201
ch_d12f05c6e5bc46f2,False,-0.177,0,0,73.82,1,False,False,0.0,True,False,0.1
ch_3dfe1881c5bd4908,False,1.484,0,0,102.15,1,False,False,0.0,True,False,0.008
ch_aefcd7903d254732,False,0.627,1,1,83.47,1,False,False,0.2,True,False,0.054
ch_39f7558b04154510,False,1.56,2,2,89.57,1,False,False,0.4,False,False,0.14
ch_e59bec3746194fe4,False,-0.766,3,3,99.58,1,False,False,0.6,True,False,0.161
