rate_date,currency_code,rate_to_usd,source
2025-09-14,USD,1.0,ECB
2025-09-15,USD,1.0,ECB
2025-09-16,USD,1.0,ECB
2025-09-17,USD,1.0,ECB
2025-09-18,USD,1.0,ECB
2025-09-19,USD,1.0,ECB
2025-09-20,USD,1.0,ECB
2025-09-21,USD,1.0,ECB
2025-09-22,USD,1.0,ECB
2025-09-23,USD,1.0,ECB
2025-09-24,USD,1.0,ECB
2025-09-25,USD,1.0,ECB
2025-09-26,USD,1.0,ECB
2025-09-27,USD,1.0,ECB
2025-09-28,USD,1.0,ECB
2025-09-29,USD,1.0,ECB
2025-09-30,USD,1.0,ECB
2025-10-01,USD,1.0,ECB
2025-10-02,USD,1.0,ECB
2025-10-03,USD,1.0,ECB
2025-10-04,USD,1.0,ECB
2025-10-05,USD,1.0,ECB
2025-10-06,USD,1.0,ECB
2025-10-07,USD,1.0,ECB
2025-10-08,USD,1.0,ECB
2025-10-09,USD,1.0,ECB
2025-10-10,USD,1.0,ECB
2025-10-11,USD,1.0,ECB
2025-10-12,USD,1.0,ECB
2025-10-13,USD,1.0,ECB
2025-10-14,USD,1.0,ECB
2025-10-15,USD,1.0,ECB
2025-10-16,USD,1.0,ECB
2025-10-17,USD,1.0,ECB
2025-10-18,USD,1.0,ECB
2025-10-19,USD,1.0,ECB
2025-10-20,USD,1.0,ECB
2025-10-21,USD,1.0,ECB
2025-10-22,USD,1.0,ECB
2025-10-23,USD,1.0,ECB
2025-10-24,USD,1.0,ECB
2025-10-25,USD,1.0,ECB
2025-10-26,USD,1.0,ECB
2025-10-27,USD,1.0,ECB
2025-10-28,USD,1.0,ECB
2025-10-29,USD,1.0,ECB
2025-10-30,USD,1.0,ECB
2025-10-31,USD,1.0,ECB
2025-11-01,USD,1.0,ECB
2025-11-02,USD,1.0,ECB
2025-11-03,USD,1.0,ECB
2025-11-04,USD,1.0,ECB
2025-11-05,USD,1.0,ECB
2025-11-06,USD,1.0,ECB
2025-11-07,USD,1.0,ECB
2025-11-08,USD,1.0,ECB
2025-11-09,USD,1.0,ECB
2025-11-10,USD,1.0,ECB
2025-11-11,USD,1.0,ECB
2025-11-12,USD,1.0,ECB
2025-11-13,USD,1.0,ECB
2025-11-14,USD,1.0,ECB
2025-11-15,USD,1.0,ECB
2025-11-16,USD,1.0,ECB
2025-11-17,USD,1.0,ECB
2025-11-18,USD,1.0,ECB
2025-11-19,USD,1.0,ECB
2025-11-20,USD,1.0,ECB
2025-11-21,USD,1.0,ECB
2025-11-22,USD,1.0,ECB
2025-11-23,USD,1.0,ECB
2025-11-24,USD,1.0,ECB
2025-11-25,USD,1.0,ECB
2025-11-26,USD,1.0,ECB
2025-11-27,USD,1.0,ECB
2025-11-28,USD,1.0,ECB
2025-11-29,USD,1.0,ECB
2025-11-30,USD,1.0,ECB
2025-12-01,USD,1.0,ECB
2025-12-02,USD,1.0,ECB
2025-12-03,USD,1.0,ECB
2025-12-04,USD,1.0,ECB
2025-12-05,USD,1.0,ECB
2025-12-06,USD,1.0,ECB
2025-12-07,USD,1.0,ECB
2025-12-08,USD,1.0,ECB
2025-12-09,USD,1.0,ECB
2025-12-10,USD,1.0,ECB
2025-12-11,USD,1.0,ECB
2025-12-12,USD,1.0,ECB
2025-12-13,USD,1.0,ECB
2025-12-14,USD,1.0,ECB
2025-12-15,USD,1.0,ECB
2025-12-16,USD,1.0,ECB
2025-12-17,USD,1.0,ECB
2025-12-18,USD,1.0,ECB
2025-12-19,USD,1.0,ECB
2025-12-20,USD,1.0,ECB
2025-12-21,USD,1.0,ECB
2025-12-22,USD,1.0,ECB
2025-12-23,USD,1.0,ECB
2025-12-24,USD,1.0,ECB
2025-12-25,USD,1.0,ECB
2025-12-26,USD,1.0,ECB
2025-12-27,USD,1.0,ECB
2025-12-28,USD,1.0,ECB
2025-12-29,USD,1.0,ECB
2025-12-30,USD,1.0,ECB
2025-12-31,USD,1.0,ECB
2026-01-01,USD,1.0,ECB
2026-01-02,USD,1.0,ECB
2026-01-03,USD,1.0,ECB
2026-01-04,USD,1.0,ECB
2026-01-05,USD,1.0,ECB
2026-01-06,USD,1.0,ECB
2026-01-07,USD,1.0,ECB
2026-01-08,USD,1.0,ECB
2026-01-09,USD,1.0,ECB
2026-01-10,USD,1.0,ECB
2026-01-11,USD,1.0,ECB
2026-01-12,USD,1.0,ECB
2026-01-13,USD,1.0,ECB
2026-01-14,USD,1.0,ECB
2026-01-15,USD,1.0,ECB
2026-01-16,USD,1.0,ECB
2026-01-17,USD,1.0,ECB
2026-01-18,USD,1.0,ECB
2026-01-19,USD,1.0,ECB
2026-01-20,USD,1.0,ECB
2026-01-21,USD,1.0,ECB
2026-01-22,USD,1.0,ECB
2026-01-23,USD,1.0,ECB
2026-01-24,USD,1.0,ECB
2026-01-25,USD,1.0,ECB
2026-01-26,USD,1.0,ECB
2026-01-27,USD,1.0,ECB
2026-01-28,USD,1.0,ECB
2026-01-29,USD,1.0,ECB
2026-01-30,USD,1.0,ECB
2026-01-31,USD,1.0,ECB
2026-02-01,USD,1.0,ECB
2026-02-02,USD,1.0,ECB
2026-02-03,USD,1.0,ECB
2026-02-04,USD,1.0,ECB
2026-02-05,USD,1.0,ECB
2026-02-06,USD,1.0,ECB
2026-02-07,USD,1.0,ECB
2026-02-08,USD,1.0,ECB
2026-02-09,USD,1.0,ECB
2026-02-10,USD,1.0,ECB
2026-02-11,USD,1.0,ECB
2026-02-12,USD,1.0,ECB
2026-02-13,USD,1.0,ECB
2026-02-14,USD,1.0,ECB
2026-02-15,USD,1.0,ECB
2026-02-16,USD,1.0,ECB
2026-02-17,USD,1.0,ECB
2026-02-18,USD,1.0,ECB
2026-02-19,USD,1.0,ECB
2026-02-20,USD,1.0,ECB
2026-02-21,USD,1.0,ECB
2026-02-22,USD,1.0,ECB
2026-02-23,USD,1.0,ECB
2026-02-24,USD,1.0,ECB
2026-02-25,USD,1.0,ECB
2026-02-26,USD,1.0,ECB
2026-02-27,USD,1.0,ECB
2026-02-28,USD,1.0,ECB
2026-03-01,USD,1.0,ECB
2026-03-02,USD,1.0,ECB
2026-03-03,USD,1.0,ECB
2026-03-04,USD,1.0,ECB
2026-03-05,USD,1.0,ECB
2026-03-06,USD,1.0,ECB
2026-03-07,USD,1.0,ECB
2026-03-08,USD,1.0,ECB
2026-03-09,USD,1.0,ECB
2026-03-10,USD,1.0,ECB
2026-03-11,USD,1.0,ECB
2026-03-12,USD,1.0,ECB
2026-03-13,USD,1.0,ECB
2026-03-14,USD,1.0,ECB
2026-03-15,USD,1.0,ECB
2026-03-16,USD,1.0,ECB
2026-03-17,USD,1.0,ECB
2026-03-18,USD,1.0,ECB
2026-03-19,USD,1.0,ECB
2026-03-20,USD,1.0,ECB
2026-03-21,USD,1.0,ECB
2026-03-22,USD,1.0,ECB
2026-03-23,USD,1.0,ECB
2026-03-24,USD,1.0,ECB
2026-03-25,USD,1.0,ECB
2026-03-26,USD,1.0,ECB
2026-03-27,USD,1.0,ECB
2026-03-28,USD,1.0,ECB
2026-03-29,USD,1.0,ECB
2026-03-30,USD,1.0,ECB
2026-03-31,USD,1.0,ECB
2026-04-01,USD,1.0,ECB
2026-04-02,USD,1.0,ECB
2026-04-03,USD,1.0,ECB
2026-04-04,USD,1.0,ECB
2026-04-05,USD,1.0,ECB
2026-04-06,USD,1.0,ECB
2026-04-07,USD,1.0,ECB
2026-04-08,USD,1.0,ECB
2026-04-09,USD,1.0,ECB
2026-04-10,USD,1.0,ECB
2026-04-11,USD,1.0,ECB
2026-04-12,USD,1.0,ECB
2026-04-13,USD,1.0,ECB
2026-04-14,USD,1.0,ECB
2026-04-15,USD,1.0,ECB
2026-04-16,USD,1.0,ECB
2026-04-17,USD,1.0,ECB
2026-04-18,USD,1.0,ECB
2026-04-19,USD,1.0,ECB
2026-04-20,USD,1.0,ECB
2026-04-21,USD,1.0,ECB
2026-04-22,USD,1.0,ECB
2026-04-23,USD,1.0,ECB
2026-04-24,USD,1.0,ECB
2026-04-25,USD,1.0,ECB
2026-04-26,USD,1.0,ECB
2026-04-27,USD,1.0,ECB
2026-04-28,USD,1.0,ECB
2026-04-29,USD,1.0,ECB
2026-04-30,USD,1.0,ECB
2026-05-01,USD,1.0,ECB
2026-05-02,USD,1.0,ECB
2026-05-03,USD,1.0,ECB
2026-05-04,USD,1.0,ECB
2026-05-05,USD,1.0,ECB
2026-05-06,USD,1.0,ECB
2026-05-07,USD,1.0,ECB
2026-05-08,USD,1.0,ECB
2026-05-09,USD,1.0,ECB
2026-05-10,USD,1.0,ECB
2026-05-11,USD,1.0,ECB
2026-05-12,USD,1.0,ECB
2026-05-13,USD,1.0,ECB
2026-05-14,USD,1.0,ECB
2026-05-15,USD,1.0,ECB
2026-05-16,USD,1.0,ECB
2026-05-17,USD,1.0,ECB
2026-05-18,USD,1.0,ECB
2026-05-19,USD,1.0,ECB
2026-05-20,USD,1.0,ECB
2026-05-21,USD,1.0,ECB
2026-05-22,USD,1.0,ECB
2026-05-23,USD,1.0,ECB
2026-05-24,USD,1.0,ECB
2026-05-25,USD,1.0,ECB
2026-05-26,USD,1.0,ECB
2026-05-27,USD,1.0,ECB
2026-05-28,USD,1.0,ECB
2026-05-29,USD,1.0,ECB
2026-05-30,USD,1.0,ECB
2026-05-31,USD,1.0,ECB
2026-06-01,USD,1.0,ECB
2026-06-02,USD,1.0,ECB
2026-06-03,USD,1.0,ECB
2026-06-04,USD,1.0,ECB
2026-06-05,USD,1.0,ECB
2026-06-06,USD,1.0,ECB
2026-06-07,USD,1.0,ECB
2026-06-08,USD,1.0,ECB
2026-06-09,USD,1.0,ECB
2026-06-10,USD,1.0,ECB
2026-06-11,USD,1.0,ECB
2026-06-12,USD,1.0,ECB
2026-06-13,USD,1.0,ECB
2026-06-14,USD,1.0,ECB
2026-06-15,USD,1.0,ECB
2026-06-16,USD,1.0,ECB
2026-06-17,USD,1.0,ECB
2026-06-18,USD,1.0,ECB
2026-06-19,USD,1.0,ECB
2026-06-20,USD,1.0,ECB
2026-06-21,USD,1.0,ECB
2026-06-22,USD,1.0,ECB
2026-06-23,USD,1.0,ECB
2026-06-24,USD,1.0,ECB
2026-06-25,USD,1.0,ECB
2026-06-26,USD,1.0,ECB
2026-06-27,USD,1.0,ECB
2026-06-28,USD,1.0,ECB
2026-06-29,USD,1.0,ECB
2026-06-30,USD,1.0,ECB
2026-07-01,USD,1.0,ECB
2026-07-02,USD,1.0,ECB
2026-07-03,USD,1.0,ECB
2026-07-04,USD,1.0,ECB
2026-07-05,USD,1.0,ECB
2026-07-06,USD,1.0,ECB
2026-07-07,USD,1.0,ECB
2026-07-08,USD,1.0,ECB
2026-07-09,USD,1.0,ECB
2026-07-10,USD,1.0,ECB
2026-07-11,USD,1.0,ECB
2026-07-12,USD,1.0,ECB
2026-07-13,USD,1.0,ECB
2026-07-14,USD,1.0,ECB
2026-07-15,USD,1.0,ECB
2026-07-16,USD,1.0,ECB
2026-07-17,USD,1.0,ECB
2026-07-18,USD,1.0,ECB
2026-07-19,USD,1.0,ECB
2026-07-20,USD,1.0,ECB
2026-07-21,USD,1.0,ECB
2026-07-22,USD,1.0,ECB
2026-07-23,USD,1.0,ECB
2026-07-24,USD,1.0,ECB
2026-07-25,USD,1.0,ECB
2026-07-26,USD,1.0,ECB
2026-07-27,USD,1.0,ECB
2026-07-28,USD,1.0,ECB
2026-07-29,USD,1.0,ECB
2026-07-30,USD,1.0,ECB
2026-07-31,USD,1.0,ECB
2026-08-01,USD,1.0,ECB
2026-08-02,USD,1.0,ECB
2026-08-03,USD,1.0,ECB
2026-08-04,USD,1.0,ECB
2026-08-05,USD,1.0,ECB
2026-08-06,USD,1.0,ECB
2026-08-07,USD,1.0,ECB
2026-08-08,USD,1.0,ECB
2026-08-09,USD,1.0,ECB
2026-08-10,USD,1.0,ECB
2026-08-11,USD,1.0,ECB
2026-08-12,USD,1.0,ECB
2026-08-13,USD,1.0,ECB
2026-08-14,USD,1.0,ECB
2026-08-15,USD,1.0,ECB
2026-08-16,USD,1.0,ECB
2026-08-17,USD,1.0,ECB
2026-08-18,USD,1.0,ECB
2026-08-19,USD,1.0,ECB
2026-08-20,USD,1.0,ECB
2026-08-21,USD,1.0,ECB
2026-08-22,USD,1.0,ECB
2026-08-23,USD,1.0,ECB
2026-08-24,USD,1.0,ECB
2026-08-25,USD,1.0,ECB
2026-08-26,USD,1.0,ECB
2026-08-27,USD,1.0,ECB
2026-08-28,USD,1.0,ECB
2026-08-29,USD,1.0,ECB
2026-08-30,USD,1.0,ECB
2026-08-31,USD,1.0,ECB
2026-09-01,USD,1.0,ECB
2026-09-02,USD,1.0,ECB
2026-09-03,USD,1.0,ECB
2026-09-04,USD,1.0,ECB
2026-09-05,USD,1.0,ECB
2026-09-06,USD,1.0,ECB
2026-09-07,USD,1.0,ECB
2026-09-08,USD,1.0,ECB
2026-09-09,USD,1.0,ECB
2026-09-10,USD,1.0,ECB
2026-09-11,USD,1.0,ECB
2026-09-12,USD,1.0,ECB
2026-09-13,USD,1.0,ECB
2026-09-14,USD,1.0,ECB
2025-09-14,EUR,1.08160935,ECB
2025-09-15,EUR,1.08116071,ECB
2025-09-16,EUR,1.08326148,ECB
2025-09-17,EUR,1.08821099,ECB
2025-09-18,EUR,1.08744657,ECB
2025-09-19,EUR,1.08668274,ECB
2025-09-20,EUR,1.09183105,ECB
2025-09-21,EUR,1.09434477,ECB
2025-09-22,EUR,1.09280347,ECB
2025-09-23,EUR,1.09458221,ECB
2025-09-24,EUR,1.09306046,ECB
2025-09-25,EUR,1.09153325,ECB
2025-09-26,EUR,1.09232558,ECB
2025-09-27,EUR,1.0860558,ECB
2025-09-28,EUR,1.08043573,ECB
2025-09-29,EUR,1.07861319,ECB
2025-09-30,EUR,1.07533583,ECB
2025-10-01,EUR,1.07634959,ECB
2025-10-02,EUR,1.07341754,ECB
2025-10-03,EUR,1.06886956,ECB
2025-10-04,EUR,1.07356932,ECB
2025-10-05,EUR,1.07284216,ECB
2025-10-06,EUR,1.07305951,ECB
2025-10-07,EUR,1.06847299,ECB
2025-10-08,EUR,1.06672801,ECB
2025-10-09,EUR,1.06708298,ECB
2025-10-10,EUR,1.06339837,ECB
2025-10-11,EUR,1.06459692,ECB
2025-10-12,EUR,1.0626786,ECB
2025-10-13,EUR,1.06174867,ECB
2025-10-14,EUR,1.05983209,ECB
2025-10-15,EUR,1.0657214,ECB
2025-10-16,EUR,1.06567825,ECB
2025-10-17,EUR,1.06229671,ECB
2025-10-18,EUR,1.06491807,ECB
2025-10-19,EUR,1.06101777,ECB
2025-10-20,EUR,1.0616826,ECB
2025-10-21,EUR,1.05544096,ECB
2025-10-22,EUR,1.05123549,ECB
2025-10-23,EUR,1.05185633,ECB
2025-10-24,EUR,1.05418661,ECB
2025-10-25,EUR,1.05472858,ECB
2025-10-26,EUR,1.05436264,ECB
2025-10-27,EUR,1.05341023,ECB
2025-10-28,EUR,1.04873776,ECB
2025-10-29,EUR,1.04647297,ECB
2025-10-30,EUR,1.04502684,ECB
2025-10-31,EUR,1.048341,ECB
2025-11-01,EUR,1.04942169,ECB
2025-11-02,EUR,1.04387117,ECB
2025-11-03,EUR,1.04488607,ECB
2025-11-04,EUR,1.04367897,ECB
2025-11-05,EUR,1.0415595,ECB
2025-11-06,EUR,1.0434708,ECB
2025-11-07,EUR,1.04669825,ECB
2025-11-08,EUR,1.04962256,ECB
2025-11-09,EUR,1.04697997,ECB
2025-11-10,EUR,1.04600876,ECB
2025-11-11,EUR,1.04704827,ECB
2025-11-12,EUR,1.0501126,ECB
2025-11-13,EUR,1.04860304,ECB
2025-11-14,EUR,1.04801899,ECB
2025-11-15,EUR,1.04454061,ECB
2025-11-16,EUR,1.04079215,ECB
2025-11-17,EUR,1.04332916,ECB
2025-11-18,EUR,1.04757418,ECB
2025-11-19,EUR,1.04734787,ECB
2025-11-20,EUR,1.05050101,ECB
2025-11-21,EUR,1.05164071,ECB
2025-11-22,EUR,1.04960541,ECB
2025-11-23,EUR,1.05074337,ECB
2025-11-24,EUR,1.05559162,ECB
2025-11-25,EUR,1.05547817,ECB
2025-11-26,EUR,1.06043251,ECB
2025-11-27,EUR,1.05209832,ECB
2025-11-28,EUR,1.05469249,ECB
2025-11-29,EUR,1.05496791,ECB
2025-11-30,EUR,1.05402158,ECB
2025-12-01,EUR,1.05431173,ECB
2025-12-02,EUR,1.04802518,ECB
2025-12-03,EUR,1.04733452,ECB
2025-12-04,EUR,1.04845657,ECB
2025-12-05,EUR,1.05310509,ECB
2025-12-06,EUR,1.05146771,ECB
2025-12-07,EUR,1.0489174,ECB
2025-12-08,EUR,1.04733849,ECB
2025-12-09,EUR,1.0502147,ECB
2025-12-10,EUR,1.05125048,ECB
2025-12-11,EUR,1.04957974,ECB
2025-12-12,EUR,1.05119589,ECB
2025-12-13,EUR,1.05150203,ECB
2025-12-14,EUR,1.05455763,ECB
2025-12-15,EUR,1.05233656,ECB
2025-12-16,EUR,1.05130213,ECB
2025-12-17,EUR,1.05006546,ECB
2025-12-18,EUR,1.0454551,ECB
2025-12-19,EUR,1.04638384,ECB
2025-12-20,EUR,1.04720333,ECB
2025-12-21,EUR,1.0472194,ECB
2025-12-22,EUR,1.0464824,ECB
2025-12-23,EUR,1.04203892,ECB
2025-12-24,EUR,1.04072393,ECB
2025-12-25,EUR,1.03965392,ECB
2025-12-26,EUR,1.03715165,ECB
2025-12-27,EUR,1.03664982,ECB
2025-12-28,EUR,1.03790639,ECB
2025-12-29,EUR,1.04377945,ECB
2025-12-30,EUR,1.04432611,ECB
2025-12-31,EUR,1.04513301,ECB
2026-01-01,EUR,1.04489959,ECB
2026-01-02,EUR,1.03888482,ECB
2026-01-03,EUR,1.03880219,ECB
2026-01-04,EUR,1.03898989,ECB
2026-01-05,EUR,1.04666774,ECB
2026-01-06,EUR,1.04606373,ECB
2026-01-07,EUR,1.04701004,ECB
2026-01-08,EUR,1.04690101,ECB
2026-01-09,EUR,1.04323054,ECB
2026-01-10,EUR,1.04680722,ECB
2026-01-11,EUR,1.04916861,ECB
2026-01-12,EUR,1.05165838,ECB
2026-01-13,EUR,1.04878929,ECB
2026-01-14,EUR,1.053203,ECB
2026-01-15,EUR,1.0487737,ECB
2026-01-16,EUR,1.05062014,ECB
2026-01-17,EUR,1.05752415,ECB
2026-01-18,EUR,1.0543816,ECB
2026-01-19,EUR,1.05259032,ECB
2026-01-20,EUR,1.05290499,ECB
2026-01-21,EUR,1.05131466,ECB
2026-01-22,EUR,1.04642395,ECB
2026-01-23,EUR,1.04663919,ECB
2026-01-24,EUR,1.04330364,ECB
2026-01-25,EUR,1.04478595,ECB
2026-01-26,EUR,1.04190414,ECB
2026-01-27,EUR,1.04674879,ECB
2026-01-28,EUR,1.04428918,ECB
2026-01-29,EUR,1.04328021,ECB
2026-01-30,EUR,1.04582638,ECB
2026-01-31,EUR,1.04196457,ECB
2026-02-01,EUR,1.04267559,ECB
2026-02-02,EUR,1.04676437,ECB
2026-02-03,EUR,1.0417164,ECB
2026-02-04,EUR,1.04229341,ECB
2026-02-05,EUR,1.04310603,ECB
2026-02-06,EUR,1.0455526,ECB
2026-02-07,EUR,1.04167271,ECB
2026-02-08,EUR,1.03754626,ECB
2026-02-09,EUR,1.03917088,ECB
2026-02-10,EUR,1.04009673,ECB
2026-02-11,EUR,1.04087834,ECB
2026-02-12,EUR,1.04196017,ECB
2026-02-13,EUR,1.03983449,ECB
2026-02-14,EUR,1.04055901,ECB
2026-02-15,EUR,1.04147389,ECB
2026-02-16,EUR,1.03924195,ECB
2026-02-17,EUR,1.04505893,ECB
2026-02-18,EUR,1.04654448,ECB
2026-02-19,EUR,1.04280422,ECB
2026-02-20,EUR,1.04485819,ECB
2026-02-21,EUR,1.04180298,ECB
2026-02-22,EUR,1.04426294,ECB
2026-02-23,EUR,1.04789257,ECB
2026-02-24,EUR,1.04531261,ECB
2026-02-25,EUR,1.0483337,ECB
2026-02-26,EUR,1.0496319,ECB
2026-02-27,EUR,1.05222048,ECB
2026-02-28,EUR,1.05820801,ECB
2026-03-01,EUR,1.057429,ECB
2026-03-02,EUR,1.05503793,ECB
2026-03-03,EUR,1.05222252,ECB
2026-03-04,EUR,1.04964727,ECB
2026-03-05,EUR,1.04940449,ECB
2026-03-06,EUR,1.05047851,ECB
2026-03-07,EUR,1.05135048,ECB
2026-03-08,EUR,1.05395946,ECB
2026-03-09,EUR,1.05400057,ECB
2026-03-10,EUR,1.05859664,ECB
2026-03-11,EUR,1.05775615,ECB
2026-03-12,EUR,1.06638798,ECB
2026-03-13,EUR,1.06838959,ECB
2026-03-14,EUR,1.06564225,ECB
2026-03-15,EUR,1.06221869,ECB
2026-03-16,EUR,1.06375616,ECB
2026-03-17,EUR,1.06304303,ECB
2026-03-18,EUR,1.06532007,ECB
2026-03-19,EUR,1.06683252,ECB
2026-03-20,EUR,1.06659943,ECB
2026-03-21,EUR,1.06388986,ECB
2026-03-22,EUR,1.05905497,ECB
2026-03-23,EUR,1.05763632,ECB
2026-03-24,EUR,1.0603536,ECB
2026-03-25,EUR,1.06103464,ECB
2026-03-26,EUR,1.05706933,ECB
2026-03-27,EUR,1.05761852,ECB
2026-03-28,EUR,1.05884107,ECB
2026-03-29,EUR,1.05603348,ECB
2026-03-30,EUR,1.0565205,ECB
2026-03-31,EUR,1.05670499,ECB
2026-04-01,EUR,1.05308165,ECB
2026-04-02,EUR,1.05421198,ECB
2026-04-03,EUR,1.05598554,ECB
2026-04-04,EUR,1.0594166,ECB
2026-04-05,EUR,1.06276585,ECB
2026-04-06,EUR,1.05837343,ECB
2026-04-07,EUR,1.05539572,ECB
2026-04-08,EUR,1.05702642,ECB
2026-04-09,EUR,1.05865567,ECB
2026-04-10,EUR,1.06029145,ECB
2026-04-11,EUR,1.0725465,ECB
2026-04-12,EUR,1.07438342,ECB
2026-04-13,EUR,1.07804352,ECB
2026-04-14,EUR,1.08112889,ECB
2026-04-15,EUR,1.0832416,ECB
2026-04-16,EUR,1.08221706,ECB
2026-04-17,EUR,1.08468117,ECB
2026-04-18,EUR,1.08216636,ECB
2026-04-19,EUR,1.08139753,ECB
2026-04-20,EUR,1.07982292,ECB
2026-04-21,EUR,1.08008815,ECB
2026-04-22,EUR,1.08758826,ECB
2026-04-23,EUR,1.08149581,ECB
2026-04-24,EUR,1.08372237,ECB
2026-04-25,EUR,1.07847916,ECB
2026-04-26,EUR,1.07695226,ECB
2026-04-27,EUR,1.0804705,ECB
2026-04-28,EUR,1.08067886,ECB
2026-04-29,EUR,1.07718477,ECB
2026-04-30,EUR,1.07487323,ECB
2026-05-01,EUR,1.07706467,ECB
2026-05-02,EUR,1.07470471,ECB
2026-05-03,EUR,1.0754026,ECB
2026-05-04,EUR,1.07554963,ECB
2026-05-05,EUR,1.07344714,ECB
2026-05-06,EUR,1.08035137,ECB
2026-05-07,EUR,1.08240594,ECB
2026-05-08,EUR,1.07582986,ECB
2026-05-09,EUR,1.07643164,ECB
2026-05-10,EUR,1.07429453,ECB
2026-05-11,EUR,1.07704183,ECB
2026-05-12,EUR,1.07448109,ECB
2026-05-13,EUR,1.07411125,ECB
2026-05-14,EUR,1.07573849,ECB
2026-05-15,EUR,1.07853246,ECB
2026-05-16,EUR,1.07464879,ECB
2026-05-17,EUR,1.07357037,ECB
2026-05-18,EUR,1.07204071,ECB
2026-05-19,EUR,1.06993953,ECB
2026-05-20,EUR,1.07560631,ECB
2026-05-21,EUR,1.07691312,ECB
2026-05-22,EUR,1.07283953,ECB
2026-05-23,EUR,1.07579368,ECB
2026-05-24,EUR,1.08264269,ECB
2026-05-25,EUR,1.08599606,ECB
2026-05-26,EUR,1.08104597,ECB
2026-05-27,EUR,1.07947554,ECB
2026-05-28,EUR,1.08357834,ECB
2026-05-29,EUR,1.08127789,ECB
2026-05-30,EUR,1.08271757,ECB
2026-05-31,EUR,1.0852337,ECB
2026-06-01,EUR,1.08221589,ECB
2026-06-02,EUR,1.08202263,ECB
2026-06-03,EUR,1.07150126,ECB
2026-06-04,EUR,1.06820836,ECB
2026-06-05,EUR,1.06739897,ECB
2026-06-06,EUR,1.06340332,ECB
2026-06-07,EUR,1.06861106,ECB
2026-06-08,EUR,1.06402626,ECB
2026-06-09,EUR,1.06262161,ECB
2026-06-10,EUR,1.06303839,ECB
2026-06-11,EUR,1.06763478,ECB
2026-06-12,EUR,1.06303585,ECB
2026-06-13,EUR,1.0667453,ECB
2026-06-14,EUR,1.06677805,ECB
2026-06-15,EUR,1.06363689,ECB
2026-06-16,EUR,1.06511143,ECB
2026-06-17,EUR,1.06574749,ECB
2026-06-18,EUR,1.06382845,ECB
2026-06-19,EUR,1.06405122,ECB
2026-06-20,EUR,1.06282124,ECB
2026-06-21,EUR,1.06318319,ECB
2026-06-22,EUR,1.06529509,ECB
2026-06-23,EUR,1.07036381,ECB
2026-06-24,EUR,1.06638907,ECB
2026-06-25,EUR,1.07321301,ECB
2026-06-26,EUR,1.06692799,ECB
2026-06-27,EUR,1.06644216,ECB
2026-06-28,EUR,1.06832437,ECB
2026-06-29,EUR,1.06922495,ECB
2026-06-30,EUR,1.06722753,ECB
2026-07-01,EUR,1.06656119,ECB
2026-07-02,EUR,1.06498374,ECB
2026-07-03,EUR,1.06310075,ECB
2026-07-04,EUR,1.06581039,ECB
2026-07-05,EUR,1.06695192,ECB
2026-07-06,EUR,1.06473402,ECB
2026-07-07,EUR,1.06760752,ECB
2026-07-08,EUR,1.06859174,ECB
2026-07-09,EUR,1.0711976,ECB
2026-07-10,EUR,1.07322097,ECB
2026-07-11,EUR,1.07055188,ECB
2026-07-12,EUR,1.06875278,ECB
2026-07-13,EUR,1.07114879,ECB
2026-07-14,EUR,1.07311018,ECB
2026-07-15,EUR,1.07304289,ECB
2026-07-16,EUR,1.07342059,ECB
2026-07-17,EUR,1.077535,ECB
2026-07-18,EUR,1.07562269,ECB
2026-07-19,EUR,1.0773881,ECB
2026-07-20,EUR,1.07673458,ECB
2026-07-21,EUR,1.07603142,ECB
2026-07-22,EUR,1.07957838,ECB
2026-07-23,EUR,1.08225168,ECB
2026-07-24,EUR,1.08489295,ECB
2026-07-25,EUR,1.08914186,ECB
2026-07-26,EUR,1.08921049,ECB
2026-07-27,EUR,1.09143886,ECB
2026-07-28,EUR,1.09042295,ECB
2026-07-29,EUR,1.09148339,ECB
2026-07-30,EUR,1.09105724,ECB
2026-07-31,EUR,1.09137472,ECB
2026-08-01,EUR,1.09332334,ECB
2026-08-02,EUR,1.0906396,ECB
2026-08-03,EUR,1.09748572,ECB
2026-08-04,EUR,1.09417345,ECB
2026-08-05,EUR,1.09018786,ECB
2026-08-06,EUR,1.09397553,ECB
2026-08-07,EUR,1.09657371,ECB
2026-08-08,EUR,1.09862689,ECB
2026-08-09,EUR,1.10069784,ECB
2026-08-10,EUR,1.1006574,ECB
2026-08-11,EUR,1.09769469,ECB
2026-08-12,EUR,1.09794432,ECB
2026-08-13,EUR,1.09571387,ECB
2026-08-14,EUR,1.09891922,ECB
2026-08-15,EUR,1.09843441,ECB
2026-08-16,EUR,1.09571415,ECB
2026-08-17,EUR,1.09465771,ECB
2026-08-18,EUR,1.09601376,ECB
2026-08-19,EUR,1.09416021,ECB
2026-08-20,EUR,1.09146129,ECB
2026-08-21,EUR,1.09225921,ECB
2026-08-22,EUR,1.09306192,ECB
2026-08-23,EUR,1.09139955,ECB
2026-08-24,EUR,1.08985728,ECB
2026-08-25,EUR,1.09061599,ECB
2026-08-26,EUR,1.08587807,ECB
2026-08-27,EUR,1.08129307,ECB
2026-08-28,EUR,1.07896253,ECB
2026-08-29,EUR,1.07827162,ECB
2026-08-30,EUR,1.07927735,ECB
2026-08-31,EUR,1.08405431,ECB
2026-09-01,EUR,1.08684355,ECB
2026-09-02,EUR,1.08632207,ECB
2026-09-03,EUR,1.0862601,ECB
2026-09-04,EUR,1.08299307,ECB
2026-09-05,EUR,1.08293292,ECB
2026-09-06,EUR,1.08199513,ECB
2026-09-07,EUR,1.08304267,ECB
2026-09-08,EUR,1.08035489,ECB
2026-09-09,EUR,1.08203813,ECB
2026-09-10,EUR,1.08701357,ECB
2026-09-11,EUR,1.0866589,ECB
2026-09-12,EUR,1.08796847,ECB
2026-09-13,EUR,1.09022104,ECB
2026-09-14,EUR,1.08890878,ECB
2025-09-14,GBP,1.27085379,ECB
2025-09-15,GBP,1.2709018,ECB
2025-09-16,GBP,1.27127421,ECB
2025-09-17,GBP,1.26832609,ECB
2025-09-18,GBP,1.26841935,ECB
2025-09-19,GBP,1.27031436,ECB
2025-09-20,GBP,1.27584459,ECB
2025-09-21,GBP,1.27951623,ECB
2025-09-22,GBP,1.28778133,ECB
2025-09-23,GBP,1.2848168,ECB
2025-09-24,GBP,1.28817911,ECB
2025-09-25,GBP,1.28888765,ECB
2025-09-26,GBP,1.29735488,ECB
2025-09-27,GBP,1.29420893,ECB
2025-09-28,GBP,1.2909486,ECB
2025-09-29,GBP,1.28862725,ECB
2025-09-30,GBP,1.28041652,ECB
2025-10-01,GBP,1.27839696,ECB
2025-10-02,GBP,1.27548554,ECB
2025-10-03,GBP,1.27606102,ECB
2025-10-04,GBP,1.27736932,ECB
2025-10-05,GBP,1.28455901,ECB
2025-10-06,GBP,1.28822164,ECB
2025-10-07,GBP,1.2859921,ECB
2025-10-08,GBP,1.28252603,ECB
2025-10-09,GBP,1.28441873,ECB
2025-10-10,GBP,1.27933153,ECB
2025-10-11,GBP,1.28636066,ECB
2025-10-12,GBP,1.29091222,ECB
2025-10-13,GBP,1.28909523,ECB
2025-10-14,GBP,1.28247005,ECB
2025-10-15,GBP,1.28767895,ECB
2025-10-16,GBP,1.28723648,ECB
2025-10-17,GBP,1.29201656,ECB
2025-10-18,GBP,1.28583648,ECB
2025-10-19,GBP,1.28352439,ECB
2025-10-20,GBP,1.28354458,ECB
2025-10-21,GBP,1.28372548,ECB
2025-10-22,GBP,1.2819922,ECB
2025-10-23,GBP,1.28438767,ECB
2025-10-24,GBP,1.28027395,ECB
2025-10-25,GBP,1.2797271,ECB
2025-10-26,GBP,1.28018894,ECB
2025-10-27,GBP,1.28216467,ECB
2025-10-28,GBP,1.28490189,ECB
2025-10-29,GBP,1.28056673,ECB
2025-10-30,GBP,1.27467312,ECB
2025-10-31,GBP,1.27955898,ECB
2025-11-01,GBP,1.28083463,ECB
2025-11-02,GBP,1.27795857,ECB
2025-11-03,GBP,1.28390549,ECB
2025-11-04,GBP,1.28435104,ECB
2025-11-05,GBP,1.28889493,ECB
2025-11-06,GBP,1.28915601,ECB
2025-11-07,GBP,1.29712588,ECB
2025-11-08,GBP,1.30395658,ECB
2025-11-09,GBP,1.30298266,ECB
2025-11-10,GBP,1.30678048,ECB
2025-11-11,GBP,1.30931058,ECB
2025-11-12,GBP,1.31468647,ECB
2025-11-13,GBP,1.31088075,ECB
2025-11-14,GBP,1.31357875,ECB
2025-11-15,GBP,1.31774972,ECB
2025-11-16,GBP,1.31079698,ECB
2025-11-17,GBP,1.30614395,ECB
2025-11-18,GBP,1.29815335,ECB
2025-11-19,GBP,1.29710416,ECB
2025-11-20,GBP,1.29989634,ECB
2025-11-21,GBP,1.30575507,ECB
2025-11-22,GBP,1.30604532,ECB
2025-11-23,GBP,1.31242645,ECB
2025-11-24,GBP,1.30699261,ECB
2025-11-25,GBP,1.30031368,ECB
2025-11-26,GBP,1.300097,ECB
2025-11-27,GBP,1.30159496,ECB
2025-11-28,GBP,1.3014673,ECB
2025-11-29,GBP,1.29339517,ECB
2025-11-30,GBP,1.29304937,ECB
2025-12-01,GBP,1.28798914,ECB
2025-12-02,GBP,1.29057673,ECB
2025-12-03,GBP,1.2919961,ECB
2025-12-04,GBP,1.28835314,ECB
2025-12-05,GBP,1.28636701,ECB
2025-12-06,GBP,1.2822794,ECB
2025-12-07,GBP,1.28203828,ECB
2025-12-08,GBP,1.28571187,ECB
2025-12-09,GBP,1.28190979,ECB
2025-12-10,GBP,1.28384822,ECB
2025-12-11,GBP,1.28180591,ECB
2025-12-12,GBP,1.27875698,ECB
2025-12-13,GBP,1.27834638,ECB
2025-12-14,GBP,1.27437619,ECB
2025-12-15,GBP,1.27225952,ECB
2025-12-16,GBP,1.26768748,ECB
2025-12-17,GBP,1.27515945,ECB
2025-12-18,GBP,1.27529435,ECB
2025-12-19,GBP,1.27261728,ECB
2025-12-20,GBP,1.27343423,ECB
2025-12-21,GBP,1.2730051,ECB
2025-12-22,GBP,1.27216122,ECB
2025-12-23,GBP,1.27450517,ECB
2025-12-24,GBP,1.27740151,ECB
2025-12-25,GBP,1.27536853,ECB
2025-12-26,GBP,1.27316538,ECB
2025-12-27,GBP,1.27211483,ECB
2025-12-28,GBP,1.2633299,ECB
2025-12-29,GBP,1.25758734,ECB
2025-12-30,GBP,1.26274423,ECB
2025-12-31,GBP,1.26897575,ECB
2026-01-01,GBP,1.26802769,ECB
2026-01-02,GBP,1.27022096,ECB
2026-01-03,GBP,1.27140703,ECB
2026-01-04,GBP,1.28315056,ECB
2026-01-05,GBP,1.28746031,ECB
2026-01-06,GBP,1.28696625,ECB
2026-01-07,GBP,1.283277,ECB
2026-01-08,GBP,1.27709246,ECB
2026-01-09,GBP,1.27787198,ECB
2026-01-10,GBP,1.27497242,ECB
2026-01-11,GBP,1.26953242,ECB
2026-01-12,GBP,1.26706988,ECB
2026-01-13,GBP,1.26295869,ECB
2026-01-14,GBP,1.26935106,ECB
2026-01-15,GBP,1.2727084,ECB
2026-01-16,GBP,1.27267796,ECB
2026-01-17,GBP,1.27832843,ECB
2026-01-18,GBP,1.27862514,ECB
2026-01-19,GBP,1.27532136,ECB
2026-01-20,GBP,1.28114878,ECB
2026-01-21,GBP,1.28322005,ECB
2026-01-22,GBP,1.279227,ECB
2026-01-23,GBP,1.27849655,ECB
2026-01-24,GBP,1.27513812,ECB
2026-01-25,GBP,1.26984834,ECB
2026-01-26,GBP,1.27337665,ECB
2026-01-27,GBP,1.28067087,ECB
2026-01-28,GBP,1.27529756,ECB
2026-01-29,GBP,1.27745142,ECB
2026-01-30,GBP,1.27495793,ECB
2026-01-31,GBP,1.27309473,ECB
2026-02-01,GBP,1.27083221,ECB
2026-02-02,GBP,1.26753825,ECB
2026-02-03,GBP,1.26772276,ECB
2026-02-04,GBP,1.26456252,ECB
2026-02-05,GBP,1.26558854,ECB
2026-02-06,GBP,1.2653978,ECB
2026-02-07,GBP,1.26449071,ECB
2026-02-08,GBP,1.26104789,ECB
2026-02-09,GBP,1.25886588,ECB
2026-02-10,GBP,1.26171869,ECB
2026-02-11,GBP,1.26361474,ECB
2026-02-12,GBP,1.25990898,ECB
2026-02-13,GBP,1.26028443,ECB
2026-02-14,GBP,1.26312532,ECB
2026-02-15,GBP,1.25679931,ECB
2026-02-16,GBP,1.258848,ECB
2026-02-17,GBP,1.25634557,ECB
2026-02-18,GBP,1.25849618,ECB
2026-02-19,GBP,1.2556145,ECB
2026-02-20,GBP,1.24881579,ECB
2026-02-21,GBP,1.24271829,ECB
2026-02-22,GBP,1.24289756,ECB
2026-02-23,GBP,1.24386598,ECB
2026-02-24,GBP,1.24049144,ECB
2026-02-25,GBP,1.24286794,ECB
2026-02-26,GBP,1.23667279,ECB
2026-02-27,GBP,1.23642763,ECB
2026-02-28,GBP,1.23193563,ECB
2026-03-01,GBP,1.22952657,ECB
2026-03-02,GBP,1.22970141,ECB
2026-03-03,GBP,1.22652725,ECB
2026-03-04,GBP,1.22511225,ECB
2026-03-05,GBP,1.22881071,ECB
2026-03-06,GBP,1.22668404,ECB
2026-03-07,GBP,1.22975943,ECB
2026-03-08,GBP,1.22559163,ECB
2026-03-09,GBP,1.2275396,ECB
2026-03-10,GBP,1.23284835,ECB
2026-03-11,GBP,1.22370686,ECB
2026-03-12,GBP,1.22078136,ECB
2026-03-13,GBP,1.2228948,ECB
2026-03-14,GBP,1.22214989,ECB
2026-03-15,GBP,1.22351067,ECB
2026-03-16,GBP,1.22129373,ECB
2026-03-17,GBP,1.22161098,ECB
2026-03-18,GBP,1.22104045,ECB
2026-03-19,GBP,1.22531818,ECB
2026-03-20,GBP,1.22625342,ECB
2026-03-21,GBP,1.22749538,ECB
2026-03-22,GBP,1.22597865,ECB
2026-03-23,GBP,1.22418526,ECB
2026-03-24,GBP,1.22259667,ECB
2026-03-25,GBP,1.22404343,ECB
2026-03-26,GBP,1.22249752,ECB
2026-03-27,GBP,1.22356027,ECB
2026-03-28,GBP,1.23117841,ECB
2026-03-29,GBP,1.23439594,ECB
2026-03-30,GBP,1.23318861,ECB
2026-03-31,GBP,1.23763258,ECB
2026-04-01,GBP,1.23611744,ECB
2026-04-02,GBP,1.22855935,ECB
2026-04-03,GBP,1.22484387,ECB
2026-04-04,GBP,1.21796959,ECB
2026-04-05,GBP,1.21668519,ECB
2026-04-06,GBP,1.21675242,ECB
2026-04-07,GBP,1.22287184,ECB
2026-04-08,GBP,1.22407122,ECB
2026-04-09,GBP,1.22326663,ECB
2026-04-10,GBP,1.22631038,ECB
2026-04-11,GBP,1.21817577,ECB
2026-04-12,GBP,1.21903683,ECB
2026-04-13,GBP,1.22185597,ECB
2026-04-14,GBP,1.21643611,ECB
2026-04-15,GBP,1.22061002,ECB
2026-04-16,GBP,1.22184954,ECB
2026-04-17,GBP,1.22032728,ECB
2026-04-18,GBP,1.22264388,ECB
2026-04-19,GBP,1.23097263,ECB
2026-04-20,GBP,1.23164425,ECB
2026-04-21,GBP,1.2325614,ECB
2026-04-22,GBP,1.23086283,ECB
2026-04-23,GBP,1.22772471,ECB
2026-04-24,GBP,1.23078298,ECB
2026-04-25,GBP,1.22762202,ECB
2026-04-26,GBP,1.22788559,ECB
2026-04-27,GBP,1.22612606,ECB
2026-04-28,GBP,1.22788793,ECB
2026-04-29,GBP,1.22911703,ECB
2026-04-30,GBP,1.2329428,ECB
2026-05-01,GBP,1.23105634,ECB
2026-05-02,GBP,1.23005965,ECB
2026-05-03,GBP,1.22644783,ECB
2026-05-04,GBP,1.22481313,ECB
2026-05-05,GBP,1.22619949,ECB
2026-05-06,GBP,1.22898415,ECB
2026-05-07,GBP,1.22558417,ECB
2026-05-08,GBP,1.2287815,ECB
2026-05-09,GBP,1.23377884,ECB
2026-05-10,GBP,1.23530911,ECB
2026-05-11,GBP,1.24226438,ECB
2026-05-12,GBP,1.23938062,ECB
2026-05-13,GBP,1.23475282,ECB
2026-05-14,GBP,1.22816398,ECB
2026-05-15,GBP,1.23367614,ECB
2026-05-16,GBP,1.23609797,ECB
2026-05-17,GBP,1.23589185,ECB
2026-05-18,GBP,1.23692988,ECB
2026-05-19,GBP,1.23275343,ECB
2026-05-20,GBP,1.24179845,ECB
2026-05-21,GBP,1.24227985,ECB
2026-05-22,GBP,1.24268755,ECB
2026-05-23,GBP,1.24539325,ECB
2026-05-24,GBP,1.24719039,ECB
2026-05-25,GBP,1.24802807,ECB
2026-05-26,GBP,1.24506846,ECB
2026-05-27,GBP,1.2468295,ECB
2026-05-28,GBP,1.25386919,ECB
2026-05-29,GBP,1.25893013,ECB
2026-05-30,GBP,1.26494726,ECB
2026-05-31,GBP,1.26300728,ECB
2026-06-01,GBP,1.25925764,ECB
2026-06-02,GBP,1.25878245,ECB
2026-06-03,GBP,1.25899289,ECB
2026-06-04,GBP,1.26312562,ECB
2026-06-05,GBP,1.25671224,ECB
2026-06-06,GBP,1.26247885,ECB
2026-06-07,GBP,1.26188041,ECB
2026-06-08,GBP,1.26026439,ECB
2026-06-09,GBP,1.25643783,ECB
2026-06-10,GBP,1.25020016,ECB
2026-06-11,GBP,1.25328754,ECB
2026-06-12,GBP,1.25356321,ECB
2026-06-13,GBP,1.24871206,ECB
2026-06-14,GBP,1.24386052,ECB
2026-06-15,GBP,1.24260751,ECB
2026-06-16,GBP,1.24882933,ECB
2026-06-17,GBP,1.24785678,ECB
2026-06-18,GBP,1.24222965,ECB
2026-06-19,GBP,1.24131385,ECB
2026-06-20,GBP,1.24029824,ECB
2026-06-21,GBP,1.23026341,ECB
2026-06-22,GBP,1.23006302,ECB
2026-06-23,GBP,1.22921082,ECB
2026-06-24,GBP,1.23177818,ECB
2026-06-25,GBP,1.23861069,ECB
2026-06-26,GBP,1.24279682,ECB
2026-06-27,GBP,1.24179429,ECB
2026-06-28,GBP,1.23767206,ECB
2026-06-29,GBP,1.24722699,ECB
2026-06-30,GBP,1.24744856,ECB
2026-07-01,GBP,1.24750069,ECB
2026-07-02,GBP,1.2474104,ECB
2026-07-03,GBP,1.24815168,ECB
2026-07-04,GBP,1.24761113,ECB
2026-07-05,GBP,1.24546401,ECB
2026-07-06,GBP,1.24342073,ECB
2026-07-07,GBP,1.24329855,ECB
2026-07-08,GBP,1.24127164,ECB
2026-07-09,GBP,1.23861713,ECB
2026-07-10,GBP,1.23901261,ECB
2026-07-11,GBP,1.23806485,ECB
2026-07-12,GBP,1.24365097,ECB
2026-07-13,GBP,1.23376033,ECB
2026-07-14,GBP,1.2378003,ECB
2026-07-15,GBP,1.24242752,ECB
2026-07-16,GBP,1.2346994,ECB
2026-07-17,GBP,1.23343006,ECB
2026-07-18,GBP,1.23205562,ECB
2026-07-19,GBP,1.22685322,ECB
2026-07-20,GBP,1.22399042,ECB
2026-07-21,GBP,1.21991242,ECB
2026-07-22,GBP,1.22632526,ECB
2026-07-23,GBP,1.2297676,ECB
2026-07-24,GBP,1.23445875,ECB
2026-07-25,GBP,1.23713138,ECB
2026-07-26,GBP,1.23294102,ECB
2026-07-27,GBP,1.23100091,ECB
2026-07-28,GBP,1.23280818,ECB
2026-07-29,GBP,1.22828823,ECB
2026-07-30,GBP,1.23091553,ECB
2026-07-31,GBP,1.23002807,ECB
2026-08-01,GBP,1.22864495,ECB
2026-08-02,GBP,1.2312655,ECB
2026-08-03,GBP,1.23290652,ECB
2026-08-04,GBP,1.23157141,ECB
2026-08-05,GBP,1.2358548,ECB
2026-08-06,GBP,1.23184669,ECB
2026-08-07,GBP,1.2341229,ECB
2026-08-08,GBP,1.23631878,ECB
2026-08-09,GBP,1.23517069,ECB
2026-08-10,GBP,1.23637918,ECB
2026-08-11,GBP,1.23173863,ECB
2026-08-12,GBP,1.2351531,ECB
2026-08-13,GBP,1.23446796,ECB
2026-08-14,GBP,1.2325321,ECB
2026-08-15,GBP,1.23641092,ECB
2026-08-16,GBP,1.23379834,ECB
2026-08-17,GBP,1.22858507,ECB
2026-08-18,GBP,1.22284772,ECB
2026-08-19,GBP,1.22507089,ECB
2026-08-20,GBP,1.22036504,ECB
2026-08-21,GBP,1.22678951,ECB
2026-08-22,GBP,1.21912724,ECB
2026-08-23,GBP,1.22533183,ECB
2026-08-24,GBP,1.22610753,ECB
2026-08-25,GBP,1.22575179,ECB
2026-08-26,GBP,1.22374798,ECB
2026-08-27,GBP,1.2252133,ECB
2026-08-28,GBP,1.22507497,ECB
2026-08-29,GBP,1.22912986,ECB
2026-08-30,GBP,1.22955106,ECB
2026-08-31,GBP,1.23010547,ECB
2026-09-01,GBP,1.22876362,ECB
2026-09-02,GBP,1.22855371,ECB
2026-09-03,GBP,1.22968816,ECB
2026-09-04,GBP,1.22337924,ECB
2026-09-05,GBP,1.21843121,ECB
2026-09-06,GBP,1.22114806,ECB
2026-09-07,GBP,1.22177402,ECB
2026-09-08,GBP,1.22109966,ECB
2026-09-09,GBP,1.22116719,ECB
2026-09-10,GBP,1.22244055,ECB
2026-09-11,GBP,1.22046108,ECB
2026-09-12,GBP,1.21761141,ECB
2026-09-13,GBP,1.2183268,ECB
2026-09-14,GBP,1.21475087,ECB
2025-09-14,CAD,0.74090632,ECB
2025-09-15,CAD,0.73712196,ECB
2025-09-16,CAD,0.7393978,ECB
2025-09-17,CAD,0.74044611,ECB
2025-09-18,CAD,0.74101484,ECB
2025-09-19,CAD,0.7431994,ECB
2025-09-20,CAD,0.74691274,ECB
2025-09-21,CAD,0.74918568,ECB
2025-09-22,CAD,0.74504821,ECB
2025-09-23,CAD,0.74218817,ECB
2025-09-24,CAD,0.74079697,ECB
2025-09-25,CAD,0.74085496,ECB
2025-09-26,CAD,0.74200549,ECB
2025-09-27,CAD,0.74038997,ECB
2025-09-28,CAD,0.74080481,ECB
2025-09-29,CAD,0.73912604,ECB
2025-09-30,CAD,0.73777007,ECB
2025-10-01,CAD,0.73465669,ECB
2025-10-02,CAD,0.73262191,ECB
2025-10-03,CAD,0.72965109,ECB
2025-10-04,CAD,0.72751495,ECB
2025-10-05,CAD,0.72981457,ECB
2025-10-06,CAD,0.72773592,ECB
2025-10-07,CAD,0.73348295,ECB
2025-10-08,CAD,0.73456847,ECB
2025-10-09,CAD,0.7349758,ECB
2025-10-10,CAD,0.73308318,ECB
2025-10-11,CAD,0.73462334,ECB
2025-10-12,CAD,0.73335471,ECB
2025-10-13,CAD,0.73362314,ECB
2025-10-14,CAD,0.73925755,ECB
2025-10-15,CAD,0.73904451,ECB
2025-10-16,CAD,0.7415926,ECB
2025-10-17,CAD,0.74002819,ECB
2025-10-18,CAD,0.73995051,ECB
2025-10-19,CAD,0.74388143,ECB
2025-10-20,CAD,0.74248226,ECB
2025-10-21,CAD,0.74651939,ECB
2025-10-22,CAD,0.74810444,ECB
2025-10-23,CAD,0.74684209,ECB
2025-10-24,CAD,0.74825902,ECB
2025-10-25,CAD,0.75044219,ECB
2025-10-26,CAD,0.75184208,ECB
2025-10-27,CAD,0.7483004,ECB
2025-10-28,CAD,0.74666805,ECB
2025-10-29,CAD,0.74611361,ECB
2025-10-30,CAD,0.745947,ECB
2025-10-31,CAD,0.74733597,ECB
2025-11-01,CAD,0.74773437,ECB
2025-11-02,CAD,0.74473892,ECB
2025-11-03,CAD,0.74558837,ECB
2025-11-04,CAD,0.74695411,ECB
2025-11-05,CAD,0.74820852,ECB
2025-11-06,CAD,0.75063447,ECB
2025-11-07,CAD,0.75251238,ECB
2025-11-08,CAD,0.75354899,ECB
2025-11-09,CAD,0.75339037,ECB
2025-11-10,CAD,0.74963632,ECB
2025-11-11,CAD,0.75060249,ECB
2025-11-12,CAD,0.75107016,ECB
2025-11-13,CAD,0.75168209,ECB
2025-11-14,CAD,0.74880296,ECB
2025-11-15,CAD,0.74637447,ECB
2025-11-16,CAD,0.74873261,ECB
2025-11-17,CAD,0.74864376,ECB
2025-11-18,CAD,0.75017436,ECB
2025-11-19,CAD,0.75023809,ECB
2025-11-20,CAD,0.75030506,ECB
2025-11-21,CAD,0.75241706,ECB
2025-11-22,CAD,0.75125222,ECB
2025-11-23,CAD,0.75146885,ECB
2025-11-24,CAD,0.75042669,ECB
2025-11-25,CAD,0.74944852,ECB
2025-11-26,CAD,0.7487534,ECB
2025-11-27,CAD,0.74925237,ECB
2025-11-28,CAD,0.74817626,ECB
2025-11-29,CAD,0.75099484,ECB
2025-11-30,CAD,0.7489793,ECB
2025-12-01,CAD,0.74855941,ECB
2025-12-02,CAD,0.74757192,ECB
2025-12-03,CAD,0.75081708,ECB
2025-12-04,CAD,0.75125981,ECB
2025-12-05,CAD,0.75358536,ECB
2025-12-06,CAD,0.75022687,ECB
2025-12-07,CAD,0.75082791,ECB
2025-12-08,CAD,0.75283179,ECB
2025-12-09,CAD,0.75301763,ECB
2025-12-10,CAD,0.75542461,ECB
2025-12-11,CAD,0.75425229,ECB
2025-12-12,CAD,0.7574413,ECB
2025-12-13,CAD,0.76266514,ECB
2025-12-14,CAD,0.76183497,ECB
2025-12-15,CAD,0.76081677,ECB
2025-12-16,CAD,0.76413405,ECB
2025-12-17,CAD,0.76775506,ECB
2025-12-18,CAD,0.76655078,ECB
2025-12-19,CAD,0.76558449,ECB
2025-12-20,CAD,0.7649373,ECB
2025-12-21,CAD,0.76185204,ECB
2025-12-22,CAD,0.75975241,ECB
2025-12-23,CAD,0.75746372,ECB
2025-12-24,CAD,0.75571898,ECB
2025-12-25,CAD,0.75564034,ECB
2025-12-26,CAD,0.75617129,ECB
2025-12-27,CAD,0.75968862,ECB
2025-12-28,CAD,0.75741331,ECB
2025-12-29,CAD,0.75964992,ECB
2025-12-30,CAD,0.75916225,ECB
2025-12-31,CAD,0.7590496,ECB
2026-01-01,CAD,0.76058627,ECB
2026-01-02,CAD,0.75802448,ECB
2026-01-03,CAD,0.75889411,ECB
2026-01-04,CAD,0.75927307,ECB
2026-01-05,CAD,0.76039479,ECB
2026-01-06,CAD,0.76105443,ECB
2026-01-07,CAD,0.76666028,ECB
2026-01-08,CAD,0.76519349,ECB
2026-01-09,CAD,0.76397455,ECB
2026-01-10,CAD,0.76254636,ECB
2026-01-11,CAD,0.76127563,ECB
2026-01-12,CAD,0.75981994,ECB
2026-01-13,CAD,0.76253026,ECB
2026-01-14,CAD,0.76577979,ECB
2026-01-15,CAD,0.76446859,ECB
2026-01-16,CAD,0.76255967,ECB
2026-01-17,CAD,0.76363811,ECB
2026-01-18,CAD,0.76237302,ECB
2026-01-19,CAD,0.76382061,ECB
2026-01-20,CAD,0.7642856,ECB
2026-01-21,CAD,0.76081021,ECB
2026-01-22,CAD,0.76434229,ECB
2026-01-23,CAD,0.76846028,ECB
2026-01-24,CAD,0.76704757,ECB
2026-01-25,CAD,0.76615542,ECB
2026-01-26,CAD,0.76681247,ECB
2026-01-27,CAD,0.76758186,ECB
2026-01-28,CAD,0.76909832,ECB
2026-01-29,CAD,0.77373646,ECB
2026-01-30,CAD,0.77332573,ECB
2026-01-31,CAD,0.7714737,ECB
2026-02-01,CAD,0.76828137,ECB
2026-02-02,CAD,0.76659669,ECB
2026-02-03,CAD,0.76652051,ECB
2026-02-04,CAD,0.7706472,ECB
2026-02-05,CAD,0.76945051,ECB
2026-02-06,CAD,0.7699671,ECB
2026-02-07,CAD,0.76992916,ECB
2026-02-08,CAD,0.7726741,ECB
2026-02-09,CAD,0.77853158,ECB
2026-02-10,CAD,0.77729169,ECB
2026-02-11,CAD,0.77615038,ECB
2026-02-12,CAD,0.77858165,ECB
2026-02-13,CAD,0.78017438,ECB
2026-02-14,CAD,0.78449664,ECB
2026-02-15,CAD,0.78587091,ECB
2026-02-16,CAD,0.78502384,ECB
2026-02-17,CAD,0.78641487,ECB
2026-02-18,CAD,0.78903057,ECB
2026-02-19,CAD,0.79097273,ECB
2026-02-20,CAD,0.79217645,ECB
2026-02-21,CAD,0.79471143,ECB
2026-02-22,CAD,0.79749919,ECB
2026-02-23,CAD,0.800806,ECB
2026-02-24,CAD,0.80236448,ECB
2026-02-25,CAD,0.80196221,ECB
2026-02-26,CAD,0.80231518,ECB
2026-02-27,CAD,0.80521919,ECB
2026-02-28,CAD,0.80324575,ECB
2026-03-01,CAD,0.80413415,ECB
2026-03-02,CAD,0.80318526,ECB
2026-03-03,CAD,0.80325453,ECB
2026-03-04,CAD,0.80633529,ECB
2026-03-05,CAD,0.80679756,ECB
2026-03-06,CAD,0.80690996,ECB
2026-03-07,CAD,0.80361811,ECB
2026-03-08,CAD,0.80541722,ECB
2026-03-09,CAD,0.80697687,ECB
2026-03-10,CAD,0.81221396,ECB
2026-03-11,CAD,0.81146402,ECB
2026-03-12,CAD,0.81199751,ECB
2026-03-13,CAD,0.81260501,ECB
2026-03-14,CAD,0.81645055,ECB
2026-03-15,CAD,0.81621714,ECB
2026-03-16,CAD,0.81690037,ECB
2026-03-17,CAD,0.81839014,ECB
2026-03-18,CAD,0.8188483,ECB
2026-03-19,CAD,0.81775161,ECB
2026-03-20,CAD,0.81822776,ECB
2026-03-21,CAD,0.82086319,ECB
2026-03-22,CAD,0.8183353,ECB
2026-03-23,CAD,0.81866174,ECB
2026-03-24,CAD,0.81694226,ECB
2026-03-25,CAD,0.81987111,ECB
2026-03-26,CAD,0.81612466,ECB
2026-03-27,CAD,0.81475621,ECB
2026-03-28,CAD,0.81567822,ECB
2026-03-29,CAD,0.81950911,ECB
2026-03-30,CAD,0.81934746,ECB
2026-03-31,CAD,0.81798276,ECB
2026-04-01,CAD,0.82259902,ECB
2026-04-02,CAD,0.81902561,ECB
2026-04-03,CAD,0.81362298,ECB
2026-04-04,CAD,0.814697,ECB
2026-04-05,CAD,0.81346993,ECB
2026-04-06,CAD,0.8109777,ECB
2026-04-07,CAD,0.81270109,ECB
2026-04-08,CAD,0.8132955,ECB
2026-04-09,CAD,0.81191921,ECB
2026-04-10,CAD,0.8088007,ECB
2026-04-11,CAD,0.81091763,ECB
2026-04-12,CAD,0.81249941,ECB
2026-04-13,CAD,0.81225767,ECB
2026-04-14,CAD,0.8167575,ECB
2026-04-15,CAD,0.81413551,ECB
2026-04-16,CAD,0.81040955,ECB
2026-04-17,CAD,0.80872737,ECB
2026-04-18,CAD,0.80861677,ECB
2026-04-19,CAD,0.80920707,ECB
2026-04-20,CAD,0.80862144,ECB
2026-04-21,CAD,0.80947548,ECB
2026-04-22,CAD,0.80643621,ECB
2026-04-23,CAD,0.80992912,ECB
2026-04-24,CAD,0.80972951,ECB
2026-04-25,CAD,0.81244363,ECB
2026-04-26,CAD,0.81327897,ECB
2026-04-27,CAD,0.81439337,ECB
2026-04-28,CAD,0.81578542,ECB
2026-04-29,CAD,0.81688112,ECB
2026-04-30,CAD,0.8184562,ECB
2026-05-01,CAD,0.82171976,ECB
2026-05-02,CAD,0.82220422,ECB
2026-05-03,CAD,0.82395306,ECB
2026-05-04,CAD,0.82373124,ECB
2026-05-05,CAD,0.82729005,ECB
2026-05-06,CAD,0.82561133,ECB
2026-05-07,CAD,0.83007196,ECB
2026-05-08,CAD,0.82997196,ECB
2026-05-09,CAD,0.82640945,ECB
2026-05-10,CAD,0.82672705,ECB
2026-05-11,CAD,0.82503792,ECB
2026-05-12,CAD,0.82711861,ECB
2026-05-13,CAD,0.82549922,ECB
2026-05-14,CAD,0.82439424,ECB
2026-05-15,CAD,0.81972106,ECB
2026-05-16,CAD,0.81860877,ECB
2026-05-17,CAD,0.81265614,ECB
2026-05-18,CAD,0.80879464,ECB
2026-05-19,CAD,0.81063969,ECB
2026-05-20,CAD,0.8125507,ECB
2026-05-21,CAD,0.81358781,ECB
2026-05-22,CAD,0.81122765,ECB
2026-05-23,CAD,0.81111154,ECB
2026-05-24,CAD,0.81110277,ECB
2026-05-25,CAD,0.80828412,ECB
2026-05-26,CAD,0.81192963,ECB
2026-05-27,CAD,0.8140667,ECB
2026-05-28,CAD,0.81352707,ECB
2026-05-29,CAD,0.81359268,ECB
2026-05-30,CAD,0.8141013,ECB
2026-05-31,CAD,0.80911476,ECB
2026-06-01,CAD,0.80851478,ECB
2026-06-02,CAD,0.80686059,ECB
2026-06-03,CAD,0.80443609,ECB
2026-06-04,CAD,0.80375771,ECB
2026-06-05,CAD,0.80809242,ECB
2026-06-06,CAD,0.809646,ECB
2026-06-07,CAD,0.80825864,ECB
2026-06-08,CAD,0.80964703,ECB
2026-06-09,CAD,0.81304598,ECB
2026-06-10,CAD,0.81530129,ECB
2026-06-11,CAD,0.81544714,ECB
2026-06-12,CAD,0.81386451,ECB
2026-06-13,CAD,0.81556929,ECB
2026-06-14,CAD,0.81653203,ECB
2026-06-15,CAD,0.8187249,ECB
2026-06-16,CAD,0.82028499,ECB
2026-06-17,CAD,0.82286779,ECB
2026-06-18,CAD,0.8215465,ECB
2026-06-19,CAD,0.8247934,ECB
2026-06-20,CAD,0.82528234,ECB
2026-06-21,CAD,0.83042037,ECB
2026-06-22,CAD,0.82870342,ECB
2026-06-23,CAD,0.83301922,ECB
2026-06-24,CAD,0.83351381,ECB
2026-06-25,CAD,0.83188491,ECB
2026-06-26,CAD,0.8306773,ECB
2026-06-27,CAD,0.82987898,ECB
2026-06-28,CAD,0.830935,ECB
2026-06-29,CAD,0.83223833,ECB
2026-06-30,CAD,0.83080597,ECB
2026-07-01,CAD,0.83074526,ECB
2026-07-02,CAD,0.83608431,ECB
2026-07-03,CAD,0.84041742,ECB
2026-07-04,CAD,0.8415175,ECB
2026-07-05,CAD,0.84161345,ECB
2026-07-06,CAD,0.84191651,ECB
2026-07-07,CAD,0.8434661,ECB
2026-07-08,CAD,0.84087803,ECB
2026-07-09,CAD,0.84022876,ECB
2026-07-10,CAD,0.83602278,ECB
2026-07-11,CAD,0.83702406,ECB
2026-07-12,CAD,0.83864922,ECB
2026-07-13,CAD,0.83743354,ECB
2026-07-14,CAD,0.84138787,ECB
2026-07-15,CAD,0.83829384,ECB
2026-07-16,CAD,0.83461111,ECB
2026-07-17,CAD,0.8351731,ECB
2026-07-18,CAD,0.83779662,ECB
2026-07-19,CAD,0.84202899,ECB
2026-07-20,CAD,0.84086981,ECB
2026-07-21,CAD,0.8435909,ECB
2026-07-22,CAD,0.84349344,ECB
2026-07-23,CAD,0.84305661,ECB
2026-07-24,CAD,0.84529154,ECB
2026-07-25,CAD,0.84694575,ECB
2026-07-26,CAD,0.84294039,ECB
2026-07-27,CAD,0.8466743,ECB
2026-07-28,CAD,0.85017976,ECB
2026-07-29,CAD,0.84858424,ECB
2026-07-30,CAD,0.84959186,ECB
2026-07-31,CAD,0.85085103,ECB
2026-08-01,CAD,0.85151641,ECB
2026-08-02,CAD,0.85011063,ECB
2026-08-03,CAD,0.84839777,ECB
2026-08-04,CAD,0.84833273,ECB
2026-08-05,CAD,0.85131732,ECB
2026-08-06,CAD,0.85270565,ECB
2026-08-07,CAD,0.85175758,ECB
2026-08-08,CAD,0.85372948,ECB
2026-08-09,CAD,0.84643382,ECB
2026-08-10,CAD,0.84935089,ECB
2026-08-11,CAD,0.844918,ECB
2026-08-12,CAD,0.84399931,ECB
2026-08-13,CAD,0.8411643,ECB
2026-08-14,CAD,0.83789718,ECB
2026-08-15,CAD,0.84081514,ECB
2026-08-16,CAD,0.83963539,ECB
2026-08-17,CAD,0.8405082,ECB
2026-08-18,CAD,0.84038989,ECB
2026-08-19,CAD,0.84159259,ECB
2026-08-20,CAD,0.84178655,ECB
2026-08-21,CAD,0.83854654,ECB
2026-08-22,CAD,0.84105278,ECB
2026-08-23,CAD,0.83980696,ECB
2026-08-24,CAD,0.83588527,ECB
2026-08-25,CAD,0.83481171,ECB
2026-08-26,CAD,0.83857026,ECB
2026-08-27,CAD,0.84070917,ECB
2026-08-28,CAD,0.83982983,ECB
2026-08-29,CAD,0.83894988,ECB
2026-08-30,CAD,0.83814037,ECB
2026-08-31,CAD,0.84336219,ECB
2026-09-01,CAD,0.84432852,ECB
2026-09-02,CAD,0.84541781,ECB
2026-09-03,CAD,0.84803087,ECB
2026-09-04,CAD,0.84863837,ECB
2026-09-05,CAD,0.84797887,ECB
2026-09-06,CAD,0.84747937,ECB
2026-09-07,CAD,0.84729733,ECB
2026-09-08,CAD,0.84720271,ECB
2026-09-09,CAD,0.84905206,ECB
2026-09-10,CAD,0.84918438,ECB
2026-09-11,CAD,0.85105082,ECB
2026-09-12,CAD,0.85084474,ECB
2026-09-13,CAD,0.85104545,ECB
2026-09-14,CAD,0.84594378,ECB
2025-09-14,BRL,0.18049482,ECB
2025-09-15,BRL,0.18068244,ECB
2025-09-16,BRL,0.1812234,ECB
2025-09-17,BRL,0.1796488,ECB
2025-09-18,BRL,0.18077432,ECB
2025-09-19,BRL,0.18069862,ECB
2025-09-20,BRL,0.18129936,ECB
2025-09-21,BRL,0.18073375,ECB
2025-09-22,BRL,0.181066,ECB
2025-09-23,BRL,0.18049379,ECB
2025-09-24,BRL,0.18015603,ECB
2025-09-25,BRL,0.1811905,ECB
2025-09-26,BRL,0.18108685,ECB
2025-09-27,BRL,0.18120497,ECB
2025-09-28,BRL,0.18167796,ECB
2025-09-29,BRL,0.18194812,ECB
2025-09-30,BRL,0.18203022,ECB
2025-10-01,BRL,0.18222953,ECB
2025-10-02,BRL,0.18354345,ECB
2025-10-03,BRL,0.18351172,ECB
2025-10-04,BRL,0.18362243,ECB
2025-10-05,BRL,0.1842012,ECB
2025-10-06,BRL,0.18481212,ECB
2025-10-07,BRL,0.18547025,ECB
2025-10-08,BRL,0.18582565,ECB
2025-10-09,BRL,0.18518845,ECB
2025-10-10,BRL,0.18609593,ECB
2025-10-11,BRL,0.18545594,ECB
2025-10-12,BRL,0.18562431,ECB
2025-10-13,BRL,0.18520428,ECB
2025-10-14,BRL,0.18516864,ECB
2025-10-15,BRL,0.18535127,ECB
2025-10-16,BRL,0.18552996,ECB
2025-10-17,BRL,0.1857648,ECB
2025-10-18,BRL,0.18666411,ECB
2025-10-19,BRL,0.18691809,ECB
2025-10-20,BRL,0.18678118,ECB
2025-10-21,BRL,0.1873214,ECB
2025-10-22,BRL,0.18798984,ECB
2025-10-23,BRL,0.1872975,ECB
2025-10-24,BRL,0.18763318,ECB
2025-10-25,BRL,0.18802787,ECB
2025-10-26,BRL,0.18786002,ECB
2025-10-27,BRL,0.18863534,ECB
2025-10-28,BRL,0.18855042,ECB
2025-10-29,BRL,0.18862145,ECB
2025-10-30,BRL,0.18852352,ECB
2025-10-31,BRL,0.18853233,ECB
2025-11-01,BRL,0.18791228,ECB
2025-11-02,BRL,0.18710047,ECB
2025-11-03,BRL,0.18799547,ECB
2025-11-04,BRL,0.18751779,ECB
2025-11-05,BRL,0.18696008,ECB
2025-11-06,BRL,0.18575229,ECB
2025-11-07,BRL,0.18539622,ECB
2025-11-08,BRL,0.18466033,ECB
2025-11-09,BRL,0.18556998,ECB
2025-11-10,BRL,0.18613215,ECB
2025-11-11,BRL,0.18574789,ECB
2025-11-12,BRL,0.18700305,ECB
2025-11-13,BRL,0.18755383,ECB
2025-11-14,BRL,0.18737106,ECB
2025-11-15,BRL,0.18596611,ECB
2025-11-16,BRL,0.18724422,ECB
2025-11-17,BRL,0.18646365,ECB
2025-11-18,BRL,0.18554323,ECB
2025-11-19,BRL,0.18611243,ECB
2025-11-20,BRL,0.18747463,ECB
2025-11-21,BRL,0.18825318,ECB
2025-11-22,BRL,0.18857165,ECB
2025-11-23,BRL,0.18890811,ECB
2025-11-24,BRL,0.18939177,ECB
2025-11-25,BRL,0.18982297,ECB
2025-11-26,BRL,0.1899831,ECB
2025-11-27,BRL,0.19004249,ECB
2025-11-28,BRL,0.1900068,ECB
2025-11-29,BRL,0.18957703,ECB
2025-11-30,BRL,0.1894174,ECB
2025-12-01,BRL,0.18845537,ECB
2025-12-02,BRL,0.18839977,ECB
2025-12-03,BRL,0.18784102,ECB
2025-12-04,BRL,0.18721913,ECB
2025-12-05,BRL,0.18732016,ECB
2025-12-06,BRL,0.18810241,ECB
2025-12-07,BRL,0.18862063,ECB
2025-12-08,BRL,0.18773194,ECB
2025-12-09,BRL,0.18717459,ECB
2025-12-10,BRL,0.18770285,ECB
2025-12-11,BRL,0.18714961,ECB
2025-12-12,BRL,0.18702349,ECB
2025-12-13,BRL,0.1873321,ECB
2025-12-14,BRL,0.1867879,ECB
2025-12-15,BRL,0.18684695,ECB
2025-12-16,BRL,0.18609917,ECB
2025-12-17,BRL,0.18576343,ECB
2025-12-18,BRL,0.18594164,ECB
2025-12-19,BRL,0.18505303,ECB
2025-12-20,BRL,0.18529756,ECB
2025-12-21,BRL,0.18528664,ECB
2025-12-22,BRL,0.18559375,ECB
2025-12-23,BRL,0.18571842,ECB
2025-12-24,BRL,0.18647846,ECB
2025-12-25,BRL,0.18654852,ECB
2025-12-26,BRL,0.1863082,ECB
2025-12-27,BRL,0.18637656,ECB
2025-12-28,BRL,0.18668033,ECB
2025-12-29,BRL,0.18670769,ECB
2025-12-30,BRL,0.18673043,ECB
2025-12-31,BRL,0.18633718,ECB
2026-01-01,BRL,0.18596661,ECB
2026-01-02,BRL,0.1851841,ECB
2026-01-03,BRL,0.18615608,ECB
2026-01-04,BRL,0.18546142,ECB
2026-01-05,BRL,0.1850759,ECB
2026-01-06,BRL,0.18467702,ECB
2026-01-07,BRL,0.18517284,ECB
2026-01-08,BRL,0.18500899,ECB
2026-01-09,BRL,0.18570152,ECB
2026-01-10,BRL,0.18532631,ECB
2026-01-11,BRL,0.18548143,ECB
2026-01-12,BRL,0.1850166,ECB
2026-01-13,BRL,0.18620727,ECB
2026-01-14,BRL,0.18554385,ECB
2026-01-15,BRL,0.1857163,ECB
2026-01-16,BRL,0.18606941,ECB
2026-01-17,BRL,0.1863004,ECB
2026-01-18,BRL,0.18619684,ECB
2026-01-19,BRL,0.18612432,ECB
2026-01-20,BRL,0.18614879,ECB
2026-01-21,BRL,0.1860667,ECB
2026-01-22,BRL,0.18660473,ECB
2026-01-23,BRL,0.18784221,ECB
2026-01-24,BRL,0.18752805,ECB
2026-01-25,BRL,0.18675742,ECB
2026-01-26,BRL,0.18670796,ECB
2026-01-27,BRL,0.18815292,ECB
2026-01-28,BRL,0.18769928,ECB
2026-01-29,BRL,0.18862226,ECB
2026-01-30,BRL,0.18957162,ECB
2026-01-31,BRL,0.18925678,ECB
2026-02-01,BRL,0.18957983,ECB
2026-02-02,BRL,0.19050597,ECB
2026-02-03,BRL,0.19028929,ECB
2026-02-04,BRL,0.19017307,ECB
2026-02-05,BRL,0.18984121,ECB
2026-02-06,BRL,0.18926328,ECB
2026-02-07,BRL,0.18889463,ECB
2026-02-08,BRL,0.18820104,ECB
2026-02-09,BRL,0.18822029,ECB
2026-02-10,BRL,0.18778551,ECB
2026-02-11,BRL,0.18791722,ECB
2026-02-12,BRL,0.18704008,ECB
2026-02-13,BRL,0.18722574,ECB
2026-02-14,BRL,0.18769392,ECB
2026-02-15,BRL,0.18657128,ECB
2026-02-16,BRL,0.18678065,ECB
2026-02-17,BRL,0.18746856,ECB
2026-02-18,BRL,0.18678825,ECB
2026-02-19,BRL,0.1877255,ECB
2026-02-20,BRL,0.18796148,ECB
2026-02-21,BRL,0.18756394,ECB
2026-02-22,BRL,0.18753256,ECB
2026-02-23,BRL,0.18784667,ECB
2026-02-24,BRL,0.1878895,ECB
2026-02-25,BRL,0.18819318,ECB
2026-02-26,BRL,0.18767339,ECB
2026-02-27,BRL,0.18776874,ECB
2026-02-28,BRL,0.18697239,ECB
2026-03-01,BRL,0.18691,ECB
2026-03-02,BRL,0.18640315,ECB
2026-03-03,BRL,0.18599184,ECB
2026-03-04,BRL,0.18668155,ECB
2026-03-05,BRL,0.18729273,ECB
2026-03-06,BRL,0.18763499,ECB
2026-03-07,BRL,0.18702012,ECB
2026-03-08,BRL,0.1868426,ECB
2026-03-09,BRL,0.18752257,ECB
2026-03-10,BRL,0.1876023,ECB
2026-03-11,BRL,0.18890763,ECB
2026-03-12,BRL,0.18913053,ECB
2026-03-13,BRL,0.1892395,ECB
2026-03-14,BRL,0.18906401,ECB
2026-03-15,BRL,0.18913975,ECB
2026-03-16,BRL,0.18905324,ECB
2026-03-17,BRL,0.18945485,ECB
2026-03-18,BRL,0.18999861,ECB
2026-03-19,BRL,0.18955059,ECB
2026-03-20,BRL,0.18879359,ECB
2026-03-21,BRL,0.1877536,ECB
2026-03-22,BRL,0.18803973,ECB
2026-03-23,BRL,0.1874173,ECB
2026-03-24,BRL,0.18620683,ECB
2026-03-25,BRL,0.1864239,ECB
2026-03-26,BRL,0.18781816,ECB
2026-03-27,BRL,0.18781474,ECB
2026-03-28,BRL,0.18828718,ECB
2026-03-29,BRL,0.18833341,ECB
2026-03-30,BRL,0.18827753,ECB
2026-03-31,BRL,0.18879666,ECB
2026-04-01,BRL,0.18863225,ECB
2026-04-02,BRL,0.18878357,ECB
2026-04-03,BRL,0.18896576,ECB
2026-04-04,BRL,0.18858702,ECB
2026-04-05,BRL,0.18914828,ECB
2026-04-06,BRL,0.189049,ECB
2026-04-07,BRL,0.18862038,ECB
2026-04-08,BRL,0.18892397,ECB
2026-04-09,BRL,0.18841475,ECB
2026-04-10,BRL,0.18843067,ECB
2026-04-11,BRL,0.18842552,ECB
2026-04-12,BRL,0.18903935,ECB
2026-04-13,BRL,0.18930856,ECB
2026-04-14,BRL,0.18929435,ECB
2026-04-15,BRL,0.18975874,ECB
2026-04-16,BRL,0.19055015,ECB
2026-04-17,BRL,0.19086903,ECB
2026-04-18,BRL,0.19087496,ECB
2026-04-19,BRL,0.19012377,ECB
2026-04-20,BRL,0.18951626,ECB
2026-04-21,BRL,0.18934272,ECB
2026-04-22,BRL,0.1889965,ECB
2026-04-23,BRL,0.18889049,ECB
2026-04-24,BRL,0.18892259,ECB
2026-04-25,BRL,0.1892228,ECB
2026-04-26,BRL,0.18918278,ECB
2026-04-27,BRL,0.1894589,ECB
2026-04-28,BRL,0.18949554,ECB
2026-04-29,BRL,0.18837252,ECB
2026-04-30,BRL,0.18784168,ECB
2026-05-01,BRL,0.18776048,ECB
2026-05-02,BRL,0.18707909,ECB
2026-05-03,BRL,0.18741579,ECB
2026-05-04,BRL,0.18827645,ECB
2026-05-05,BRL,0.18896484,ECB
2026-05-06,BRL,0.18884384,ECB
2026-05-07,BRL,0.18968839,ECB
2026-05-08,BRL,0.18977299,ECB
2026-05-09,BRL,0.18958108,ECB
2026-05-10,BRL,0.18923221,ECB
2026-05-11,BRL,0.1890605,ECB
2026-05-12,BRL,0.18884033,ECB
2026-05-13,BRL,0.18893688,ECB
2026-05-14,BRL,0.18902789,ECB
2026-05-15,BRL,0.18902962,ECB
2026-05-16,BRL,0.1892774,ECB
2026-05-17,BRL,0.18995349,ECB
2026-05-18,BRL,0.1904946,ECB
2026-05-19,BRL,0.18964601,ECB
2026-05-20,BRL,0.18819298,ECB
2026-05-21,BRL,0.18872048,ECB
2026-05-22,BRL,0.18794661,ECB
2026-05-23,BRL,0.18781987,ECB
2026-05-24,BRL,0.18716056,ECB
2026-05-25,BRL,0.18614878,ECB
2026-05-26,BRL,0.18645116,ECB
2026-05-27,BRL,0.1868758,ECB
2026-05-28,BRL,0.18655259,ECB
2026-05-29,BRL,0.18510249,ECB
2026-05-30,BRL,0.18479916,ECB
2026-05-31,BRL,0.18501638,ECB
2026-06-01,BRL,0.18419551,ECB
2026-06-02,BRL,0.18429683,ECB
2026-06-03,BRL,0.18428836,ECB
2026-06-04,BRL,0.18460863,ECB
2026-06-05,BRL,0.18467486,ECB
2026-06-06,BRL,0.18413576,ECB
2026-06-07,BRL,0.18479675,ECB
2026-06-08,BRL,0.18470886,ECB
2026-06-09,BRL,0.18469373,ECB
2026-06-10,BRL,0.18417663,ECB
2026-06-11,BRL,0.1839317,ECB
2026-06-12,BRL,0.18344347,ECB
2026-06-13,BRL,0.18334829,ECB
2026-06-14,BRL,0.18428981,ECB
2026-06-15,BRL,0.18353133,ECB
2026-06-16,BRL,0.18264291,ECB
2026-06-17,BRL,0.18344901,ECB
2026-06-18,BRL,0.18333381,ECB
2026-06-19,BRL,0.18296582,ECB
2026-06-20,BRL,0.18353662,ECB
2026-06-21,BRL,0.18320316,ECB
2026-06-22,BRL,0.18420675,ECB
2026-06-23,BRL,0.18458139,ECB
2026-06-24,BRL,0.18431121,ECB
2026-06-25,BRL,0.18550406,ECB
2026-06-26,BRL,0.18516697,ECB
2026-06-27,BRL,0.1855792,ECB
2026-06-28,BRL,0.18574583,ECB
2026-06-29,BRL,0.18647121,ECB
2026-06-30,BRL,0.18734474,ECB
2026-07-01,BRL,0.18736273,ECB
2026-07-02,BRL,0.18693924,ECB
2026-07-03,BRL,0.1871972,ECB
2026-07-04,BRL,0.1868166,ECB
2026-07-05,BRL,0.18794501,ECB
2026-07-06,BRL,0.18802199,ECB
2026-07-07,BRL,0.18781592,ECB
2026-07-08,BRL,0.18791998,ECB
2026-07-09,BRL,0.18716053,ECB
2026-07-10,BRL,0.18661498,ECB
2026-07-11,BRL,0.18728703,ECB
2026-07-12,BRL,0.18691794,ECB
2026-07-13,BRL,0.18633088,ECB
2026-07-14,BRL,0.18663087,ECB
2026-07-15,BRL,0.18729474,ECB
2026-07-16,BRL,0.18769871,ECB
2026-07-17,BRL,0.18825958,ECB
2026-07-18,BRL,0.18783215,ECB
2026-07-19,BRL,0.18703097,ECB
2026-07-20,BRL,0.18787336,ECB
2026-07-21,BRL,0.18769149,ECB
2026-07-22,BRL,0.18755025,ECB
2026-07-23,BRL,0.18829756,ECB
2026-07-24,BRL,0.18861177,ECB
2026-07-25,BRL,0.18886973,ECB
2026-07-26,BRL,0.19009644,ECB
2026-07-27,BRL,0.18972945,ECB
2026-07-28,BRL,0.19025756,ECB
2026-07-29,BRL,0.1902901,ECB
2026-07-30,BRL,0.19044343,ECB
2026-07-31,BRL,0.19131669,ECB
2026-08-01,BRL,0.19160817,ECB
2026-08-02,BRL,0.19191759,ECB
2026-08-03,BRL,0.19253509,ECB
2026-08-04,BRL,0.19232429,ECB
2026-08-05,BRL,0.19184009,ECB
2026-08-06,BRL,0.19123878,ECB
2026-08-07,BRL,0.19011065,ECB
2026-08-08,BRL,0.19128337,ECB
2026-08-09,BRL,0.1906503,ECB
2026-08-10,BRL,0.19052375,ECB
2026-08-11,BRL,0.19036553,ECB
2026-08-12,BRL,0.19054109,ECB
2026-08-13,BRL,0.19100739,ECB
2026-08-14,BRL,0.19150046,ECB
2026-08-15,BRL,0.19116548,ECB
2026-08-16,BRL,0.19106963,ECB
2026-08-17,BRL,0.19123161,ECB
2026-08-18,BRL,0.19108894,ECB
2026-08-19,BRL,0.19201038,ECB
2026-08-20,BRL,0.19229319,ECB
2026-08-21,BRL,0.19271713,ECB
2026-08-22,BRL,0.19310037,ECB
2026-08-23,BRL,0.19378017,ECB
2026-08-24,BRL,0.1938854,ECB
2026-08-25,BRL,0.19313109,ECB
2026-08-26,BRL,0.19336267,ECB
2026-08-27,BRL,0.19298483,ECB
2026-08-28,BRL,0.19267878,ECB
2026-08-29,BRL,0.19301772,ECB
2026-08-30,BRL,0.19373475,ECB
2026-08-31,BRL,0.19374712,ECB
2026-09-01,BRL,0.19392662,ECB
2026-09-02,BRL,0.19491694,ECB
2026-09-03,BRL,0.19505772,ECB
2026-09-04,BRL,0.19658015,ECB
2026-09-05,BRL,0.19691366,ECB
2026-09-06,BRL,0.1958735,ECB
2026-09-07,BRL,0.19631618,ECB
2026-09-08,BRL,0.19654066,ECB
2026-09-09,BRL,0.19730113,ECB
2026-09-10,BRL,0.19769959,ECB
2026-09-11,BRL,0.19761747,ECB
2026-09-12,BRL,0.19689164,ECB
2026-09-13,BRL,0.19676818,ECB
2026-09-14,BRL,0.19626611,ECB
2025-09-14,SGD,0.74869382,ECB
2025-09-15,SGD,0.75001582,ECB
2025-09-16,SGD,0.75377318,ECB
2025-09-17,SGD,0.75466566,ECB
2025-09-18,SGD,0.75195818,ECB
2025-09-19,SGD,0.75296115,ECB
2025-09-20,SGD,0.7556642,ECB
2025-09-21,SGD,0.75428183,ECB
2025-09-22,SGD,0.75397857,ECB
2025-09-23,SGD,0.75401179,ECB
2025-09-24,SGD,0.75223633,ECB
2025-09-25,SGD,0.75369931,ECB
2025-09-26,SGD,0.75342583,ECB
2025-09-27,SGD,0.75437409,ECB
2025-09-28,SGD,0.75236559,ECB
2025-09-29,SGD,0.7513782,ECB
2025-09-30,SGD,0.75300655,ECB
2025-10-01,SGD,0.75216431,ECB
2025-10-02,SGD,0.75606119,ECB
2025-10-03,SGD,0.75515474,ECB
2025-10-04,SGD,0.75566376,ECB
2025-10-05,SGD,0.75777793,ECB
2025-10-06,SGD,0.75455351,ECB
2025-10-07,SGD,0.75056764,ECB
2025-10-08,SGD,0.74713232,ECB
2025-10-09,SGD,0.74996227,ECB
2025-10-10,SGD,0.74872065,ECB
2025-10-11,SGD,0.75446678,ECB
2025-10-12,SGD,0.75318966,ECB
2025-10-13,SGD,0.75360667,ECB
2025-10-14,SGD,0.7570931,ECB
2025-10-15,SGD,0.7616495,ECB
2025-10-16,SGD,0.76635993,ECB
2025-10-17,SGD,0.76913806,ECB
2025-10-18,SGD,0.77150099,ECB
2025-10-19,SGD,0.7728724,ECB
2025-10-20,SGD,0.77467712,ECB
2025-10-21,SGD,0.77339615,ECB
2025-10-22,SGD,0.77149777,ECB
2025-10-23,SGD,0.77148996,ECB
2025-10-24,SGD,0.77109608,ECB
2025-10-25,SGD,0.77004763,ECB
2025-10-26,SGD,0.77165638,ECB
2025-10-27,SGD,0.77386788,ECB
2025-10-28,SGD,0.77407313,ECB
2025-10-29,SGD,0.77750428,ECB
2025-10-30,SGD,0.77484127,ECB
2025-10-31,SGD,0.77439111,ECB
2025-11-01,SGD,0.77272581,ECB
2025-11-02,SGD,0.76839884,ECB
2025-11-03,SGD,0.76820825,ECB
2025-11-04,SGD,0.76792767,ECB
2025-11-05,SGD,0.77141433,ECB
2025-11-06,SGD,0.77287418,ECB
2025-11-07,SGD,0.77049947,ECB
2025-11-08,SGD,0.77478521,ECB
2025-11-09,SGD,0.77762332,ECB
2025-11-10,SGD,0.77898128,ECB
2025-11-11,SGD,0.778452,ECB
2025-11-12,SGD,0.77621137,ECB
2025-11-13,SGD,0.77534463,ECB
2025-11-14,SGD,0.7778771,ECB
2025-11-15,SGD,0.78227503,ECB
2025-11-16,SGD,0.78589675,ECB
2025-11-17,SGD,0.7847442,ECB
2025-11-18,SGD,0.78210836,ECB
2025-11-19,SGD,0.78243892,ECB
2025-11-20,SGD,0.77828784,ECB
2025-11-21,SGD,0.77904239,ECB
2025-11-22,SGD,0.77869742,ECB
2025-11-23,SGD,0.77760872,ECB
2025-11-24,SGD,0.77388855,ECB
2025-11-25,SGD,0.77508096,ECB
2025-11-26,SGD,0.7738423,ECB
2025-11-27,SGD,0.77112631,ECB
2025-11-28,SGD,0.76448168,ECB
2025-11-29,SGD,0.76441857,ECB
2025-11-30,SGD,0.7684828,ECB
2025-12-01,SGD,0.77231275,ECB
2025-12-02,SGD,0.77125368,ECB
2025-12-03,SGD,0.76986031,ECB
2025-12-04,SGD,0.77094298,ECB
2025-12-05,SGD,0.76863389,ECB
2025-12-06,SGD,0.76932979,ECB
2025-12-07,SGD,0.77109789,ECB
2025-12-08,SGD,0.77393615,ECB
2025-12-09,SGD,0.77370361,ECB
2025-12-10,SGD,0.77323086,ECB
2025-12-11,SGD,0.77119421,ECB
2025-12-12,SGD,0.76928116,ECB
2025-12-13,SGD,0.76875848,ECB
2025-12-14,SGD,0.76960572,ECB
2025-12-15,SGD,0.77171502,ECB
2025-12-16,SGD,0.76985555,ECB
2025-12-17,SGD,0.77330301,ECB
2025-12-18,SGD,0.77267403,ECB
2025-12-19,SGD,0.7726245,ECB
2025-12-20,SGD,0.77089256,ECB
2025-12-21,SGD,0.76528607,ECB
2025-12-22,SGD,0.76731571,ECB
2025-12-23,SGD,0.76901189,ECB
2025-12-24,SGD,0.76836286,ECB
2025-12-25,SGD,0.76851728,ECB
2025-12-26,SGD,0.7697068,ECB
2025-12-27,SGD,0.7660987,ECB
2025-12-28,SGD,0.76488278,ECB
2025-12-29,SGD,0.76670533,ECB
2025-12-30,SGD,0.76382032,ECB
2025-12-31,SGD,0.764493,ECB
2026-01-01,SGD,0.76138171,ECB
2026-01-02,SGD,0.7624471,ECB
2026-01-03,SGD,0.76236558,ECB
2026-01-04,SGD,0.75867161,ECB
2026-01-05,SGD,0.76132258,ECB
2026-01-06,SGD,0.75964479,ECB
2026-01-07,SGD,0.75779828,ECB
2026-01-08,SGD,0.75825426,ECB
2026-01-09,SGD,0.76086713,ECB
2026-01-10,SGD,0.75854842,ECB
2026-01-11,SGD,0.75868878,ECB
2026-01-12,SGD,0.75966479,ECB
2026-01-13,SGD,0.76124438,ECB
2026-01-14,SGD,0.76164732,ECB
2026-01-15,SGD,0.76080869,ECB
2026-01-16,SGD,0.75891977,ECB
2026-01-17,SGD,0.7591159,ECB
2026-01-18,SGD,0.75667427,ECB
2026-01-19,SGD,0.75004273,ECB
2026-01-20,SGD,0.75102505,ECB
2026-01-21,SGD,0.75306168,ECB
2026-01-22,SGD,0.74772338,ECB
2026-01-23,SGD,0.74545838,ECB
2026-01-24,SGD,0.74684305,ECB
2026-01-25,SGD,0.75145292,ECB
2026-01-26,SGD,0.7514998,ECB
2026-01-27,SGD,0.74985852,ECB
2026-01-28,SGD,0.74944708,ECB
2026-01-29,SGD,0.75253827,ECB
2026-01-30,SGD,0.75107993,ECB
2026-01-31,SGD,0.74927916,ECB
2026-02-01,SGD,0.74819403,ECB
2026-02-02,SGD,0.74605421,ECB
2026-02-03,SGD,0.74632876,ECB
2026-02-04,SGD,0.7499664,ECB
2026-02-05,SGD,0.75069329,ECB
2026-02-06,SGD,0.75012497,ECB
2026-02-07,SGD,0.74946829,ECB
2026-02-08,SGD,0.7459536,ECB
2026-02-09,SGD,0.74792988,ECB
2026-02-10,SGD,0.74775523,ECB
2026-02-11,SGD,0.74735036,ECB
2026-02-12,SGD,0.75450947,ECB
2026-02-13,SGD,0.75518571,ECB
2026-02-14,SGD,0.75348248,ECB
2026-02-15,SGD,0.75251872,ECB
2026-02-16,SGD,0.75511141,ECB
2026-02-17,SGD,0.755368,ECB
2026-02-18,SGD,0.75210871,ECB
2026-02-19,SGD,0.75418279,ECB
2026-02-20,SGD,0.75267109,ECB
2026-02-21,SGD,0.75690102,ECB
2026-02-22,SGD,0.75935348,ECB
2026-02-23,SGD,0.75833446,ECB
2026-02-24,SGD,0.76124878,ECB
2026-02-25,SGD,0.76140374,ECB
2026-02-26,SGD,0.76335166,ECB
2026-02-27,SGD,0.76446172,ECB
2026-02-28,SGD,0.7625207,ECB
2026-03-01,SGD,0.76104854,ECB
2026-03-02,SGD,0.76340009,ECB
2026-03-03,SGD,0.76263339,ECB
2026-03-04,SGD,0.76170988,ECB
2026-03-05,SGD,0.7595273,ECB
2026-03-06,SGD,0.7604925,ECB
2026-03-07,SGD,0.76519811,ECB
2026-03-08,SGD,0.76274749,ECB
2026-03-09,SGD,0.76280291,ECB
2026-03-10,SGD,0.76603464,ECB
2026-03-11,SGD,0.76585162,ECB
2026-03-12,SGD,0.76689097,ECB
2026-03-13,SGD,0.76444675,ECB
2026-03-14,SGD,0.765429,ECB
2026-03-15,SGD,0.76499927,ECB
2026-03-16,SGD,0.76726151,ECB
2026-03-17,SGD,0.76999462,ECB
2026-03-18,SGD,0.77597647,ECB
2026-03-19,SGD,0.77732582,ECB
2026-03-20,SGD,0.77808557,ECB
2026-03-21,SGD,0.77853931,ECB
2026-03-22,SGD,0.77771445,ECB
2026-03-23,SGD,0.77850418,ECB
2026-03-24,SGD,0.77781427,ECB
2026-03-25,SGD,0.77820736,ECB
2026-03-26,SGD,0.78128345,ECB
2026-03-27,SGD,0.77892427,ECB
2026-03-28,SGD,0.7815879,ECB
2026-03-29,SGD,0.78467623,ECB
2026-03-30,SGD,0.78439829,ECB
2026-03-31,SGD,0.77940515,ECB
2026-04-01,SGD,0.77798393,ECB
2026-04-02,SGD,0.78101106,ECB
2026-04-03,SGD,0.78095748,ECB
2026-04-04,SGD,0.77861624,ECB
2026-04-05,SGD,0.77743716,ECB
2026-04-06,SGD,0.77939775,ECB
2026-04-07,SGD,0.78067612,ECB
2026-04-08,SGD,0.78011653,ECB
2026-04-09,SGD,0.77925803,ECB
2026-04-10,SGD,0.77834219,ECB
2026-04-11,SGD,0.77618834,ECB
2026-04-12,SGD,0.77994985,ECB
2026-04-13,SGD,0.77919567,ECB
2026-04-14,SGD,0.78204088,ECB
2026-04-15,SGD,0.78561007,ECB
2026-04-16,SGD,0.78796292,ECB
2026-04-17,SGD,0.78694262,ECB
2026-04-18,SGD,0.78789576,ECB
2026-04-19,SGD,0.78783857,ECB
2026-04-20,SGD,0.78570265,ECB
2026-04-21,SGD,0.7864672,ECB
2026-04-22,SGD,0.78368537,ECB
2026-04-23,SGD,0.78647768,ECB
2026-04-24,SGD,0.78538144,ECB
2026-04-25,SGD,0.7858554,ECB
2026-04-26,SGD,0.78652327,ECB
2026-04-27,SGD,0.78591237,ECB
2026-04-28,SGD,0.78729564,ECB
2026-04-29,SGD,0.78617397,ECB
2026-04-30,SGD,0.78822894,ECB
2026-05-01,SGD,0.78504612,ECB
2026-05-02,SGD,0.78534376,ECB
2026-05-03,SGD,0.78991194,ECB
2026-05-04,SGD,0.78754142,ECB
2026-05-05,SGD,0.78594016,ECB
2026-05-06,SGD,0.78715187,ECB
2026-05-07,SGD,0.78757594,ECB
2026-05-08,SGD,0.78840438,ECB
2026-05-09,SGD,0.78956142,ECB
2026-05-10,SGD,0.79106487,ECB
2026-05-11,SGD,0.7936984,ECB
2026-05-12,SGD,0.79467422,ECB
2026-05-13,SGD,0.79409906,ECB
2026-05-14,SGD,0.79570133,ECB
2026-05-15,SGD,0.80023654,ECB
2026-05-16,SGD,0.79991813,ECB
2026-05-17,SGD,0.7975795,ECB
2026-05-18,SGD,0.80022845,ECB
2026-05-19,SGD,0.79993946,ECB
2026-05-20,SGD,0.79472544,ECB
2026-05-21,SGD,0.79674585,ECB
2026-05-22,SGD,0.79546628,ECB
2026-05-23,SGD,0.79525024,ECB
2026-05-24,SGD,0.79604226,ECB
2026-05-25,SGD,0.7964972,ECB
2026-05-26,SGD,0.79819242,ECB
2026-05-27,SGD,0.79714962,ECB
2026-05-28,SGD,0.79837669,ECB
2026-05-29,SGD,0.79775504,ECB
2026-05-30,SGD,0.79952321,ECB
2026-05-31,SGD,0.80099921,ECB
2026-06-01,SGD,0.79875135,ECB
2026-06-02,SGD,0.80135364,ECB
2026-06-03,SGD,0.80006515,ECB
2026-06-04,SGD,0.80200465,ECB
2026-06-05,SGD,0.80288835,ECB
2026-06-06,SGD,0.80731592,ECB
2026-06-07,SGD,0.80677469,ECB
2026-06-08,SGD,0.80592923,ECB
2026-06-09,SGD,0.80588228,ECB
2026-06-10,SGD,0.8051493,ECB
2026-06-11,SGD,0.80708152,ECB
2026-06-12,SGD,0.80316803,ECB
2026-06-13,SGD,0.80062918,ECB
2026-06-14,SGD,0.79806444,ECB
2026-06-15,SGD,0.80033966,ECB
2026-06-16,SGD,0.80444687,ECB
2026-06-17,SGD,0.8041948,ECB
2026-06-18,SGD,0.80378751,ECB
2026-06-19,SGD,0.80395643,ECB
2026-06-20,SGD,0.80675873,ECB
2026-06-21,SGD,0.80451427,ECB
2026-06-22,SGD,0.80508959,ECB
2026-06-23,SGD,0.80744495,ECB
2026-06-24,SGD,0.80865877,ECB
2026-06-25,SGD,0.80911869,ECB
2026-06-26,SGD,0.81154859,ECB
2026-06-27,SGD,0.80496717,ECB
2026-06-28,SGD,0.80660418,ECB
2026-06-29,SGD,0.80502144,ECB
2026-06-30,SGD,0.80060034,ECB
2026-07-01,SGD,0.80182815,ECB
2026-07-02,SGD,0.80513246,ECB
2026-07-03,SGD,0.80480047,ECB
2026-07-04,SGD,0.80710109,ECB
2026-07-05,SGD,0.8110049,ECB
2026-07-06,SGD,0.81420411,ECB
2026-07-07,SGD,0.81820991,ECB
2026-07-08,SGD,0.82003156,ECB
2026-07-09,SGD,0.82021713,ECB
2026-07-10,SGD,0.81627525,ECB
2026-07-11,SGD,0.81567269,ECB
2026-07-12,SGD,0.81360925,ECB
2026-07-13,SGD,0.81890814,ECB
2026-07-14,SGD,0.81847604,ECB
2026-07-15,SGD,0.81877856,ECB
2026-07-16,SGD,0.82013319,ECB
2026-07-17,SGD,0.82024047,ECB
2026-07-18,SGD,0.82441152,ECB
2026-07-19,SGD,0.82287156,ECB
2026-07-20,SGD,0.82335197,ECB
2026-07-21,SGD,0.82151803,ECB
2026-07-22,SGD,0.81826476,ECB
2026-07-23,SGD,0.816763,ECB
2026-07-24,SGD,0.81667225,ECB
2026-07-25,SGD,0.81562045,ECB
2026-07-26,SGD,0.81392619,ECB
2026-07-27,SGD,0.81049227,ECB
2026-07-28,SGD,0.81029021,ECB
2026-07-29,SGD,0.80663242,ECB
2026-07-30,SGD,0.80847168,ECB
2026-07-31,SGD,0.80867163,ECB
2026-08-01,SGD,0.80513559,ECB
2026-08-02,SGD,0.80438873,ECB
2026-08-03,SGD,0.80257365,ECB
2026-08-04,SGD,0.80334213,ECB
2026-08-05,SGD,0.80657265,ECB
2026-08-06,SGD,0.80203526,ECB
2026-08-07,SGD,0.80231203,ECB
2026-08-08,SGD,0.8019266,ECB
2026-08-09,SGD,0.80354169,ECB
2026-08-10,SGD,0.80405563,ECB
2026-08-11,SGD,0.80224176,ECB
2026-08-12,SGD,0.80147388,ECB
2026-08-13,SGD,0.7995599,ECB
2026-08-14,SGD,0.8021409,ECB
2026-08-15,SGD,0.80219218,ECB
2026-08-16,SGD,0.80676754,ECB
2026-08-17,SGD,0.80662072,ECB
2026-08-18,SGD,0.80490648,ECB
2026-08-19,SGD,0.80125128,ECB
2026-08-20,SGD,0.79691698,ECB
2026-08-21,SGD,0.7931297,ECB
2026-08-22,SGD,0.7937653,ECB
2026-08-23,SGD,0.79497673,ECB
2026-08-24,SGD,0.7912057,ECB
2026-08-25,SGD,0.79333017,ECB
2026-08-26,SGD,0.79218049,ECB
2026-08-27,SGD,0.79252935,ECB
2026-08-28,SGD,0.79636255,ECB
2026-08-29,SGD,0.79850518,ECB
2026-08-30,SGD,0.79786191,ECB
2026-08-31,SGD,0.79572876,ECB
2026-09-01,SGD,0.79059198,ECB
2026-09-02,SGD,0.78888631,ECB
2026-09-03,SGD,0.78838664,ECB
2026-09-04,SGD,0.7860518,ECB
2026-09-05,SGD,0.78574227,ECB
2026-09-06,SGD,0.78592343,ECB
2026-09-07,SGD,0.78539327,ECB
2026-09-08,SGD,0.78386175,ECB
2026-09-09,SGD,0.78425836,ECB
2026-09-10,SGD,0.78529814,ECB
2026-09-11,SGD,0.78272928,ECB
2026-09-12,SGD,0.78604241,ECB
2026-09-13,SGD,0.78580993,ECB
2026-09-14,SGD,0.78585436,ECB
2025-09-14,JPY,0.00671424,ECB
2025-09-15,JPY,0.00671893,ECB
2025-09-16,JPY,0.00673814,ECB
2025-09-17,JPY,0.00674395,ECB
2025-09-18,JPY,0.00673156,ECB
2025-09-19,JPY,0.00673886,ECB
2025-09-20,JPY,0.00671574,ECB
2025-09-21,JPY,0.00671792,ECB
2025-09-22,JPY,0.00671725,ECB
2025-09-23,JPY,0.00671306,ECB
2025-09-24,JPY,0.00671047,ECB
2025-09-25,JPY,0.00667259,ECB
2025-09-26,JPY,0.0066616,ECB
2025-09-27,JPY,0.00666346,ECB
2025-09-28,JPY,0.00666665,ECB
2025-09-29,JPY,0.0066461,ECB
2025-09-30,JPY,0.00667134,ECB
2025-10-01,JPY,0.006654,ECB
2025-10-02,JPY,0.00667335,ECB
2025-10-03,JPY,0.00668191,ECB
2025-10-04,JPY,0.00666895,ECB
2025-10-05,JPY,0.00670447,ECB
2025-10-06,JPY,0.00668046,ECB
2025-10-07,JPY,0.00669888,ECB
2025-10-08,JPY,0.00671899,ECB
2025-10-09,JPY,0.00670547,ECB
2025-10-10,JPY,0.00673349,ECB
2025-10-11,JPY,0.00672843,ECB
2025-10-12,JPY,0.00673426,ECB
2025-10-13,JPY,0.00673952,ECB
2025-10-14,JPY,0.00673681,ECB
2025-10-15,JPY,0.00675319,ECB
2025-10-16,JPY,0.00676927,ECB
2025-10-17,JPY,0.00673376,ECB
2025-10-18,JPY,0.00676011,ECB
2025-10-19,JPY,0.00672639,ECB
2025-10-20,JPY,0.00674723,ECB
2025-10-21,JPY,0.00677003,ECB
2025-10-22,JPY,0.00674788,ECB
2025-10-23,JPY,0.00673956,ECB
2025-10-24,JPY,0.0067172,ECB
2025-10-25,JPY,0.00671287,ECB
2025-10-26,JPY,0.00670667,ECB
2025-10-27,JPY,0.00672236,ECB
2025-10-28,JPY,0.00674878,ECB
2025-10-29,JPY,0.00677704,ECB
2025-10-30,JPY,0.00676561,ECB
2025-10-31,JPY,0.00676136,ECB
2025-11-01,JPY,0.00672722,ECB
2025-11-02,JPY,0.00671095,ECB
2025-11-03,JPY,0.00673038,ECB
2025-11-04,JPY,0.006763,ECB
2025-11-05,JPY,0.00673795,ECB
2025-11-06,JPY,0.00672598,ECB
2025-11-07,JPY,0.00672545,ECB
2025-11-08,JPY,0.0067311,ECB
2025-11-09,JPY,0.00671475,ECB
2025-11-10,JPY,0.00672329,ECB
2025-11-11,JPY,0.00671374,ECB
2025-11-12,JPY,0.00671344,ECB
2025-11-13,JPY,0.00672445,ECB
2025-11-14,JPY,0.00672458,ECB
2025-11-15,JPY,0.00671577,ECB
2025-11-16,JPY,0.00671356,ECB
2025-11-17,JPY,0.00671178,ECB
2025-11-18,JPY,0.00670433,ECB
2025-11-19,JPY,0.00669913,ECB
2025-11-20,JPY,0.00673126,ECB
2025-11-21,JPY,0.00674258,ECB
2025-11-22,JPY,0.00673661,ECB
2025-11-23,JPY,0.00675069,ECB
2025-11-24,JPY,0.00674393,ECB
2025-11-25,JPY,0.00676767,ECB
2025-11-26,JPY,0.00677517,ECB
2025-11-27,JPY,0.00677299,ECB
2025-11-28,JPY,0.00678209,ECB
2025-11-29,JPY,0.00675013,ECB
2025-11-30,JPY,0.00672731,ECB
2025-12-01,JPY,0.00670321,ECB
2025-12-02,JPY,0.00670609,ECB
2025-12-03,JPY,0.00674094,ECB
2025-12-04,JPY,0.00678607,ECB
2025-12-05,JPY,0.00679906,ECB
2025-12-06,JPY,0.00680927,ECB
2025-12-07,JPY,0.00677248,ECB
2025-12-08,JPY,0.00676145,ECB
2025-12-09,JPY,0.00674547,ECB
2025-12-10,JPY,0.00673291,ECB
2025-12-11,JPY,0.00672951,ECB
2025-12-12,JPY,0.00671998,ECB
2025-12-13,JPY,0.00668008,ECB
2025-12-14,JPY,0.00669507,ECB
2025-12-15,JPY,0.00667352,ECB
2025-12-16,JPY,0.00667831,ECB
2025-12-17,JPY,0.00671987,ECB
2025-12-18,JPY,0.00670133,ECB
2025-12-19,JPY,0.00665046,ECB
2025-12-20,JPY,0.00664476,ECB
2025-12-21,JPY,0.0066667,ECB
2025-12-22,JPY,0.00670587,ECB
2025-12-23,JPY,0.00668114,ECB
2025-12-24,JPY,0.00669109,ECB
2025-12-25,JPY,0.00668175,ECB
2025-12-26,JPY,0.00667963,ECB
2025-12-27,JPY,0.00673262,ECB
2025-12-28,JPY,0.00670226,ECB
2025-12-29,JPY,0.00670736,ECB
2025-12-30,JPY,0.00671677,ECB
2025-12-31,JPY,0.00673865,ECB
2026-01-01,JPY,0.00674063,ECB
2026-01-02,JPY,0.00674686,ECB
2026-01-03,JPY,0.00673894,ECB
2026-01-04,JPY,0.00674438,ECB
2026-01-05,JPY,0.00673743,ECB
2026-01-06,JPY,0.00675,ECB
2026-01-07,JPY,0.00674251,ECB
2026-01-08,JPY,0.00675014,ECB
2026-01-09,JPY,0.00674955,ECB
2026-01-10,JPY,0.00677235,ECB
2026-01-11,JPY,0.0067713,ECB
2026-01-12,JPY,0.00673529,ECB
2026-01-13,JPY,0.00676078,ECB
2026-01-14,JPY,0.00674241,ECB
2026-01-15,JPY,0.00672919,ECB
2026-01-16,JPY,0.00671716,ECB
2026-01-17,JPY,0.00674486,ECB
2026-01-18,JPY,0.00670165,ECB
2026-01-19,JPY,0.00676473,ECB
2026-01-20,JPY,0.00678616,ECB
2026-01-21,JPY,0.00679071,ECB
2026-01-22,JPY,0.00678959,ECB
2026-01-23,JPY,0.00679541,ECB
2026-01-24,JPY,0.00680603,ECB
2026-01-25,JPY,0.0068192,ECB
2026-01-26,JPY,0.00683057,ECB
2026-01-27,JPY,0.00683241,ECB
2026-01-28,JPY,0.00682836,ECB
2026-01-29,JPY,0.00682526,ECB
2026-01-30,JPY,0.00682127,ECB
2026-01-31,JPY,0.00684447,ECB
2026-02-01,JPY,0.00685666,ECB
2026-02-02,JPY,0.00679618,ECB
2026-02-03,JPY,0.00680955,ECB
2026-02-04,JPY,0.00681353,ECB
2026-02-05,JPY,0.00681315,ECB
2026-02-06,JPY,0.0068052,ECB
2026-02-07,JPY,0.00682815,ECB
2026-02-08,JPY,0.00684756,ECB
2026-02-09,JPY,0.00683169,ECB
2026-02-10,JPY,0.00684003,ECB
2026-02-11,JPY,0.00682009,ECB
2026-02-12,JPY,0.00679186,ECB
2026-02-13,JPY,0.00677909,ECB
2026-02-14,JPY,0.00679663,ECB
2026-02-15,JPY,0.00681607,ECB
2026-02-16,JPY,0.00682656,ECB
2026-02-17,JPY,0.00684141,ECB
2026-02-18,JPY,0.006852,ECB
2026-02-19,JPY,0.00683882,ECB
2026-02-20,JPY,0.00684768,ECB
2026-02-21,JPY,0.00686412,ECB
2026-02-22,JPY,0.00687965,ECB
2026-02-23,JPY,0.00690419,ECB
2026-02-24,JPY,0.00691886,ECB
2026-02-25,JPY,0.00692616,ECB
2026-02-26,JPY,0.00694839,ECB
2026-02-27,JPY,0.00694784,ECB
2026-02-28,JPY,0.00692946,ECB
2026-03-01,JPY,0.00692607,ECB
2026-03-02,JPY,0.00691059,ECB
2026-03-03,JPY,0.00689659,ECB
2026-03-04,JPY,0.0068936,ECB
2026-03-05,JPY,0.00687721,ECB
2026-03-06,JPY,0.00687086,ECB
2026-03-07,JPY,0.00683183,ECB
2026-03-08,JPY,0.0068362,ECB
2026-03-09,JPY,0.00683622,ECB
2026-03-10,JPY,0.00681947,ECB
2026-03-11,JPY,0.00683295,ECB
2026-03-12,JPY,0.00685217,ECB
2026-03-13,JPY,0.00681913,ECB
2026-03-14,JPY,0.00680352,ECB
2026-03-15,JPY,0.00678783,ECB
2026-03-16,JPY,0.00676869,ECB
2026-03-17,JPY,0.00678553,ECB
2026-03-18,JPY,0.00678158,ECB
2026-03-19,JPY,0.0067762,ECB
2026-03-20,JPY,0.00673547,ECB
2026-03-21,JPY,0.00674831,ECB
2026-03-22,JPY,0.00672322,ECB
2026-03-23,JPY,0.00672443,ECB
2026-03-24,JPY,0.00673002,ECB
2026-03-25,JPY,0.00675749,ECB
2026-03-26,JPY,0.00673096,ECB
2026-03-27,JPY,0.00666999,ECB
2026-03-28,JPY,0.00667367,ECB
2026-03-29,JPY,0.00670971,ECB
2026-03-30,JPY,0.00673465,ECB
2026-03-31,JPY,0.00673889,ECB
2026-04-01,JPY,0.00672895,ECB
2026-04-02,JPY,0.00674524,ECB
2026-04-03,JPY,0.00672554,ECB
2026-04-04,JPY,0.00673515,ECB
2026-04-05,JPY,0.00674537,ECB
2026-04-06,JPY,0.00676682,ECB
2026-04-07,JPY,0.00682284,ECB
2026-04-08,JPY,0.00683088,ECB
2026-04-09,JPY,0.00682045,ECB
2026-04-10,JPY,0.00681992,ECB
2026-04-11,JPY,0.00678373,ECB
2026-04-12,JPY,0.00676959,ECB
2026-04-13,JPY,0.00676128,ECB
2026-04-14,JPY,0.00675065,ECB
2026-04-15,JPY,0.00675373,ECB
2026-04-16,JPY,0.00673707,ECB
2026-04-17,JPY,0.00675973,ECB
2026-04-18,JPY,0.00675973,ECB
2026-04-19,JPY,0.00675954,ECB
2026-04-20,JPY,0.00675289,ECB
2026-04-21,JPY,0.00675604,ECB
2026-04-22,JPY,0.00677276,ECB
2026-04-23,JPY,0.00675514,ECB
2026-04-24,JPY,0.00674181,ECB
2026-04-25,JPY,0.00673566,ECB
2026-04-26,JPY,0.00670847,ECB
2026-04-27,JPY,0.00669198,ECB
2026-04-28,JPY,0.00668242,ECB
2026-04-29,JPY,0.00669995,ECB
2026-04-30,JPY,0.00670522,ECB
2026-05-01,JPY,0.00670912,ECB
2026-05-02,JPY,0.00672625,ECB
2026-05-03,JPY,0.00672347,ECB
2026-05-04,JPY,0.00673135,ECB
2026-05-05,JPY,0.00672926,ECB
2026-05-06,JPY,0.00673462,ECB
2026-05-07,JPY,0.00672285,ECB
2026-05-08,JPY,0.00667366,ECB
2026-05-09,JPY,0.00667097,ECB
2026-05-10,JPY,0.00669945,ECB
2026-05-11,JPY,0.00671806,ECB
2026-05-12,JPY,0.00673752,ECB
2026-05-13,JPY,0.0067625,ECB
2026-05-14,JPY,0.0067643,ECB
2026-05-15,JPY,0.00676831,ECB
2026-05-16,JPY,0.00675576,ECB
2026-05-17,JPY,0.00674936,ECB
2026-05-18,JPY,0.00676183,ECB
2026-05-19,JPY,0.00678625,ECB
2026-05-20,JPY,0.00678341,ECB
2026-05-21,JPY,0.00677425,ECB
2026-05-22,JPY,0.00677426,ECB
2026-05-23,JPY,0.00678648,ECB
2026-05-24,JPY,0.00675708,ECB
2026-05-25,JPY,0.00671053,ECB
2026-05-26,JPY,0.00669945,ECB
2026-05-27,JPY,0.00667492,ECB
2026-05-28,JPY,0.00666474,ECB
2026-05-29,JPY,0.00666179,ECB
2026-05-30,JPY,0.00665273,ECB
2026-05-31,JPY,0.00668172,ECB
2026-06-01,JPY,0.00668827,ECB
2026-06-02,JPY,0.00669429,ECB
2026-06-03,JPY,0.00670679,ECB
2026-06-04,JPY,0.00668388,ECB
2026-06-05,JPY,0.00670471,ECB
2026-06-06,JPY,0.00670319,ECB
2026-06-07,JPY,0.00671667,ECB
2026-06-08,JPY,0.00669507,ECB
2026-06-09,JPY,0.00666387,ECB
2026-06-10,JPY,0.00668022,ECB
2026-06-11,JPY,0.00668776,ECB
2026-06-12,JPY,0.00666966,ECB
2026-06-13,JPY,0.00665226,ECB
2026-06-14,JPY,0.00667472,ECB
2026-06-15,JPY,0.0066509,ECB
2026-06-16,JPY,0.00668368,ECB
2026-06-17,JPY,0.00666562,ECB
2026-06-18,JPY,0.00667839,ECB
2026-06-19,JPY,0.0066718,ECB
2026-06-20,JPY,0.00668388,ECB
2026-06-21,JPY,0.00667297,ECB
2026-06-22,JPY,0.00666971,ECB
2026-06-23,JPY,0.00667053,ECB
2026-06-24,JPY,0.00665047,ECB
2026-06-25,JPY,0.00666525,ECB
2026-06-26,JPY,0.00665499,ECB
2026-06-27,JPY,0.00665043,ECB
2026-06-28,JPY,0.00663059,ECB
2026-06-29,JPY,0.00657962,ECB
2026-06-30,JPY,0.00657585,ECB
2026-07-01,JPY,0.00662344,ECB
2026-07-02,JPY,0.00663903,ECB
2026-07-03,JPY,0.00663865,ECB
2026-07-04,JPY,0.00663341,ECB
2026-07-05,JPY,0.00663386,ECB
2026-07-06,JPY,0.00664475,ECB
2026-07-07,JPY,0.00662121,ECB
2026-07-08,JPY,0.00664334,ECB
2026-07-09,JPY,0.0066576,ECB
2026-07-10,JPY,0.00667195,ECB
2026-07-11,JPY,0.00668072,ECB
2026-07-12,JPY,0.00668112,ECB
2026-07-13,JPY,0.0066946,ECB
2026-07-14,JPY,0.00670649,ECB
2026-07-15,JPY,0.00669937,ECB
2026-07-16,JPY,0.00668784,ECB
2026-07-17,JPY,0.00668988,ECB
2026-07-18,JPY,0.00672097,ECB
2026-07-19,JPY,0.00669598,ECB
2026-07-20,JPY,0.0066665,ECB
2026-07-21,JPY,0.0066698,ECB
2026-07-22,JPY,0.00667082,ECB
2026-07-23,JPY,0.00667429,ECB
2026-07-24,JPY,0.00667917,ECB
2026-07-25,JPY,0.0066747,ECB
2026-07-26,JPY,0.00670453,ECB
2026-07-27,JPY,0.00667233,ECB
2026-07-28,JPY,0.00665575,ECB
2026-07-29,JPY,0.00665369,ECB
2026-07-30,JPY,0.00662089,ECB
2026-07-31,JPY,0.00661739,ECB
2026-08-01,JPY,0.00665038,ECB
2026-08-02,JPY,0.00665079,ECB
2026-08-03,JPY,0.0066554,ECB
2026-08-04,JPY,0.00663024,ECB
2026-08-05,JPY,0.00661798,ECB
2026-08-06,JPY,0.00661053,ECB
2026-08-07,JPY,0.00660423,ECB
2026-08-08,JPY,0.00662962,ECB
2026-08-09,JPY,0.00664071,ECB
2026-08-10,JPY,0.00661857,ECB
2026-08-11,JPY,0.00662346,ECB
2026-08-12,JPY,0.00663336,ECB
2026-08-13,JPY,0.00665605,ECB
2026-08-14,JPY,0.00668761,ECB
2026-08-15,JPY,0.00666725,ECB
2026-08-16,JPY,0.00665103,ECB
2026-08-17,JPY,0.00662594,ECB
2026-08-18,JPY,0.00662128,ECB
2026-08-19,JPY,0.00663055,ECB
2026-08-20,JPY,0.00665019,ECB
2026-08-21,JPY,0.00664867,ECB
2026-08-22,JPY,0.00664229,ECB
2026-08-23,JPY,0.00664532,ECB
2026-08-24,JPY,0.00662867,ECB
2026-08-25,JPY,0.00667022,ECB
2026-08-26,JPY,0.00663805,ECB
2026-08-27,JPY,0.00664173,ECB
2026-08-28,JPY,0.00668205,ECB
2026-08-29,JPY,0.00668219,ECB
2026-08-30,JPY,0.00667838,ECB
2026-08-31,JPY,0.00667122,ECB
2026-09-01,JPY,0.0066676,ECB
2026-09-02,JPY,0.00669507,ECB
2026-09-03,JPY,0.00665064,ECB
2026-09-04,JPY,0.00668123,ECB
2026-09-05,JPY,0.00665269,ECB
2026-09-06,JPY,0.00664737,ECB
2026-09-07,JPY,0.00663881,ECB
2026-09-08,JPY,0.00665053,ECB
2026-09-09,JPY,0.00661865,ECB
2026-09-10,JPY,0.00662783,ECB
2026-09-11,JPY,0.00666808,ECB
2026-09-12,JPY,0.00664081,ECB
2026-09-13,JPY,0.00664459,ECB
2026-09-14,JPY,0.00663139,ECB
2025-09-14,AUD,0.66084326,ECB
2025-09-15,AUD,0.66088122,ECB
2025-09-16,AUD,0.65960938,ECB
2025-09-17,AUD,0.66057479,ECB
2025-09-18,AUD,0.66415051,ECB
2025-09-19,AUD,0.66377015,ECB
2025-09-20,AUD,0.66520341,ECB
2025-09-21,AUD,0.66262254,ECB
2025-09-22,AUD,0.66072127,ECB
2025-09-23,AUD,0.66165766,ECB
2025-09-24,AUD,0.66460359,ECB
2025-09-25,AUD,0.66531261,ECB
2025-09-26,AUD,0.66468777,ECB
2025-09-27,AUD,0.66468636,ECB
2025-09-28,AUD,0.66219297,ECB
2025-09-29,AUD,0.66339389,ECB
2025-09-30,AUD,0.66514989,ECB
2025-10-01,AUD,0.66424777,ECB
2025-10-02,AUD,0.66331109,ECB
2025-10-03,AUD,0.66384017,ECB
2025-10-04,AUD,0.66297044,ECB
2025-10-05,AUD,0.6628389,ECB
2025-10-06,AUD,0.66701424,ECB
2025-10-07,AUD,0.66651993,ECB
2025-10-08,AUD,0.66580341,ECB
2025-10-09,AUD,0.66451,ECB
2025-10-10,AUD,0.66599357,ECB
2025-10-11,AUD,0.66563149,ECB
2025-10-12,AUD,0.66433476,ECB
2025-10-13,AUD,0.66696812,ECB
2025-10-14,AUD,0.66980861,ECB
2025-10-15,AUD,0.6686021,ECB
2025-10-16,AUD,0.66485819,ECB
2025-10-17,AUD,0.66686775,ECB
2025-10-18,AUD,0.66549807,ECB
2025-10-19,AUD,0.66707655,ECB
2025-10-20,AUD,0.66313392,ECB
2025-10-21,AUD,0.66490966,ECB
2025-10-22,AUD,0.6624937,ECB
2025-10-23,AUD,0.66394608,ECB
2025-10-24,AUD,0.66397451,ECB
2025-10-25,AUD,0.66207433,ECB
2025-10-26,AUD,0.66126587,ECB
2025-10-27,AUD,0.66262739,ECB
2025-10-28,AUD,0.66283789,ECB
2025-10-29,AUD,0.664,ECB
2025-10-30,AUD,0.66793707,ECB
2025-10-31,AUD,0.66480263,ECB
2025-11-01,AUD,0.66802801,ECB
2025-11-02,AUD,0.66823715,ECB
2025-11-03,AUD,0.66643535,ECB
2025-11-04,AUD,0.66377564,ECB
2025-11-05,AUD,0.66339904,ECB
2025-11-06,AUD,0.66523331,ECB
2025-11-07,AUD,0.66497876,ECB
2025-11-08,AUD,0.66799342,ECB
2025-11-09,AUD,0.66508529,ECB
2025-11-10,AUD,0.66506117,ECB
2025-11-11,AUD,0.66256241,ECB
2025-11-12,AUD,0.6632852,ECB
2025-11-13,AUD,0.66504998,ECB
2025-11-14,AUD,0.66421049,ECB
2025-11-15,AUD,0.65902126,ECB
2025-11-16,AUD,0.65941459,ECB
2025-11-17,AUD,0.66027856,ECB
2025-11-18,AUD,0.66107941,ECB
2025-11-19,AUD,0.66353026,ECB
2025-11-20,AUD,0.66139823,ECB
2025-11-21,AUD,0.66274791,ECB
2025-11-22,AUD,0.6651189,ECB
2025-11-23,AUD,0.66156999,ECB
2025-11-24,AUD,0.6622044,ECB
2025-11-25,AUD,0.66120279,ECB
2025-11-26,AUD,0.66104108,ECB
2025-11-27,AUD,0.66173057,ECB
2025-11-28,AUD,0.66076333,ECB
2025-11-29,AUD,0.65942388,ECB
2025-11-30,AUD,0.65949144,ECB
2025-12-01,AUD,0.65734035,ECB
2025-12-02,AUD,0.65519908,ECB
2025-12-03,AUD,0.65653446,ECB
2025-12-04,AUD,0.65427179,ECB
2025-12-05,AUD,0.65557964,ECB
2025-12-06,AUD,0.65648943,ECB
2025-12-07,AUD,0.65309051,ECB
2025-12-08,AUD,0.65176298,ECB
2025-12-09,AUD,0.65409781,ECB
2025-12-10,AUD,0.65217247,ECB
2025-12-11,AUD,0.65126386,ECB
2025-12-12,AUD,0.65216663,ECB
2025-12-13,AUD,0.65369933,ECB
2025-12-14,AUD,0.65320604,ECB
2025-12-15,AUD,0.65203515,ECB
2025-12-16,AUD,0.65481745,ECB
2025-12-17,AUD,0.65823344,ECB
2025-12-18,AUD,0.66016639,ECB
2025-12-19,AUD,0.66033536,ECB
2025-12-20,AUD,0.65873418,ECB
2025-12-21,AUD,0.65709306,ECB
2025-12-22,AUD,0.65812308,ECB
2025-12-23,AUD,0.65894915,ECB
2025-12-24,AUD,0.6617199,ECB
2025-12-25,AUD,0.66301114,ECB
2025-12-26,AUD,0.66002147,ECB
2025-12-27,AUD,0.66210439,ECB
2025-12-28,AUD,0.66012193,ECB
2025-12-29,AUD,0.65936153,ECB
2025-12-30,AUD,0.65985644,ECB
2025-12-31,AUD,0.663807,ECB
2026-01-01,AUD,0.67000016,ECB
2026-01-02,AUD,0.67121968,ECB
2026-01-03,AUD,0.67085078,ECB
2026-01-04,AUD,0.6719265,ECB
2026-01-05,AUD,0.67371582,ECB
2026-01-06,AUD,0.6730677,ECB
2026-01-07,AUD,0.6766926,ECB
2026-01-08,AUD,0.67715966,ECB
2026-01-09,AUD,0.67817081,ECB
2026-01-10,AUD,0.67952565,ECB
2026-01-11,AUD,0.68038508,ECB
2026-01-12,AUD,0.68209749,ECB
2026-01-13,AUD,0.68083441,ECB
2026-01-14,AUD,0.67969408,ECB
2026-01-15,AUD,0.67745077,ECB
2026-01-16,AUD,0.67834399,ECB
2026-01-17,AUD,0.67992915,ECB
2026-01-18,AUD,0.68086291,ECB
2026-01-19,AUD,0.68428321,ECB
2026-01-20,AUD,0.68427172,ECB
2026-01-21,AUD,0.68564453,ECB
2026-01-22,AUD,0.68339897,ECB
2026-01-23,AUD,0.68260534,ECB
2026-01-24,AUD,0.68402967,ECB
2026-01-25,AUD,0.68577211,ECB
2026-01-26,AUD,0.68516732,ECB
2026-01-27,AUD,0.68502015,ECB
2026-01-28,AUD,0.68190083,ECB
2026-01-29,AUD,0.68117045,ECB
2026-01-30,AUD,0.68298996,ECB
2026-01-31,AUD,0.68416854,ECB
2026-02-01,AUD,0.68519616,ECB
2026-02-02,AUD,0.68529847,ECB
2026-02-03,AUD,0.68531299,ECB
2026-02-04,AUD,0.68395541,ECB
2026-02-05,AUD,0.68538932,ECB
2026-02-06,AUD,0.68625491,ECB
2026-02-07,AUD,0.68726786,ECB
2026-02-08,AUD,0.68618328,ECB
2026-02-09,AUD,0.68175051,ECB
2026-02-10,AUD,0.68399447,ECB
2026-02-11,AUD,0.6830119,ECB
2026-02-12,AUD,0.68124404,ECB
2026-02-13,AUD,0.68266133,ECB
2026-02-14,AUD,0.68185849,ECB
2026-02-15,AUD,0.68402667,ECB
2026-02-16,AUD,0.68529282,ECB
2026-02-17,AUD,0.68669815,ECB
2026-02-18,AUD,0.68388416,ECB
2026-02-19,AUD,0.68637064,ECB
2026-02-20,AUD,0.68690859,ECB
2026-02-21,AUD,0.68614761,ECB
2026-02-22,AUD,0.68644277,ECB
2026-02-23,AUD,0.68278491,ECB
2026-02-24,AUD,0.68362198,ECB
2026-02-25,AUD,0.68151088,ECB
2026-02-26,AUD,0.6787453,ECB
2026-02-27,AUD,0.67564542,ECB
2026-02-28,AUD,0.67790076,ECB
2026-03-01,AUD,0.67662103,ECB
2026-03-02,AUD,0.67973429,ECB
2026-03-03,AUD,0.67864168,ECB
2026-03-04,AUD,0.67516563,ECB
2026-03-05,AUD,0.67290411,ECB
2026-03-06,AUD,0.67539886,ECB
2026-03-07,AUD,0.67508298,ECB
2026-03-08,AUD,0.67397256,ECB
2026-03-09,AUD,0.6742961,ECB
2026-03-10,AUD,0.67531115,ECB
2026-03-11,AUD,0.67757493,ECB
2026-03-12,AUD,0.68051933,ECB
2026-03-13,AUD,0.67978484,ECB
2026-03-14,AUD,0.67708056,ECB
2026-03-15,AUD,0.67624071,ECB
2026-03-16,AUD,0.67676875,ECB
2026-03-17,AUD,0.67481202,ECB
2026-03-18,AUD,0.67287433,ECB
2026-03-19,AUD,0.67356831,ECB
2026-03-20,AUD,0.67347,ECB
2026-03-21,AUD,0.67353626,ECB
2026-03-22,AUD,0.67200364,ECB
2026-03-23,AUD,0.67153915,ECB
2026-03-24,AUD,0.66967717,ECB
2026-03-25,AUD,0.67146561,ECB
2026-03-26,AUD,0.67355101,ECB
2026-03-27,AUD,0.66982051,ECB
2026-03-28,AUD,0.66795269,ECB
2026-03-29,AUD,0.66495386,ECB
2026-03-30,AUD,0.66365715,ECB
2026-03-31,AUD,0.66349103,ECB
2026-04-01,AUD,0.66060555,ECB
2026-04-02,AUD,0.65877859,ECB
2026-04-03,AUD,0.65679443,ECB
2026-04-04,AUD,0.65720283,ECB
2026-04-05,AUD,0.65733955,ECB
2026-04-06,AUD,0.65591627,ECB
2026-04-07,AUD,0.65626421,ECB
2026-04-08,AUD,0.65518791,ECB
2026-04-09,AUD,0.65465395,ECB
2026-04-10,AUD,0.65794055,ECB
2026-04-11,AUD,0.66058638,ECB
2026-04-12,AUD,0.65801092,ECB
2026-04-13,AUD,0.65964884,ECB
2026-04-14,AUD,0.66125455,ECB
2026-04-15,AUD,0.65897667,ECB
2026-04-16,AUD,0.66059534,ECB
2026-04-17,AUD,0.66364319,ECB
2026-04-18,AUD,0.66140828,ECB
2026-04-19,AUD,0.65958775,ECB
2026-04-20,AUD,0.66160146,ECB
2026-04-21,AUD,0.66214033,ECB
2026-04-22,AUD,0.66323579,ECB
2026-04-23,AUD,0.66391346,ECB
2026-04-24,AUD,0.66469163,ECB
2026-04-25,AUD,0.66204654,ECB
2026-04-26,AUD,0.66412666,ECB
2026-04-27,AUD,0.66645693,ECB
2026-04-28,AUD,0.66599829,ECB
2026-04-29,AUD,0.66591143,ECB
2026-04-30,AUD,0.66285268,ECB
2026-05-01,AUD,0.66387531,ECB
2026-05-02,AUD,0.66501463,ECB
2026-05-03,AUD,0.66489056,ECB
2026-05-04,AUD,0.66713327,ECB
2026-05-05,AUD,0.66646465,ECB
2026-05-06,AUD,0.66759352,ECB
2026-05-07,AUD,0.66555136,ECB
2026-05-08,AUD,0.66550433,ECB
2026-05-09,AUD,0.66515623,ECB
2026-05-10,AUD,0.66560582,ECB
2026-05-11,AUD,0.66486795,ECB
2026-05-12,AUD,0.66460571,ECB
2026-05-13,AUD,0.6662527,ECB
2026-05-14,AUD,0.66537971,ECB
2026-05-15,AUD,0.66217276,ECB
2026-05-16,AUD,0.66564834,ECB
2026-05-17,AUD,0.66840703,ECB
2026-05-18,AUD,0.66581576,ECB
2026-05-19,AUD,0.66719341,ECB
2026-05-20,AUD,0.66618667,ECB
2026-05-21,AUD,0.66671326,ECB
2026-05-22,AUD,0.66730175,ECB
2026-05-23,AUD,0.66683249,ECB
2026-05-24,AUD,0.66526457,ECB
2026-05-25,AUD,0.66388639,ECB
2026-05-26,AUD,0.66206165,ECB
2026-05-27,AUD,0.6604095,ECB
2026-05-28,AUD,0.6602764,ECB
2026-05-29,AUD,0.6588586,ECB
2026-05-30,AUD,0.66020673,ECB
2026-05-31,AUD,0.6631524,ECB
2026-06-01,AUD,0.66199841,ECB
2026-06-02,AUD,0.66247386,ECB
2026-06-03,AUD,0.66346695,ECB
2026-06-04,AUD,0.66440642,ECB
2026-06-05,AUD,0.66455782,ECB
2026-06-06,AUD,0.66603848,ECB
2026-06-07,AUD,0.66700207,ECB
2026-06-08,AUD,0.6645255,ECB
2026-06-09,AUD,0.66625823,ECB
2026-06-10,AUD,0.66803173,ECB
2026-06-11,AUD,0.66650203,ECB
2026-06-12,AUD,0.66657789,ECB
2026-06-13,AUD,0.66794436,ECB
2026-06-14,AUD,0.66752493,ECB
2026-06-15,AUD,0.66967365,ECB
2026-06-16,AUD,0.67442272,ECB
2026-06-17,AUD,0.67283246,ECB
2026-06-18,AUD,0.67004482,ECB
2026-06-19,AUD,0.67065554,ECB
2026-06-20,AUD,0.6721073,ECB
2026-06-21,AUD,0.6716418,ECB
2026-06-22,AUD,0.67457001,ECB
2026-06-23,AUD,0.67186106,ECB
2026-06-24,AUD,0.6732577,ECB
2026-06-25,AUD,0.672034,ECB
2026-06-26,AUD,0.67550044,ECB
2026-06-27,AUD,0.67953827,ECB
2026-06-28,AUD,0.67797535,ECB
2026-06-29,AUD,0.6768576,ECB
2026-06-30,AUD,0.67860305,ECB
2026-07-01,AUD,0.67781493,ECB
2026-07-02,AUD,0.67772259,ECB
2026-07-03,AUD,0.6777742,ECB
2026-07-04,AUD,0.67387089,ECB
2026-07-05,AUD,0.67384292,ECB
2026-07-06,AUD,0.67244861,ECB
2026-07-07,AUD,0.67145381,ECB
2026-07-08,AUD,0.67436181,ECB
2026-07-09,AUD,0.67181979,ECB
2026-07-10,AUD,0.67345877,ECB
2026-07-11,AUD,0.67289516,ECB
2026-07-12,AUD,0.67233041,ECB
2026-07-13,AUD,0.67392458,ECB
2026-07-14,AUD,0.67461209,ECB
2026-07-15,AUD,0.67576692,ECB
2026-07-16,AUD,0.67772972,ECB
2026-07-17,AUD,0.67705611,ECB
2026-07-18,AUD,0.67581255,ECB
2026-07-19,AUD,0.67361248,ECB
2026-07-20,AUD,0.67194446,ECB
2026-07-21,AUD,0.67788934,ECB
2026-07-22,AUD,0.6804206,ECB
2026-07-23,AUD,0.67766271,ECB
2026-07-24,AUD,0.67497417,ECB
2026-07-25,AUD,0.67594991,ECB
2026-07-26,AUD,0.67705968,ECB
2026-07-27,AUD,0.67817456,ECB
2026-07-28,AUD,0.67765585,ECB
2026-07-29,AUD,0.6774008,ECB
2026-07-30,AUD,0.67806712,ECB
2026-07-31,AUD,0.67824184,ECB
2026-08-01,AUD,0.67372618,ECB
2026-08-02,AUD,0.67326171,ECB
2026-08-03,AUD,0.67154205,ECB
2026-08-04,AUD,0.67189504,ECB
2026-08-05,AUD,0.67791238,ECB
2026-08-06,AUD,0.67865974,ECB
2026-08-07,AUD,0.6780214,ECB
2026-08-08,AUD,0.6798964,ECB
2026-08-09,AUD,0.68088094,ECB
2026-08-10,AUD,0.68173904,ECB
2026-08-11,AUD,0.68298018,ECB
2026-08-12,AUD,0.68719392,ECB
2026-08-13,AUD,0.6848625,ECB
2026-08-14,AUD,0.68583562,ECB
2026-08-15,AUD,0.68392958,ECB
2026-08-16,AUD,0.68506938,ECB
2026-08-17,AUD,0.68318128,ECB
2026-08-18,AUD,0.68232587,ECB
2026-08-19,AUD,0.68172183,ECB
2026-08-20,AUD,0.68371754,ECB
2026-08-21,AUD,0.68560143,ECB
2026-08-22,AUD,0.68303923,ECB
2026-08-23,AUD,0.6831518,ECB
2026-08-24,AUD,0.68169754,ECB
2026-08-25,AUD,0.67912378,ECB
2026-08-26,AUD,0.67868164,ECB
2026-08-27,AUD,0.67805356,ECB
2026-08-28,AUD,0.68298989,ECB
2026-08-29,AUD,0.68387701,ECB
2026-08-30,AUD,0.68105065,ECB
2026-08-31,AUD,0.67989673,ECB
2026-09-01,AUD,0.68198003,ECB
2026-09-02,AUD,0.68625286,ECB
2026-09-03,AUD,0.6829877,ECB
2026-09-04,AUD,0.67913581,ECB
2026-09-05,AUD,0.68294773,ECB
2026-09-06,AUD,0.68374599,ECB
2026-09-07,AUD,0.68196491,ECB
2026-09-08,AUD,0.6830587,ECB
2026-09-09,AUD,0.67765759,ECB
2026-09-10,AUD,0.67766446,ECB
2026-09-11,AUD,0.67833091,ECB
2026-09-12,AUD,0.6802118,ECB
2026-09-13,AUD,0.67814281,ECB
2026-09-14,AUD,0.67831713,ECB
2025-09-14,NGN,0.0006482,ECB
2025-09-15,NGN,0.00064869,ECB
2025-09-16,NGN,0.00064695,ECB
2025-09-17,NGN,0.00064616,ECB
2025-09-18,NGN,0.00064423,ECB
2025-09-19,NGN,0.00064549,ECB
2025-09-20,NGN,0.00064715,ECB
2025-09-21,NGN,0.00064669,ECB
2025-09-22,NGN,0.00064677,ECB
2025-09-23,NGN,0.00064396,ECB
2025-09-24,NGN,0.00064338,ECB
2025-09-25,NGN,0.00064328,ECB
2025-09-26,NGN,0.00064834,ECB
2025-09-27,NGN,0.00064618,ECB
2025-09-28,NGN,0.00064901,ECB
2025-09-29,NGN,0.00065095,ECB
2025-09-30,NGN,0.0006515,ECB
2025-10-01,NGN,0.00065494,ECB
2025-10-02,NGN,0.00065567,ECB
2025-10-03,NGN,0.00065644,ECB
2025-10-04,NGN,0.00065633,ECB
2025-10-05,NGN,0.00065874,ECB
2025-10-06,NGN,0.00066091,ECB
2025-10-07,NGN,0.00065967,ECB
2025-10-08,NGN,0.00065706,ECB
2025-10-09,NGN,0.00065666,ECB
2025-10-10,NGN,0.00065508,ECB
2025-10-11,NGN,0.00065496,ECB
2025-10-12,NGN,0.00065739,ECB
2025-10-13,NGN,0.00065648,ECB
2025-10-14,NGN,0.0006564,ECB
2025-10-15,NGN,0.00065651,ECB
2025-10-16,NGN,0.00065819,ECB
2025-10-17,NGN,0.00065375,ECB
2025-10-18,NGN,0.00065256,ECB
2025-10-19,NGN,0.00065297,ECB
2025-10-20,NGN,0.00065532,ECB
2025-10-21,NGN,0.00065436,ECB
2025-10-22,NGN,0.00065067,ECB
2025-10-23,NGN,0.00065188,ECB
2025-10-24,NGN,0.00065064,ECB
2025-10-25,NGN,0.00064832,ECB
2025-10-26,NGN,0.0006471,ECB
2025-10-27,NGN,0.00064675,ECB
2025-10-28,NGN,0.00064557,ECB
2025-10-29,NGN,0.0006413,ECB
2025-10-30,NGN,0.00064303,ECB
2025-10-31,NGN,0.00064549,ECB
2025-11-01,NGN,0.00064675,ECB
2025-11-02,NGN,0.00064454,ECB
2025-11-03,NGN,0.00064415,ECB
2025-11-04,NGN,0.00064414,ECB
2025-11-05,NGN,0.00064529,ECB
2025-11-06,NGN,0.00064659,ECB
2025-11-07,NGN,0.00064516,ECB
2025-11-08,NGN,0.00064532,ECB
2025-11-09,NGN,0.00064621,ECB
2025-11-10,NGN,0.00064903,ECB
2025-11-11,NGN,0.0006504,ECB
2025-11-12,NGN,0.00065194,ECB
2025-11-13,NGN,0.00065211,ECB
2025-11-14,NGN,0.00065487,ECB
2025-11-15,NGN,0.00065567,ECB
2025-11-16,NGN,0.00065398,ECB
2025-11-17,NGN,0.00065673,ECB
2025-11-18,NGN,0.0006581,ECB
2025-11-19,NGN,0.00065723,ECB
2025-11-20,NGN,0.00065628,ECB
2025-11-21,NGN,0.00065687,ECB
2025-11-22,NGN,0.00065778,ECB
2025-11-23,NGN,0.00065817,ECB
2025-11-24,NGN,0.00065879,ECB
2025-11-25,NGN,0.00066215,ECB
2025-11-26,NGN,0.00066427,ECB
2025-11-27,NGN,0.00066465,ECB
2025-11-28,NGN,0.00066653,ECB
2025-11-29,NGN,0.00066447,ECB
2025-11-30,NGN,0.00066526,ECB
2025-12-01,NGN,0.00066887,ECB
2025-12-02,NGN,0.00066843,ECB
2025-12-03,NGN,0.00066673,ECB
2025-12-04,NGN,0.00066543,ECB
2025-12-05,NGN,0.00066325,ECB
2025-12-06,NGN,0.00066169,ECB
2025-12-07,NGN,0.00066096,ECB
2025-12-08,NGN,0.00065817,ECB
2025-12-09,NGN,0.0006582,ECB
2025-12-10,NGN,0.00065998,ECB
2025-12-11,NGN,0.00065818,ECB
2025-12-12,NGN,0.00066118,ECB
2025-12-13,NGN,0.0006622,ECB
2025-12-14,NGN,0.00066424,ECB
2025-12-15,NGN,0.00066293,ECB
2025-12-16,NGN,0.00066463,ECB
2025-12-17,NGN,0.00066246,ECB
2025-12-18,NGN,0.00066423,ECB
2025-12-19,NGN,0.00066457,ECB
2025-12-20,NGN,0.00066567,ECB
2025-12-21,NGN,0.00066332,ECB
2025-12-22,NGN,0.00066154,ECB
2025-12-23,NGN,0.00066273,ECB
2025-12-24,NGN,0.00066084,ECB
2025-12-25,NGN,0.00066176,ECB
2025-12-26,NGN,0.00065905,ECB
2025-12-27,NGN,0.00066072,ECB
2025-12-28,NGN,0.00065828,ECB
2025-12-29,NGN,0.00065937,ECB
2025-12-30,NGN,0.00066061,ECB
2025-12-31,NGN,0.00065923,ECB
2026-01-01,NGN,0.00066038,ECB
2026-01-02,NGN,0.00066089,ECB
2026-01-03,NGN,0.00065983,ECB
2026-01-04,NGN,0.00065783,ECB
2026-01-05,NGN,0.00065396,ECB
2026-01-06,NGN,0.00065464,ECB
2026-01-07,NGN,0.00065157,ECB
2026-01-08,NGN,0.00065176,ECB
2026-01-09,NGN,0.00065124,ECB
2026-01-10,NGN,0.00065257,ECB
2026-01-11,NGN,0.00065198,ECB
2026-01-12,NGN,0.00065133,ECB
2026-01-13,NGN,0.00065276,ECB
2026-01-14,NGN,0.00065342,ECB
2026-01-15,NGN,0.00065404,ECB
2026-01-16,NGN,0.00065496,ECB
2026-01-17,NGN,0.00065194,ECB
2026-01-18,NGN,0.00065342,ECB
2026-01-19,NGN,0.00065462,ECB
2026-01-20,NGN,0.00065263,ECB
2026-01-21,NGN,0.00065215,ECB
2026-01-22,NGN,0.00065207,ECB
2026-01-23,NGN,0.00065181,ECB
2026-01-24,NGN,0.00065246,ECB
2026-01-25,NGN,0.00065526,ECB
2026-01-26,NGN,0.00065739,ECB
2026-01-27,NGN,0.0006548,ECB
2026-01-28,NGN,0.00065602,ECB
2026-01-29,NGN,0.00065864,ECB
2026-01-30,NGN,0.0006594,ECB
2026-01-31,NGN,0.00066156,ECB
2026-02-01,NGN,0.00066555,ECB
2026-02-02,NGN,0.0006676,ECB
2026-02-03,NGN,0.0006681,ECB
2026-02-04,NGN,0.00067019,ECB
2026-02-05,NGN,0.00067048,ECB
2026-02-06,NGN,0.00067053,ECB
2026-02-07,NGN,0.00066982,ECB
2026-02-08,NGN,0.00067297,ECB
2026-02-09,NGN,0.00067131,ECB
2026-02-10,NGN,0.0006744,ECB
2026-02-11,NGN,0.00067541,ECB
2026-02-12,NGN,0.00067258,ECB
2026-02-13,NGN,0.00067332,ECB
2026-02-14,NGN,0.00066908,ECB
2026-02-15,NGN,0.00067033,ECB
2026-02-16,NGN,0.00067211,ECB
2026-02-17,NGN,0.00067092,ECB
2026-02-18,NGN,0.00067117,ECB
2026-02-19,NGN,0.0006751,ECB
2026-02-20,NGN,0.00067408,ECB
2026-02-21,NGN,0.00067194,ECB
2026-02-22,NGN,0.00067492,ECB
2026-02-23,NGN,0.0006789,ECB
2026-02-24,NGN,0.0006789,ECB
2026-02-25,NGN,0.00068096,ECB
2026-02-26,NGN,0.0006837,ECB
2026-02-27,NGN,0.00068218,ECB
2026-02-28,NGN,0.00068119,ECB
2026-03-01,NGN,0.0006837,ECB
2026-03-02,NGN,0.00068716,ECB
2026-03-03,NGN,0.00068832,ECB
2026-03-04,NGN,0.0006865,ECB
2026-03-05,NGN,0.0006906,ECB
2026-03-06,NGN,0.00068949,ECB
2026-03-07,NGN,0.0006888,ECB
2026-03-08,NGN,0.00068951,ECB
2026-03-09,NGN,0.00069272,ECB
2026-03-10,NGN,0.0006945,ECB
2026-03-11,NGN,0.00069536,ECB
2026-03-12,NGN,0.00069633,ECB
2026-03-13,NGN,0.00069642,ECB
2026-03-14,NGN,0.00069759,ECB
2026-03-15,NGN,0.00069229,ECB
2026-03-16,NGN,0.00069168,ECB
2026-03-17,NGN,0.00069218,ECB
2026-03-18,NGN,0.00068979,ECB
2026-03-19,NGN,0.00069059,ECB
2026-03-20,NGN,0.00069016,ECB
2026-03-21,NGN,0.0006938,ECB
2026-03-22,NGN,0.00069707,ECB
2026-03-23,NGN,0.0006961,ECB
2026-03-24,NGN,0.00069578,ECB
2026-03-25,NGN,0.00069563,ECB
2026-03-26,NGN,0.00069469,ECB
2026-03-27,NGN,0.00069509,ECB
2026-03-28,NGN,0.00069351,ECB
2026-03-29,NGN,0.00069116,ECB
2026-03-30,NGN,0.00069245,ECB
2026-03-31,NGN,0.00069376,ECB
2026-04-01,NGN,0.00069208,ECB
2026-04-02,NGN,0.00069394,ECB
2026-04-03,NGN,0.00069263,ECB
2026-04-04,NGN,0.00069315,ECB
2026-04-05,NGN,0.00069486,ECB
2026-04-06,NGN,0.00069479,ECB
2026-04-07,NGN,0.00069574,ECB
2026-04-08,NGN,0.00069466,ECB
2026-04-09,NGN,0.00069425,ECB
2026-04-10,NGN,0.00069382,ECB
2026-04-11,NGN,0.00069227,ECB
2026-04-12,NGN,0.0006919,ECB
2026-04-13,NGN,0.00068869,ECB
2026-04-14,NGN,0.00068767,ECB
2026-04-15,NGN,0.00068708,ECB
2026-04-16,NGN,0.00068656,ECB
2026-04-17,NGN,0.00068606,ECB
2026-04-18,NGN,0.00068593,ECB
2026-04-19,NGN,0.00068692,ECB
2026-04-20,NGN,0.00068872,ECB
2026-04-21,NGN,0.00068738,ECB
2026-04-22,NGN,0.0006849,ECB
2026-04-23,NGN,0.00068275,ECB
2026-04-24,NGN,0.00068176,ECB
2026-04-25,NGN,0.00068104,ECB
2026-04-26,NGN,0.00067946,ECB
2026-04-27,NGN,0.00067682,ECB
2026-04-28,NGN,0.0006759,ECB
2026-04-29,NGN,0.00067626,ECB
2026-04-30,NGN,0.00067747,ECB
2026-05-01,NGN,0.00067634,ECB
2026-05-02,NGN,0.0006755,ECB
2026-05-03,NGN,0.00067362,ECB
2026-05-04,NGN,0.00067356,ECB
2026-05-05,NGN,0.00067184,ECB
2026-05-06,NGN,0.000673,ECB
2026-05-07,NGN,0.00066939,ECB
2026-05-08,NGN,0.00066867,ECB
2026-05-09,NGN,0.00066928,ECB
2026-05-10,NGN,0.00066964,ECB
2026-05-11,NGN,0.00067505,ECB
2026-05-12,NGN,0.00067576,ECB
2026-05-13,NGN,0.00067373,ECB
2026-05-14,NGN,0.00067353,ECB
2026-05-15,NGN,0.00066995,ECB
2026-05-16,NGN,0.00066978,ECB
2026-05-17,NGN,0.00066811,ECB
2026-05-18,NGN,0.00066994,ECB
2026-05-19,NGN,0.00066884,ECB
2026-05-20,NGN,0.00066861,ECB
2026-05-21,NGN,0.00066733,ECB
2026-05-22,NGN,0.00067081,ECB
2026-05-23,NGN,0.00067017,ECB
2026-05-24,NGN,0.00067385,ECB
2026-05-25,NGN,0.0006755,ECB
2026-05-26,NGN,0.00067647,ECB
2026-05-27,NGN,0.00067722,ECB
2026-05-28,NGN,0.00067802,ECB
2026-05-29,NGN,0.0006741,ECB
2026-05-30,NGN,0.00067354,ECB
2026-05-31,NGN,0.00067524,ECB
2026-06-01,NGN,0.00067514,ECB
2026-06-02,NGN,0.0006723,ECB
2026-06-03,NGN,0.00067219,ECB
2026-06-04,NGN,0.00067563,ECB
2026-06-05,NGN,0.00067816,ECB
2026-06-06,NGN,0.00067803,ECB
2026-06-07,NGN,0.00067997,ECB
2026-06-08,NGN,0.00067922,ECB
2026-06-09,NGN,0.00067575,ECB
2026-06-10,NGN,0.00067387,ECB
2026-06-11,NGN,0.00067703,ECB
2026-06-12,NGN,0.00067648,ECB
2026-06-13,NGN,0.00067598,ECB
2026-06-14,NGN,0.00067537,ECB
2026-06-15,NGN,0.00067923,ECB
2026-06-16,NGN,0.00068254,ECB
2026-06-17,NGN,0.00068709,ECB
2026-06-18,NGN,0.00068676,ECB
2026-06-19,NGN,0.00068737,ECB
2026-06-20,NGN,0.00068424,ECB
2026-06-21,NGN,0.00068727,ECB
2026-06-22,NGN,0.00068487,ECB
2026-06-23,NGN,0.00068531,ECB
2026-06-24,NGN,0.00068305,ECB
2026-06-25,NGN,0.00068185,ECB
2026-06-26,NGN,0.00068014,ECB
2026-06-27,NGN,0.0006789,ECB
2026-06-28,NGN,0.0006778,ECB
2026-06-29,NGN,0.00067668,ECB
2026-06-30,NGN,0.00067837,ECB
2026-07-01,NGN,0.00067613,ECB
2026-07-02,NGN,0.00067657,ECB
2026-07-03,NGN,0.00067905,ECB
2026-07-04,NGN,0.000678,ECB
2026-07-05,NGN,0.00067654,ECB
2026-07-06,NGN,0.00067607,ECB
2026-07-07,NGN,0.00067846,ECB
2026-07-08,NGN,0.00067886,ECB
2026-07-09,NGN,0.00067778,ECB
2026-07-10,NGN,0.00067876,ECB
2026-07-11,NGN,0.00067652,ECB
2026-07-12,NGN,0.0006779,ECB
2026-07-13,NGN,0.00067873,ECB
2026-07-14,NGN,0.0006781,ECB
2026-07-15,NGN,0.0006764,ECB
2026-07-16,NGN,0.0006746,ECB
2026-07-17,NGN,0.00067568,ECB
2026-07-18,NGN,0.00067817,ECB
2026-07-19,NGN,0.00067688,ECB
2026-07-20,NGN,0.00067781,ECB
2026-07-21,NGN,0.00067356,ECB
2026-07-22,NGN,0.00067238,ECB
2026-07-23,NGN,0.00067232,ECB
2026-07-24,NGN,0.00067048,ECB
2026-07-25,NGN,0.0006686,ECB
2026-07-26,NGN,0.00066726,ECB
2026-07-27,NGN,0.00066785,ECB
2026-07-28,NGN,0.00066747,ECB
2026-07-29,NGN,0.00066299,ECB
2026-07-30,NGN,0.00065877,ECB
2026-07-31,NGN,0.00065757,ECB
2026-08-01,NGN,0.00065847,ECB
2026-08-02,NGN,0.00065305,ECB
2026-08-03,NGN,0.00065207,ECB
2026-08-04,NGN,0.00065104,ECB
2026-08-05,NGN,0.00065375,ECB
2026-08-06,NGN,0.00065299,ECB
2026-08-07,NGN,0.00065374,ECB
2026-08-08,NGN,0.00065402,ECB
2026-08-09,NGN,0.00064984,ECB
2026-08-10,NGN,0.00065134,ECB
2026-08-11,NGN,0.00065176,ECB
2026-08-12,NGN,0.00065275,ECB
2026-08-13,NGN,0.00066044,ECB
2026-08-14,NGN,0.00065631,ECB
2026-08-15,NGN,0.00065971,ECB
2026-08-16,NGN,0.00065914,ECB
2026-08-17,NGN,0.00065971,ECB
2026-08-18,NGN,0.00065962,ECB
2026-08-19,NGN,0.00065878,ECB
2026-08-20,NGN,0.00065765,ECB
2026-08-21,NGN,0.0006583,ECB
2026-08-22,NGN,0.00065531,ECB
2026-08-23,NGN,0.00065678,ECB
2026-08-24,NGN,0.00065596,ECB
2026-08-25,NGN,0.00065374,ECB
2026-08-26,NGN,0.00065286,ECB
2026-08-27,NGN,0.00065532,ECB
2026-08-28,NGN,0.00065427,ECB
2026-08-29,NGN,0.00065497,ECB
2026-08-30,NGN,0.00065353,ECB
2026-08-31,NGN,0.00065502,ECB
2026-09-01,NGN,0.00065637,ECB
2026-09-02,NGN,0.00066001,ECB
2026-09-03,NGN,0.00065966,ECB
2026-09-04,NGN,0.00066098,ECB
2026-09-05,NGN,0.00066118,ECB
2026-09-06,NGN,0.00066375,ECB
2026-09-07,NGN,0.00066231,ECB
2026-09-08,NGN,0.00066379,ECB
2026-09-09,NGN,0.00066341,ECB
2026-09-10,NGN,0.00066328,ECB
2026-09-11,NGN,0.00066346,ECB
2026-09-12,NGN,0.00066396,ECB
2026-09-13,NGN,0.00066373,ECB
2026-09-14,NGN,0.00066416,ECB
