payment_method_id,customer_id,type,brand,last4,token,fingerprint,exp_month,exp_year,is_default,created_at
pm_a9d3d4d8c27e490f,cus_7c62a67468e14881,bank_transfer,,,tok_be4d2b9677cc443f926a5d2e,,,,True,2024-11-14T02:25:59Z
pm_5b02e4ae6c794200,cus_7c62a67468e14881,card,amex,6389,tok_d4c4bcea86924eaab87de12c,c9ab69eb7b284e6097bd,7.0,2030.0,False,2025-08-26T06:19:08Z
pm_d504e37eecc748df,cus_aa035fbdfd564fdf,bank_transfer,,,tok_154d73cd29d44383b814bb49,,,,True,2024-07-12T22:45:22Z
pm_326096e2ca9840a4,cus_aa035fbdfd564fdf,card,amex,0475,tok_0b1569d69c2e41ba95cf9011,0a8d5e2a3dfb40d4b8e1,7.0,2028.0,False,2025-06-26T04:19:29Z
pm_24d0afcb48a14bb7,cus_e19803583db34a34,card,mastercard,2091,tok_57411a14718e439ab887151e,b1f1f73012ca4ec59c9c,10.0,2030.0,True,2024-02-13T14:18:28Z
pm_41f40d6fa6c14c19,cus_e19803583db34a34,wallet,paypal,,tok_298de2fc51ae4a1b94fbfa3c,,,,False,2025-04-06T00:38:45Z
pm_4a03071803464957,cus_e24cd4ab6d594384,card,discover,7564,tok_93bee2bd478d4370af2e3829,56e3ea1cd4054a8e9123,3.0,2026.0,True,2024-08-12T17:16:55Z
pm_10799b0bd2e94f99,cus_e24cd4ab6d594384,card,mastercard,5529,tok_2bc77912861147638a3ab5ce,4c69a92dfeba47d992ec,7.0,2028.0,False,2025-08-29T18:05:45Z
pm_c9fa37b715334f69,cus_c18df63ec1ca4897,card,visa,8837,tok_04045d87a32b4ac2aba92b15,cb9309203de44ab3a144,1.0,2028.0,True,2024-07-15T19:25:15Z
pm_4df277b3da0f4661,cus_c18df63ec1ca4897,card,visa,4051,tok_f6559707e0b34f2c8c522f7a,de2162bba1c141c98a4e,4.0,2026.0,False,2025-05-20T06:09:11Z
pm_1006c0b8f23f4a1d,cus_c18df63ec1ca4897,card,mastercard,1874,tok_bb8f832a251b47cb884f7198,2ef2f1f8a3d44f17b047,10.0,2027.0,False,2025-01-18T20:28:43Z
pm_59a3106621b34de5,cus_7616c65a3e1a4f2e,bank_transfer,,,tok_f56c7157ec0a42b09e68dd46,,,,True,2024-06-01T23:25:59Z
pm_fb304534dea941fa,cus_7616c65a3e1a4f2e,card,visa,2683,tok_289401d5b18e4502985243ec,2d96ccac9542483ba1eb,5.0,2026.0,False,2025-04-17T03:04:56Z
pm_220e955fafa54d02,cus_1fe1c842de7e4d3c,card,discover,3249,tok_785e6967264a432f852fa4d2,d7baa94fd64a4119be04,2.0,2030.0,True,2025-07-13T01:36:09Z
pm_ba9376797da74a2b,cus_f3c1898fe1d84c87,card,amex,9837,tok_9a36e42c0ea5422bb27ac152,1b0a0935b2a84197a30c,2.0,2030.0,True,2024-02-24T13:12:03Z
pm_d350a4fabcd64b64,cus_f3c1898fe1d84c87,card,discover,1129,tok_2705251686ea4dcabc254cf9,e5451d841c0546ba9af7,9.0,2031.0,False,2024-10-14T16:37:37Z
pm_6cc25a3f400745c6,cus_b3d144ad35e04378,card,discover,5934,tok_454e590f06764cc791ab34e6,fcd05986044543b489b7,11.0,2029.0,True,2025-07-26T00:48:20Z
pm_5c5656c7898b47ef,cus_e26f7d370bc24c08,card,amex,8817,tok_376660bfb47f42f0b041dea5,3f4535390e2a496aaf95,8.0,2029.0,True,2024-12-26T23:18:50Z
pm_0e3556d2fa884864,cus_e439d398211c4318,card,amex,1419,tok_1a41b448236f43e38f7bef5b,e28143157d3a42c38cc9,5.0,2029.0,True,2024-07-31T01:33:39Z
pm_bf8e5bb39fb4445b,cus_e439d398211c4318,bank_transfer,,,tok_f328ecd138fa4be38e7c7e56,,,,False,2025-04-10T06:23:03Z
pm_390d93409e8048f8,cus_ea354c1e6971433f,card,visa,5325,tok_7f76ce91bcf44403b9d423aa,6230225b17cd4a98a8df,3.0,2029.0,True,2024-07-06T09:49:03Z
pm_5eb5e0749eb84a38,cus_ea354c1e6971433f,card,amex,9767,tok_e4021f201ddd48589f9cca33,a1bf1323e6e140fab906,12.0,2028.0,False,2025-03-30T08:18:45Z
pm_ade835a315f44de4,cus_5b1ea557dad34995,wallet,apple_pay,,tok_71f52cf437f240ed882bcce5,,,,True,2024-07-29T02:49:11Z
pm_a0723deb966b4754,cus_998458b6d9634e4d,card,mastercard,8041,tok_36adfb65d9cd4de3b588e7f0,12c5579a3eab45d19187,8.0,2026.0,True,2024-04-04T22:15:25Z
pm_7ab692e5fbfe44e8,cus_998458b6d9634e4d,card,discover,5016,tok_1a0aaf6ad80845a1821c5c0a,e6c0ed9d68324814993c,11.0,2030.0,False,2024-11-05T06:39:24Z
pm_977bc15ff21147a0,cus_e7ae43d5a2d0486c,card,discover,9017,tok_0a1a767584304930a0f8c684,144b448161a94480abb3,6.0,2028.0,True,2025-07-22T13:46:57Z
pm_b36de6e35be44e2b,cus_d009f0691fa94e84,card,mastercard,3155,tok_495126cd93c94f30b4ca6be3,79d360a7b6c54d7f9065,6.0,2026.0,True,2025-08-22T15:55:25Z
pm_dce224de773e4da4,cus_01e56a88664f4f1f,bank_transfer,,,tok_a5837598abb14121bff8e911,,,,True,2024-06-15T11:03:36Z
pm_8c082b9187b64aa3,cus_a135b8faa2694c66,card,amex,8595,tok_5384ff3019b444269ae5a1ed,a96f5c4b90ef4aa78389,10.0,2028.0,True,2024-04-10T17:33:33Z
pm_cabcfcb9cf564798,cus_9401b85a57dc4cda,card,amex,0231,tok_545abf7ec7b94e938bf33538,eea59f66b5ef403ba3ff,12.0,2030.0,True,2024-04-30T23:17:39Z
pm_bc9240cc0a964844,cus_9401b85a57dc4cda,card,visa,2068,tok_e448c7665fcf47009e8cb8c0,111b1a19468f4b8aa8c9,11.0,2029.0,False,2024-04-12T07:59:21Z
pm_f58f849c5c114f60,cus_986720a69af645cc,card,discover,5582,tok_3e1aba734ef34f0b98d93e46,6a4b3483c6b2474192a9,3.0,2026.0,True,2024-08-06T18:09:18Z
pm_e2385ac34a0e4b9e,cus_986720a69af645cc,wallet,google_pay,,tok_aeecb87a671347bf90bc5f71,,,,False,2024-04-21T06:21:19Z
pm_983f8746646e41f0,cus_a46e5e8c9e1c4022,card,visa,0878,tok_a12b282ef89a4728b3a4c3a8,9cb594b542fb491f8c8a,3.0,2027.0,True,2025-04-04T19:42:26Z
pm_5366e76daa7c46f8,cus_a46e5e8c9e1c4022,wallet,apple_pay,,tok_6f6259d45c7c408fb4c9e37b,,,,False,2024-08-03T10:13:54Z
pm_7e61a2b6cc10465d,cus_30b519e7a20a4766,bank_transfer,,,tok_a53fb2a440e74b569db35d10,,,,True,2025-05-08T14:11:49Z
pm_8195f21892374ec1,cus_7be3774e24334a07,card,discover,7253,tok_e7e6969095f846b695338ebd,9af7bbc3b944476188d6,5.0,2030.0,True,2024-12-21T17:35:04Z
pm_90c24723428b4d2d,cus_a79e3b31d9cc452b,card,visa,3404,tok_a981d41453a14b37b1573609,b5b94a0ab2034fed9e55,11.0,2027.0,True,2024-08-16T04:58:41Z
pm_7aaf125b9de34105,cus_74df9c2ccf954457,card,mastercard,2564,tok_a1e41c75dfb34782857179a9,b6a17129dc264fa5bd04,1.0,2029.0,True,2025-01-07T13:36:52Z
pm_1d08afa931cb4986,cus_74df9c2ccf954457,card,discover,3792,tok_ad5ada417ac241aea9539859,47725dcd67a345a7999b,5.0,2031.0,False,2024-08-30T05:52:09Z
pm_e5c8c204527642cf,cus_cc22255e3fab4e93,card,mastercard,9663,tok_cf1d3f14eeda4257954cc8af,9f10495166a24506ad92,11.0,2027.0,True,2024-12-18T20:46:54Z
pm_1cb47e73fdf34fdd,cus_cc22255e3fab4e93,card,mastercard,4352,tok_06911ff0977a4c2eb0d58637,07ef2993c14d41c0b68b,3.0,2026.0,False,2024-03-09T23:21:02Z
pm_9428c10bd1d14f50,cus_1d77454c61f141f7,card,amex,7679,tok_6d62ca236481498b879eace2,5b368a92622942ba8917,12.0,2028.0,True,2025-07-20T03:35:53Z
pm_e5c96979e6924969,cus_9d7faeabc0b44662,card,discover,9798,tok_c2833717336b44fba0f0de8e,69bceb6af3cb4bb983e6,1.0,2029.0,True,2025-08-16T04:19:18Z
pm_cf6b2adc1e764cb7,cus_0a91206d3ceb4f38,card,visa,9424,tok_6d28367e79944d929f32d4f0,6d747ae25be341a0911f,10.0,2026.0,True,2025-09-08T15:47:01Z
pm_705cbe39da7d428b,cus_a420d2c4c8314c06,card,visa,2870,tok_57277e5e81a64d0dae5daec5,98a814bba32e43fd8952,8.0,2030.0,True,2025-06-12T16:38:02Z
pm_425f82af37764fa5,cus_a420d2c4c8314c06,card,amex,9590,tok_870b2846c3ed483981557225,5b490a623dcd477ca725,7.0,2031.0,False,2025-02-08T14:03:00Z
pm_edef412fdac54f96,cus_97b0f3e4814c45ac,card,discover,1713,tok_7813f189b5a14257ab01a900,7783c603effb4502a614,3.0,2028.0,True,2024-12-08T09:14:15Z
pm_ac8b78cce0a14546,cus_97b0f3e4814c45ac,card,amex,6561,tok_5f093e08346740a2abc98701,28b1c685a1254314b38a,9.0,2026.0,False,2025-01-10T22:11:11Z
pm_175128f927814790,cus_97b0f3e4814c45ac,card,amex,6622,tok_b748c5e6fe9e4e8a80482aa2,0ecfe80e673d4f638551,9.0,2026.0,False,2025-06-17T11:17:42Z
pm_31534008cedc458a,cus_d5c6074f8f6948ba,card,visa,5927,tok_d8e4f6aad837457d89b290b6,e1cb63d056394318acb0,10.0,2029.0,True,2025-05-23T10:04:51Z
pm_1233c881aef34125,cus_d5c6074f8f6948ba,card,visa,8998,tok_6e3e0bf3af774f7fab4f0943,af576def9a1c47bfbbc8,3.0,2028.0,False,2024-12-28T22:41:34Z
pm_1c5f7b75bb2c40cb,cus_c360e358ae574bd6,card,visa,9975,tok_a039c50c04d64067b1f5d70b,4f8df83d18c14fa6acb6,4.0,2031.0,True,2024-05-25T15:59:59Z
pm_1bb5e2271c51421a,cus_c360e358ae574bd6,card,visa,1527,tok_e69770596d1941d49a73a610,df5916c21330477ab581,4.0,2026.0,False,2025-01-16T01:37:44Z
pm_1c31c39645a34495,cus_716596dcb85c41c0,card,mastercard,4781,tok_775e0c2a8b7640be85190d23,a2e4d896d060446a9be1,9.0,2031.0,True,2024-08-23T00:37:35Z
pm_bd48d131e176442d,cus_716596dcb85c41c0,card,discover,3993,tok_5fef032536a54caa8db88bc7,63e83df0e123450b94f6,8.0,2030.0,False,2024-05-14T23:56:19Z
pm_3c962a26820a4ad9,cus_716596dcb85c41c0,card,mastercard,4526,tok_6cfca14c7ef142c6bc998058,d0b04644530d452c9d7d,7.0,2028.0,False,2025-02-21T00:31:59Z
pm_b2cf04abf70e491b,cus_e6697c5cc33a48f0,card,amex,9501,tok_41763748a89d4b1d83eef8de,811167ac2277412c8cac,11.0,2029.0,True,2024-05-18T01:38:10Z
pm_7b3e7260eb3d4a7f,cus_3edf6c9979f94959,card,amex,8903,tok_304e5c2dd8fd451c8ddf8686,4ede20214cd949cc9d5e,7.0,2029.0,True,2024-09-29T13:58:53Z
pm_f100f7f521104b97,cus_0969433830744980,wallet,apple_pay,,tok_bc454637b00f4d2bb1285e0c,,,,True,2025-04-11T18:41:51Z
pm_4c461a33072a4f34,cus_0969433830744980,card,discover,7749,tok_67ca2d4047f74fb59008621e,3900d9bd0c2b48c0aeaa,12.0,2029.0,False,2024-11-18T12:38:47Z
pm_6d89909d5c1e4c36,cus_beb1d954baac41bb,bank_transfer,,,tok_0be341dd19244c4a95eb72e9,,,,True,2025-06-13T02:07:55Z
pm_a7917bad1b414d8b,cus_beb1d954baac41bb,wallet,google_pay,,tok_d69a1a08174e40bb8ce7eed1,,,,False,2024-02-21T09:42:45Z
pm_ef8b463d5b8e4f65,cus_beb1d954baac41bb,card,amex,7213,tok_9983609ca4d745adb6d3fe0c,bafc0826d0bb418a8412,2.0,2030.0,False,2025-01-12T13:22:25Z
pm_5800f54b7a6c48bd,cus_cd6f5be5bc464b50,card,mastercard,4342,tok_dfec42bae4e14dfa88e7d650,305f14cd268846288152,6.0,2030.0,True,2025-07-14T16:33:59Z
pm_4a0150495ea641f2,cus_632e62a184114226,card,amex,8742,tok_7d61314ec63a42ad80224fe2,64e365ce1ce84821aba7,7.0,2028.0,True,2025-05-24T12:00:01Z
pm_26d4d14d6ee347f1,cus_ad2b8cbfd8f5482e,bank_transfer,,,tok_8bc3952b609b44188b4094f4,,,,True,2025-03-18T20:53:11Z
pm_acbc1f414d60411c,cus_ad2b8cbfd8f5482e,card,visa,4708,tok_b1c02b52f499449fa5067fea,3ee9e8340e1e444695e1,4.0,2031.0,False,2024-04-02T20:24:35Z
pm_df3bf13adb1b422c,cus_253f2ae2ee88488e,card,visa,4906,tok_0b56d87818324d33b604ab41,0a8219854d224504abbd,1.0,2026.0,True,2024-10-01T14:23:56Z
pm_6af43e7f0a4e4fb5,cus_bf110f5ec5f748e4,card,amex,4000,tok_debdcd3b3ed549e29975f734,d1bacd846b934abbbaa6,9.0,2029.0,True,2025-04-07T05:16:50Z
pm_16dfac4fc5d04094,cus_bf110f5ec5f748e4,card,mastercard,1293,tok_8f4ecfbc4b5c44a698458966,afcff931ee6d4f4e822a,10.0,2029.0,False,2025-05-18T23:51:19Z
pm_245abe521f594731,cus_fe9c517dcd4d44d1,card,mastercard,4161,tok_6be3c40fe67141c585f63028,f86b89d811104109b5d0,8.0,2028.0,True,2025-06-24T14:25:44Z
pm_f55733e685264965,cus_fe9c517dcd4d44d1,card,discover,8955,tok_c18c244325854c1d9a8fb7d8,a9f2ffab69ef45f994db,3.0,2026.0,False,2024-12-31T18:03:24Z
pm_e69ed1dd3d4c42ad,cus_f855e9b637e64804,wallet,google_pay,,tok_65e8b9d3cfdd468192353a49,,,,True,2025-06-02T22:17:51Z
pm_33be90dd96594372,cus_f855e9b637e64804,wallet,paypal,,tok_81740b88d71247338e350e1d,,,,False,2024-08-04T21:47:08Z
pm_db98c3f801974f6c,cus_f855e9b637e64804,card,amex,6302,tok_0aba59adf8d143e09319864a,a592afe48dc4434088ac,8.0,2026.0,False,2024-07-25T21:27:06Z
pm_b5715ce2e2cd43a9,cus_81bf129f17e54425,card,amex,4837,tok_047be32093834835ad53a99e,efdb0e8d048143859492,1.0,2031.0,True,2024-11-26T01:58:14Z
pm_6c1d45dab12d4598,cus_a7803f91c7a34895,card,visa,8138,tok_6f25aa604dd744a5aa933014,02f827d033d5400686bd,5.0,2027.0,True,2025-05-09T04:07:43Z
pm_e014901ae8f647f2,cus_85577bff6b944bc7,card,mastercard,2240,tok_9fec427980624dfbb4d0471f,c8d0dfc994874020bbb6,11.0,2026.0,True,2025-05-25T00:17:01Z
pm_fc40480a4a75482e,cus_85577bff6b944bc7,card,amex,0546,tok_ef523804cf4e42e9b7861b67,cadb4c51cdac48b1a30e,10.0,2028.0,False,2025-08-14T11:47:33Z
pm_804823aaacdd4ecf,cus_41929e3add804f30,wallet,google_pay,,tok_3c9c2f0e5e1a43a18c12aee5,,,,True,2025-08-26T05:40:12Z
pm_03c0a14a91ea4fee,cus_90d4d78858bf4476,card,amex,4465,tok_8bea240413644063a3d3816a,b13396ebaf2c4885b45d,3.0,2028.0,True,2025-01-31T21:54:41Z
pm_0a9fd49244834048,cus_3439eeca99c842be,card,amex,7673,tok_287847fad3fd42139cf3cf38,54fd52b436444155b6f3,2.0,2027.0,True,2025-08-31T10:01:10Z
pm_36cc2d3b237e43b9,cus_3439eeca99c842be,wallet,paypal,,tok_b13b931668634c5ab7b55a7e,,,,False,2025-08-08T03:59:41Z
pm_600dbf044f8a4b5a,cus_3439eeca99c842be,card,discover,9131,tok_58959a879ec84f04a181d60f,c0e1b10cec6447539541,6.0,2026.0,False,2024-11-25T03:01:11Z
pm_7edb0c4002e14278,cus_e3c7ba1a3cf646dc,card,discover,4295,tok_94d6548543754b2ba0ef9b38,833413280df441d19c01,10.0,2029.0,True,2025-06-02T15:02:16Z
pm_5a1e8af74faa48a8,cus_c6072e8696864f6b,card,mastercard,9198,tok_9b4feb5ec7b24f6c89715f46,6fa65958ac5d48d79a36,6.0,2030.0,True,2024-07-13T14:12:02Z
pm_85c780487576408b,cus_c6072e8696864f6b,card,discover,4951,tok_a2894c45a3984e409f0cb046,bf18169970254271927e,11.0,2029.0,False,2024-04-23T06:36:50Z
pm_28bbbd974d28454b,cus_c6072e8696864f6b,card,visa,8071,tok_84d2072f807e4d93ae237153,40938bf11c044dbf9c78,2.0,2026.0,False,2024-07-24T00:36:24Z
pm_aca5c44a58a947d0,cus_e7701f62089a48b9,card,discover,8850,tok_d53a990e6dc641888da3bf2a,b1b7c2160b37441b8362,7.0,2030.0,True,2025-08-22T04:30:51Z
pm_33f12dbd770e4dc0,cus_e7701f62089a48b9,card,discover,8017,tok_167b0b1284ca42ac9dd7e5ca,e91f8a1212ca4a12ad6e,10.0,2029.0,False,2024-08-27T22:21:04Z
pm_80ac85bf75a3444b,cus_89cee05816e54fdf,card,discover,3868,tok_95fbfc81d05b47859a87a8e2,bed8bc84f2c4465e8f70,6.0,2026.0,True,2025-07-09T05:37:24Z
pm_874d2b217e264683,cus_741941fd27c147a7,wallet,paypal,,tok_7155a1ee274d44e48429f12c,,,,True,2024-10-28T05:46:55Z
pm_a4eae7582ba7430e,cus_9171193d82324de3,card,visa,7450,tok_6705b6115a5f469988127734,d696006ad9bc4406b70e,2.0,2031.0,True,2024-07-06T09:33:21Z
pm_fedaad465ec746b3,cus_c96e059a8a8a4c85,card,visa,5464,tok_513657c0b98d42a8828d6e26,8cb5fc7193f2432caaed,4.0,2027.0,True,2025-04-06T04:06:47Z
pm_66ff8cbdd9784ab5,cus_c96e059a8a8a4c85,card,mastercard,3817,tok_f66dc93d2a4c4c7ea8a43e17,ba6e5b8797674986bcd7,6.0,2027.0,False,2025-04-30T13:31:11Z
pm_da9ab72084eb43f3,cus_23434e1fb7c64f10,wallet,apple_pay,,tok_8305e7a6db46427b8b4bffef,,,,True,2024-05-03T14:50:45Z
pm_f217c6b99284402e,cus_e49a129188f54fa9,bank_transfer,,,tok_977dcac124404902959ba4c1,,,,True,2024-04-18T00:47:33Z
pm_ccb1b4e16ba84175,cus_f9551990f8eb4017,card,visa,3898,tok_0a2560c0ab46427c9aa461c9,ea7f14d619d94382ab42,10.0,2028.0,True,2024-02-04T21:47:51Z
pm_b9c0787ce92f4482,cus_f9551990f8eb4017,card,visa,6897,tok_2fd3bdc85c5c4e0ea81fcf0f,5d943e1e162a4c91a3d4,9.0,2026.0,False,2025-08-24T19:49:30Z
pm_ae90918da6ae4f7f,cus_90bb5692dce84b2c,card,amex,1786,tok_f589dbc6887549e2920b46b5,0a3a56f75cbf43439825,8.0,2030.0,True,2024-07-13T17:36:13Z
pm_c5e0e95b09a14fca,cus_d902e353f969419d,card,amex,0510,tok_b93baee571d54161b0ec64d3,bee891deed4a4eb58b1b,1.0,2029.0,True,2024-11-30T14:18:18Z
pm_c9420d653c88462a,cus_d902e353f969419d,card,visa,7267,tok_ab21951bf6514b17b804e594,1a715452730a4a38911f,2.0,2026.0,False,2024-09-29T20:12:59Z
pm_78075c87273e424c,cus_d902e353f969419d,card,visa,9590,tok_3f083d90d1464c3a9bf07d56,f210c115ea354ca5a42b,9.0,2031.0,False,2024-10-02T05:30:46Z
pm_c3d44b4749aa4ff9,cus_bbeab8711b234916,card,amex,9919,tok_44d5f0f132e94349bf5a07ef,2d286a6de5bf404aa44c,7.0,2026.0,True,2025-07-21T17:44:00Z
pm_90368482ccca4c22,cus_21d6dd93e09c4732,card,mastercard,3743,tok_58f111d26b144f2d924cfe81,0c2643563af944b6a57e,7.0,2028.0,True,2025-01-09T21:26:57Z
pm_3811709862014168,cus_d39e4a2078324d56,card,amex,4176,tok_41bd22451e64482883d554d8,b67ffd023a7b49aa846a,6.0,2027.0,True,2025-07-10T02:53:20Z
pm_aab6215d8d1548d8,cus_b5aa2d7f93ef4461,card,visa,1582,tok_24726727c4e4456bbecd48f9,98b5ca0b44004b719a03,12.0,2031.0,True,2024-11-08T02:15:28Z
pm_471f92f640264cfa,cus_b5aa2d7f93ef4461,bank_transfer,,,tok_9c7859274c664259810c59a2,,,,False,2025-03-30T19:07:09Z
pm_7a9a61d8e1c54d40,cus_b5aa2d7f93ef4461,card,amex,6730,tok_358fdbe9be26456ab0e8d940,ca69e69b115d4a1eb11f,6.0,2031.0,False,2025-08-28T09:55:44Z
pm_b8f24471cc554c8f,cus_b03e2061a7374527,wallet,apple_pay,,tok_0c3d5ece127a4551ab26f17d,,,,True,2024-09-03T01:25:03Z
pm_e3ef430cb9ee4e4e,cus_72dc6ee122854df9,card,mastercard,7900,tok_f93c7eb49f1f4c5f9e15533a,5335f543c2a84b789363,4.0,2026.0,True,2024-10-21T14:12:53Z
pm_d823e825b69f4b8b,cus_72dc6ee122854df9,bank_transfer,,,tok_e423e8e91efa4661b766441a,,,,False,2024-11-04T03:27:05Z
pm_d4f1283c7fcc4de6,cus_3ad244b6467342cc,card,mastercard,9190,tok_4264212f26884c28a7a14fcf,da0b79a0041245788a27,10.0,2030.0,True,2025-06-30T22:05:41Z
pm_bb3d48aa5f554ff3,cus_0aa66847c4c441e8,card,amex,5062,tok_9a904cac209446d080cee4a7,fea9abd92baa4926bcf5,6.0,2028.0,True,2024-01-28T09:26:13Z
pm_bda81eea188145b6,cus_0aa66847c4c441e8,card,mastercard,6566,tok_d28b35698ea146988a8f4e31,a5501ebbb390438e9dcf,2.0,2027.0,False,2025-08-21T04:16:52Z
pm_f0753a1fd57b4729,cus_eefa5a7d32c54a66,card,mastercard,7432,tok_794997b01c4845c08bf29adf,7602a57cfc904c5ca22b,6.0,2027.0,True,2024-11-06T01:54:23Z
pm_e47ee3579a284ed3,cus_eefa5a7d32c54a66,card,amex,9299,tok_1504bd0df6134adfb61d1af6,32bd895449cb4a0bb6c6,10.0,2026.0,False,2024-03-04T12:18:59Z
pm_55a7068fc5e845cb,cus_f98b50711fc545ca,bank_transfer,,,tok_6e80cb4bcdaf4bfea9c141b4,,,,True,2024-03-02T07:15:25Z
pm_660a936a4fb3408d,cus_8ae470d1cd214c70,card,discover,7242,tok_e47c58c034584b41bae08dbd,6c5c7541aff442239a00,7.0,2028.0,True,2024-07-09T02:06:49Z
pm_99d0d1790e1c4842,cus_8ae470d1cd214c70,bank_transfer,,,tok_1b364a8443a74703b069ec53,,,,False,2024-04-21T01:19:44Z
pm_54aa2f904d834e88,cus_ce666c5a95df4bf2,card,discover,5053,tok_279c4a8cfc934b528a8edaf7,36128b28b3fc4bd38bf1,1.0,2027.0,True,2024-11-25T15:51:38Z
pm_9ecefa18f8624aa0,cus_d2e8e8357dc84d74,card,mastercard,3460,tok_de1e995f5c594e1384f54d19,03eb655c9ea447e59143,3.0,2028.0,True,2024-09-04T11:18:09Z
pm_c6211d59a9ed480f,cus_d2e8e8357dc84d74,card,visa,7055,tok_09ebff2967d34668874587a0,774c9569d4d24a819fbe,3.0,2027.0,False,2024-11-13T23:11:50Z
pm_b4cddf559f194afb,cus_d2e8e8357dc84d74,card,mastercard,5802,tok_c2ca0f87bcf2495da67a1b0f,4b9fa742e4334c6aafe4,2.0,2029.0,False,2025-08-22T00:16:11Z
pm_b9870beb749e4363,cus_17460624d62f4b9b,card,visa,9433,tok_e8e97b0b8dc14253bc5b1980,06e46dfd663a4930b4b6,7.0,2030.0,True,2024-12-02T18:36:21Z
pm_de6c693920f7469d,cus_dffeaf971c8847b6,card,visa,5321,tok_04222317918542018620fb17,1538bd591ab5434dbfb7,3.0,2030.0,True,2025-01-15T00:26:41Z
pm_678e222873e142fa,cus_dffeaf971c8847b6,bank_transfer,,,tok_06715051e200405b88747550,,,,False,2024-10-30T17:02:24Z
pm_a61d232eb4014b7b,cus_cd480c82d78a40a2,bank_transfer,,,tok_0834408d7f204f6e9d0657cb,,,,True,2024-07-30T15:21:53Z
pm_972fbd58503e4eb3,cus_50f849adfeea453a,card,visa,5083,tok_ba0303bf24d446ef920b2fc9,869e54790c7a44e38cdb,12.0,2028.0,True,2024-07-13T18:01:10Z
pm_27f2ece52211437b,cus_c88f40943bc447f6,card,visa,3176,tok_8fdd56d881384fc2a8997053,2efb174426fc4fd2b621,6.0,2028.0,True,2025-08-10T14:56:46Z
pm_e3681ae057fe4b5d,cus_773af38d2ca742c1,card,mastercard,2399,tok_7239aaf96f2c49718cb1b3b1,60965f89e38d421390b3,5.0,2027.0,True,2024-06-06T09:52:23Z
pm_cb402d96ea774024,cus_773af38d2ca742c1,card,visa,8095,tok_d534fc12d62343c6a109fdfb,898632dd617e4526a15f,8.0,2030.0,False,2025-09-04T20:45:13Z
pm_ae609b84ea4b486b,cus_773af38d2ca742c1,card,amex,5179,tok_756be1d6f32b4c989a8091b1,83d98efea3b94ecb83c9,3.0,2029.0,False,2024-03-16T16:33:54Z
pm_9dd9f78f36684610,cus_00e70164e65a41d7,card,amex,5766,tok_48c4294f616e4e24abe9410f,8acf4b6fee264a799d40,9.0,2026.0,True,2024-09-20T18:02:19Z
pm_f2e54156204c4c89,cus_bb218230bee24574,card,amex,1257,tok_4d10de825a804d85809410b2,64dbfb33539248ed8224,11.0,2026.0,True,2025-05-15T08:12:15Z
pm_65c245e21bb74739,cus_9f855b49695845e7,card,visa,9366,tok_27138e5c700543eea26c87a2,c9e2246212514fc884c9,11.0,2027.0,True,2024-09-29T09:18:36Z
pm_a8d44f8168f54efd,cus_8b70cd86c9a04592,card,visa,5626,tok_4ef77fbbac984b3c80593b91,5b87295082fb4dbf8be3,12.0,2026.0,True,2025-02-18T13:05:31Z
pm_a6c76edf5ac040cb,cus_8b70cd86c9a04592,card,visa,7172,tok_3409f6bee45047baa2fe5474,e3b2bc5e2777480a92a2,8.0,2030.0,False,2025-03-04T16:20:47Z
pm_239483e220ee4c1d,cus_94b408ea1b164920,card,amex,5543,tok_043c931e2a954b4ea9fb3bbb,9bb9769ef4b046afafef,11.0,2030.0,True,2024-03-04T07:46:51Z
pm_aacc148d140944bf,cus_94b408ea1b164920,bank_transfer,,,tok_b5119272e14e4e40a0e85918,,,,False,2025-06-09T10:15:48Z
pm_c43cac3390f547bc,cus_39570f9aa27f417a,card,discover,9874,tok_457a5059f94c4949aff9a294,58b12806c327402a95a9,3.0,2028.0,True,2024-03-26T22:55:26Z
pm_ac0b197975ee4f09,cus_17294a4e97324491,card,amex,6421,tok_be8ef14336a84c7899c53fec,d319ae5f2c854334b2a6,3.0,2030.0,True,2025-07-27T05:14:26Z
pm_5b7a93e7b3f0443d,cus_b659d69206e34c08,card,discover,5381,tok_6f18fb8d1e7c4c7e96fe3e3b,9ff974cd8dce4b02b479,3.0,2031.0,True,2025-07-22T13:20:02Z
pm_041a324da5e646c0,cus_b659d69206e34c08,bank_transfer,,,tok_a55a4c89121a414a833dde97,,,,False,2025-08-19T11:22:29Z
pm_4076634d79654cd0,cus_b659d69206e34c08,wallet,paypal,,tok_d738c58673d54ffab251b531,,,,False,2024-04-05T05:42:23Z
pm_551d2da72a6c43c8,cus_66ad9c1116474b48,card,amex,2953,tok_4624c4da24cd4779afe89aaf,fea9abd92baa4926bcf5,4.0,2028.0,True,2025-09-09T17:48:13Z
pm_a92bedaf129e4511,cus_66ad9c1116474b48,card,mastercard,2538,tok_1c32dff0ca5142e2b29cd596,41724c336862401ab810,2.0,2028.0,False,2024-04-11T05:01:02Z
pm_d3d2b78f63dd4ff0,cus_feb6f77bb2a5408f,card,visa,2147,tok_336a9003ecd1465f8019be1f,c0058325a5c6445883eb,10.0,2029.0,True,2024-05-22T11:05:48Z
pm_0f9472ed7be24950,cus_6ebf62a75200478b,bank_transfer,,,tok_9ad3f57520314266bb2d2d26,,,,True,2025-09-13T13:55:19Z
pm_6681f6da3b504bb1,cus_4145ca5f82524cb4,wallet,paypal,,tok_f36cf7126e1c46d797e3a241,,,,True,2024-12-28T14:26:26Z
pm_92c7cbb5b1c44b94,cus_4145ca5f82524cb4,card,amex,3891,tok_aff61119ee9b44d0b1c45058,5729bf6b105544e69472,8.0,2030.0,False,2024-08-31T23:03:30Z
pm_cbf17551cd5d44c2,cus_cb9a07ccf02549fc,bank_transfer,,,tok_49d1b8bb46fc4471bbc2451c,,,,True,2024-07-23T09:44:52Z
pm_e3e561c5a4fb40f2,cus_cb9a07ccf02549fc,card,amex,7684,tok_1eb5ac44f7c540b3b64c5d75,2ffdfe41098c466681ec,4.0,2028.0,False,2025-07-03T12:10:21Z
pm_734dc66f6fc94343,cus_858c13608a2c4fcf,wallet,google_pay,,tok_4fffb098333d4189971c185c,,,,True,2025-09-12T06:59:28Z
pm_0346d409c89e4238,cus_858c13608a2c4fcf,card,discover,6859,tok_698cfcb3f88245a1af7500cc,873eff3a483a4f02942f,3.0,2027.0,False,2025-05-07T07:21:38Z
pm_d5ae42f8daee435d,cus_858c13608a2c4fcf,card,amex,7873,tok_0396981a95ab4ac9bcb28a0e,e71e0d20cde04c11be17,6.0,2030.0,False,2024-04-12T08:01:41Z
pm_f2d8d29a09494875,cus_c80c5107aba34928,card,visa,2626,tok_90e929a2ca854d16ac0aac51,4c73c590089345bebff7,5.0,2029.0,True,2025-02-25T09:12:20Z
pm_96a7a067aee84b85,cus_c80c5107aba34928,card,discover,3637,tok_a2409c31cf8c41c4bc8e0bd2,93130e0a404a4799a2c1,8.0,2028.0,False,2024-02-13T08:47:07Z
pm_e346ed31c4614335,cus_13034603f82a45b4,card,amex,1337,tok_62e2c6530746488a9e504a5d,389f8fbdd3644557a909,6.0,2027.0,True,2024-02-14T13:04:15Z
pm_d9825bda3b2f495b,cus_c0a020156d82457b,card,amex,2254,tok_1192a89687f1438d9dcc36a6,6591a056a4fc4fa98ff7,1.0,2028.0,True,2025-01-24T14:48:54Z
pm_6005d2fd9f894430,cus_da4c3aa1b21a40ef,card,discover,0086,tok_3e6dcb0fa1384b298f5c61a5,41808220e030403aa21f,2.0,2026.0,True,2024-08-09T10:23:05Z
pm_1ce2236a4edb4d74,cus_da4c3aa1b21a40ef,card,mastercard,9975,tok_8d08f0bba39e4cb8be4a29b9,bf5406e92c624ea39e9a,9.0,2029.0,False,2024-04-19T00:17:24Z
pm_aa00ec5c79c94691,cus_75cebcc3b1ee4935,card,visa,6878,tok_6afaa84e78e74744b4d7035c,3a244d45e62d4158a864,11.0,2030.0,True,2025-01-12T16:49:56Z
pm_d3d31118bab046f6,cus_75cebcc3b1ee4935,card,discover,0269,tok_a412cedba284493781ced938,ae196d3015f84f05a74d,11.0,2030.0,False,2025-04-14T07:16:42Z
pm_a8eaa8a68ebf4399,cus_139d7ab3f6854634,card,discover,3941,tok_8d9c795ab7424c5983ceefff,fea9abd92baa4926bcf5,10.0,2029.0,True,2024-06-17T03:24:04Z
pm_cc9db601fd3e419a,cus_4d19d6b4f7b1407f,card,amex,8618,tok_675c28ca31ef4508b1f91dee,b9e4f69f2f024f8a8466,9.0,2030.0,True,2025-02-20T22:23:16Z
pm_879a93555a654115,cus_4d19d6b4f7b1407f,card,discover,0713,tok_3453a12ef97b47f2a2d2a6d4,a65a58c9fd1c4ec6af37,11.0,2029.0,False,2024-11-08T14:28:40Z
pm_b55358b7142940f8,cus_2643674693ca475e,card,visa,1698,tok_7e3a47fad909493f9d5df52e,ce2c0ce3bcd64ebcbf98,10.0,2031.0,True,2025-09-02T09:08:04Z
pm_cf98fcc6e9bb4073,cus_1ac588328a934896,card,amex,2868,tok_d080eb73549a41deb073cb06,d9eb3074229048c4a2ed,11.0,2029.0,True,2025-07-16T18:36:43Z
pm_703202539faf4427,cus_ca0dfed842a84bee,card,mastercard,7498,tok_0002f09c53ee49f794f8a5f2,765c57af2206423fbb67,1.0,2028.0,True,2024-06-28T05:32:43Z
pm_95c4558464724990,cus_3ac1ea0f850141fb,card,visa,5080,tok_97a9716a0e6d4e46940185e8,bf0a5de072fe47eea752,9.0,2029.0,True,2025-03-20T10:26:34Z
pm_445881841be943b6,cus_ed62ff146bc04bae,card,mastercard,0783,tok_e113ec4bb44845f8b7f01751,4e695e718bec4237a8cd,11.0,2028.0,True,2024-08-22T20:44:37Z
pm_fa0b5fbda4d94574,cus_3ccd6b4d081548eb,card,discover,6334,tok_918a536ff93e415d99f4e817,b872e04efc544cc4b8c8,6.0,2027.0,True,2025-02-12T01:30:55Z
pm_b7b1b326067249db,cus_36ef5c7d57a04f22,card,amex,6955,tok_e499d4048f41488ea7cd1ffa,672550caa81b4703b6aa,2.0,2029.0,True,2025-05-05T14:09:37Z
pm_50d1f24b94224dfd,cus_36ef5c7d57a04f22,wallet,apple_pay,,tok_9b32dca682b94a7da83797e8,,,,False,2025-03-22T07:59:48Z
pm_cf490d72c99842dc,cus_311565a9efb4422c,card,amex,5021,tok_213f84d5fa354c8f92a6ec86,fa450149fc124ab29076,8.0,2030.0,True,2025-08-03T01:49:23Z
pm_9334327e2b5c4287,cus_03a46550f6ff4e86,card,amex,5776,tok_9110b6953fb54824b9975112,6b5652e3ae7a467b91a9,10.0,2029.0,True,2024-08-23T21:41:59Z
pm_bcbd6768662a4221,cus_8d011d1cb5524ff0,bank_transfer,,,tok_4e5452836e544befb59b6084,,,,True,2024-03-08T04:50:55Z
pm_f41c3f593a834c1d,cus_8d011d1cb5524ff0,card,discover,2621,tok_15c7f1b50f784f3ba000138f,fdb009b7af384bdbb6b7,1.0,2027.0,False,2025-05-09T13:35:48Z
pm_189d37db15f8459d,cus_01986a1c5198456d,card,mastercard,6001,tok_fb373a6cae00488baa6f1d38,4b8c253cd1b3483aa2b6,6.0,2029.0,True,2025-04-08T05:49:24Z
pm_73682dde54314864,cus_01986a1c5198456d,card,mastercard,6077,tok_66525f3f5f854033a0123f5b,5922b86b448245459e36,6.0,2029.0,False,2025-09-07T08:32:33Z
pm_a04a7c61620c4832,cus_7a171b95bf834594,card,amex,4566,tok_2f2718c0580941e98f9a0dd3,79f315d197bc4944b174,4.0,2026.0,True,2024-02-12T18:40:35Z
pm_c5bfdb63ffbc46e2,cus_354d87d558594738,card,discover,1929,tok_7661d01f1f904345a6f0f580,3f8e5b3af748401297b7,5.0,2028.0,True,2025-07-23T11:49:58Z
pm_cc6fae490a6e4aef,cus_354d87d558594738,card,amex,8047,tok_d471839f84334bcaa1f80773,189ebbb3e1ce4b61be47,4.0,2026.0,False,2024-05-08T01:46:40Z
pm_d875f8c49e6640b1,cus_5601137114b74b65,card,discover,5236,tok_38b42a8114084c538be92564,efa434cc04ed4a85bc05,11.0,2028.0,True,2025-07-27T18:24:37Z
pm_6e5d1e91730a4e60,cus_5601137114b74b65,card,amex,2580,tok_80c9f30fa43c424893872899,1cea0a336ee240a0928d,12.0,2031.0,False,2025-07-20T12:38:59Z
pm_528b0771765e43dc,cus_3ba3d227314a470a,bank_transfer,,,tok_76031b25c78346efb117b279,,,,True,2025-02-21T19:30:41Z
pm_8a6ca3967e94456a,cus_3ba3d227314a470a,card,mastercard,3878,tok_116f97d7178c4918a966e40e,a7db9c1d97db49a88160,8.0,2026.0,False,2024-10-29T23:12:56Z
pm_f33680e3733d4c1a,cus_e7fab50b72f849b6,card,mastercard,1412,tok_44a0d36cd11d450c8d831b81,118e28ee71bb4a4e9634,2.0,2028.0,True,2024-11-27T21:51:24Z
pm_3dad05080d964e08,cus_7121a09e665a4d88,card,discover,9419,tok_bd69facb0ad84917954f5f61,1c1296d5f7de43cbb761,2.0,2027.0,True,2024-09-25T21:26:27Z
pm_6c15df7ff92b4bca,cus_7121a09e665a4d88,card,discover,8476,tok_76c66e59c6fb42d795c1d7d9,abfa7839ef614d4f8fdc,6.0,2027.0,False,2025-03-26T20:39:28Z
pm_a3e07d09c3944c3d,cus_7121a09e665a4d88,card,mastercard,2114,tok_8ebcbe821d9b47da94aa8fb3,bf2b6266383e46c1812d,7.0,2030.0,False,2024-03-06T16:35:14Z
pm_98e9f88ed298412b,cus_80a84dc5d16d48cc,card,amex,5286,tok_ea0d5b8afad946b9a2a87681,8baf4ea783684cac9992,12.0,2027.0,True,2024-10-18T09:57:16Z
pm_5d79204fcd6e4686,cus_80a84dc5d16d48cc,wallet,paypal,,tok_2d507d8d52d04a66a659ed71,,,,False,2024-08-31T06:39:40Z
pm_860d4542cdb1433f,cus_e6327e4e7bfc4f89,card,amex,4961,tok_4e31cd5471124860877781d9,a2bb184493ad49bdab79,10.0,2030.0,True,2024-04-05T05:14:55Z
pm_3002c1add5db4771,cus_e6327e4e7bfc4f89,card,mastercard,9513,tok_9d6c17ab118f4e6bb18dbc88,7b2e69df030f49488f56,3.0,2027.0,False,2025-06-18T07:17:15Z
pm_796af85105414112,cus_6dfccdb958d449ab,wallet,google_pay,,tok_a990a75f9cbb415883a09be2,,,,True,2025-04-05T10:13:07Z
pm_49b3256264994de4,cus_6dfccdb958d449ab,card,visa,9449,tok_35ce4239932c4af494399bb5,bb0ff43de38d4f2f80e0,5.0,2031.0,False,2024-07-05T09:22:11Z
pm_958f4b9ac8dc44c8,cus_4997a5eb2280488d,card,visa,8938,tok_1d802257ee4c4645ab8f4051,9e211a44ae8d47e2b31e,5.0,2031.0,True,2024-09-14T07:03:33Z
pm_d18768fc2a02445b,cus_4997a5eb2280488d,card,discover,1195,tok_9e0e6f42e7db4bdf9bb36cb6,402322de3f814e7c97be,12.0,2026.0,False,2024-05-25T10:27:00Z
pm_4d606e451aaf46cd,cus_e18013f1ea5548a4,card,mastercard,2353,tok_7057511821a44b58b63c69a4,ae8d489159fc43b1a8fb,6.0,2031.0,True,2024-09-27T16:06:21Z
pm_f917108379aa46c3,cus_831e3bd5aa2f494b,wallet,google_pay,,tok_1879167668ff48559b609692,,,,True,2024-05-04T05:16:28Z
pm_93fec1bea70342bc,cus_831e3bd5aa2f494b,bank_transfer,,,tok_00458c1487eb4e6baebb8d18,,,,False,2025-02-26T15:32:32Z
pm_642c24da0c694df8,cus_32f2f55535de49ab,card,discover,7366,tok_84dad7fc1d8d4a20a45b4fc0,d60638e1180b4485b43c,4.0,2027.0,True,2024-04-07T20:19:01Z
pm_5387372d7ffa4f3c,cus_e706c4c005374cb6,wallet,paypal,,tok_6229dd983c4f4eea889e293c,,,,True,2024-12-13T10:12:48Z
pm_cc82a68b9f984936,cus_f810fa65b5694d4c,wallet,apple_pay,,tok_e50e2e5c64094708ba619638,,,,True,2024-10-03T23:27:46Z
pm_74e9da9ebedc4531,cus_878e67b647b141b2,card,mastercard,8163,tok_2312414eb9f8412990393518,af30fb62675943249c87,9.0,2029.0,True,2025-02-14T01:10:18Z
pm_114cba883a3d4eec,cus_878e67b647b141b2,wallet,google_pay,,tok_be52ef437d58419aa3e1dc3d,,,,False,2024-02-10T15:39:16Z
pm_5d82a8474b9b4202,cus_878e67b647b141b2,card,discover,3944,tok_7d310190548747028244e1bd,c27e1ecbbe6141998595,4.0,2030.0,False,2024-10-23T18:03:29Z
pm_7cf6d97b751d414e,cus_f435c1d3f6374f6b,card,discover,0133,tok_75e76fc05e9e4ed495ff204b,a814158562f44c93a191,2.0,2029.0,True,2024-05-06T16:20:42Z
pm_4528a574646b4a02,cus_47cb34f4e4db4fad,card,discover,6563,tok_67d72101177f470c828fc7b2,0b8745dfa3704b9290df,1.0,2030.0,True,2025-04-04T00:38:32Z
pm_556e702456154030,cus_47cb34f4e4db4fad,card,amex,8261,tok_815ba4ddb6774b89a473b854,8e7ff02f59914b9b93e0,8.0,2030.0,False,2024-08-27T21:59:17Z
pm_7434f657e2e44a07,cus_facd8ae2039c4e68,card,visa,1584,tok_cdf0f8cec7844f94b87d5a08,5584ee5d78a246baa299,7.0,2028.0,True,2024-10-13T00:37:30Z
pm_cc81ef829b23409a,cus_facd8ae2039c4e68,card,amex,3261,tok_c6ffa8b69e2e41a495f9f5ec,ff8c70c6030340c2bbd1,10.0,2030.0,False,2024-11-30T10:00:52Z
pm_7dc48d92c3c3489e,cus_0ff0e388498549ca,card,mastercard,7761,tok_f4fb1825a90947ee984abee0,3efb1e283a7f430a8a0f,9.0,2029.0,True,2024-05-18T08:04:19Z
pm_c80df10a64a24675,cus_fc76275e7a614aed,card,amex,5218,tok_dcad73e40e154c3f997c6bd5,b6bb7bf42eb048c99d72,3.0,2029.0,True,2025-05-16T12:01:08Z
pm_db0391bd9a7d47f3,cus_fc76275e7a614aed,card,amex,8311,tok_0621552323834206b81bf74a,1bd4071c6b7b49fb957c,9.0,2030.0,False,2025-02-07T03:01:13Z
pm_1ae263e9c2f74a67,cus_0f5a14f181f54bc3,card,visa,1795,tok_68dbed2d0b6e4efc84fddc3d,1ca97f9e577a404896cc,7.0,2030.0,True,2024-09-18T15:08:50Z
pm_c921198002034df9,cus_0f5a14f181f54bc3,bank_transfer,,,tok_3c23fdd8fb3f454da42f547b,,,,False,2025-08-09T00:38:24Z
pm_7729017dbc674301,cus_b06ba0abf7284a33,card,discover,9477,tok_c5b6cfb5b88b4efc89a10e92,5f63c15634094aeb82a2,10.0,2027.0,True,2025-08-05T23:29:23Z
pm_b1ad4404e6b9494b,cus_b06ba0abf7284a33,card,discover,6229,tok_e70456e531fa4d649bea720b,7cbb01a0383346fbbde8,3.0,2031.0,False,2024-07-29T18:29:17Z
pm_65ecb0d0e75643f6,cus_5b939319939a4afb,wallet,apple_pay,,tok_11ea2d597da746019adc726a,,,,True,2024-06-19T20:05:40Z
pm_d40fc41896fd4672,cus_2887d3ec046040cd,card,mastercard,3340,tok_2f7fee9815bf4c9280785b56,1289f2c8c01842d99d90,7.0,2030.0,True,2025-05-12T14:23:38Z
pm_ab2be9b3e5614c49,cus_eadca06429c641f3,wallet,paypal,,tok_5adedaf142ff4cc18b88ac1e,,,,True,2025-08-10T15:22:29Z
pm_f36ae1d483ab4ce6,cus_eadca06429c641f3,card,mastercard,9189,tok_c0f8e83b39f94a83aa5bb005,d2056c44546d4436b8d1,6.0,2031.0,False,2025-01-29T05:05:54Z
pm_f3f34e7effda46fa,cus_eadca06429c641f3,card,amex,7531,tok_f9ee70b5f17a4ad0bccbc670,c89baaa4fb284c2c9686,9.0,2028.0,False,2025-03-22T22:53:16Z
pm_655f1eca0bfe48ff,cus_1dcf2b8fefb84a36,bank_transfer,,,tok_812bdc44fb9a4bf68fe46d7d,,,,True,2025-08-05T14:37:29Z
pm_bb87c5f8d8f14d24,cus_3c88baa7e9284893,bank_transfer,,,tok_4a70e22ab2e14bdface49c4f,,,,True,2024-08-15T23:41:06Z
pm_476dfb7b7a7e4fda,cus_3c88baa7e9284893,card,mastercard,4571,tok_b5b924a2883145a6946ff94a,e573105dc31347e7bd83,9.0,2028.0,False,2024-07-16T07:26:32Z
pm_4cbb44fc006f4398,cus_8e5020edb03a4400,wallet,google_pay,,tok_9756541bf8c04a49877a302c,,,,True,2025-07-24T03:55:22Z
pm_0bdc7c441c944731,cus_8e5020edb03a4400,card,discover,5714,tok_9272498063a34b59b470b225,ac9d38ef422140abadb1,9.0,2031.0,False,2024-08-23T01:14:05Z
pm_1e9568f4cf7248a6,cus_8e5020edb03a4400,card,discover,6464,tok_297f3c6224a04c5db41702db,0b02fc99fee64fa8ac70,6.0,2027.0,False,2024-09-05T06:02:48Z
pm_84bdf76f05ba414d,cus_7afcc04071704a62,wallet,apple_pay,,tok_ce6fcb967e5348518f1d9798,,,,True,2024-10-18T16:18:02Z
pm_7af4aad16f3e4063,cus_28fac38343144e27,card,discover,8824,tok_048dffbb50694795806f54dd,94f54525cb4348a3a452,5.0,2030.0,True,2025-07-17T09:11:26Z
pm_c9dd07d5349d48ac,cus_28fac38343144e27,card,visa,9614,tok_d379035451904e4d96b80fd3,1ffaf9cd2431478c97b1,4.0,2027.0,False,2024-03-03T01:57:11Z
pm_c541de91e94b4d52,cus_28fac38343144e27,card,mastercard,0860,tok_42070f2aa10c4adb9755979f,036e4ccaa0b347a2877d,2.0,2029.0,False,2024-10-06T04:44:10Z
pm_956d8ababecf4450,cus_72127f4169404342,card,mastercard,2587,tok_d39028aba637411f8d89441a,6adf7a9fbd524f8cb4d5,7.0,2031.0,True,2025-01-27T03:18:03Z
pm_f11e000c30b94600,cus_72127f4169404342,card,mastercard,4706,tok_1f026bc925cb45c3b59e287a,c2977525ee4a4f149563,6.0,2028.0,False,2025-06-08T08:01:36Z
pm_1d98877fc6da43f3,cus_516ebd8e0a744b0f,bank_transfer,,,tok_055fffe6797948bcb1387620,,,,True,2025-06-13T07:20:47Z
pm_9f077ce68e214577,cus_052e40ba8aaf429a,card,visa,2868,tok_c724115ea4ff4a2a80457e58,04403f683b704c8e8fdf,7.0,2027.0,True,2024-02-20T21:02:26Z
pm_ae77e50142bb48c6,cus_b4e2cd1196bc4fbe,card,discover,4742,tok_95ab599d0e1540d38c706e2c,cc466269bc624a19be58,1.0,2026.0,True,2024-09-11T10:03:03Z
pm_847ed6dc9c0c4dfe,cus_b4e2cd1196bc4fbe,card,visa,5489,tok_e11bf23ff1a947dea0d8ac5f,516231ca514c401ba65d,5.0,2029.0,False,2025-06-04T18:32:48Z
pm_5307cdeb190e4ad8,cus_b4e2cd1196bc4fbe,card,discover,2198,tok_c5f50e2bc7fe4144996a1311,a9467cc0cc9748b5ad74,9.0,2029.0,False,2024-08-22T13:40:07Z
pm_6d39f708a2ee40e3,cus_27d3952bb5b94ac0,card,mastercard,4215,tok_d9fddfba63ae498f8fa94225,4880efcd2213479f87a2,12.0,2027.0,True,2024-02-03T14:09:55Z
pm_2ee4f8afb3374604,cus_656d11e0d57444a0,bank_transfer,,,tok_161cf6a2e9424bd18ccd5879,,,,True,2025-04-08T15:49:33Z
pm_b4bfe375daf742b3,cus_656d11e0d57444a0,card,mastercard,6643,tok_a38a27f66ff543ad9fdb2def,ce454bbbe9c64a83bb01,7.0,2030.0,False,2024-10-04T08:36:46Z
pm_051c7b95b4ed4875,cus_9e532043b82f4a20,card,mastercard,7822,tok_718eaf6ba5f545c6b66645de,31dace1b77a14095948a,6.0,2027.0,True,2024-01-28T22:56:22Z
pm_b32eb73e66a74c49,cus_87fd7fdf19184618,card,amex,4947,tok_52e9cbe6b5a94cc588788026,879395a00c1f4a22a3eb,10.0,2031.0,True,2025-04-12T14:49:29Z
pm_c0ccfee18961496d,cus_051b5d67c5d24bd4,card,mastercard,1936,tok_e1740c6bf8d549b5a7e22159,cf7787628a1742309e02,8.0,2028.0,True,2024-05-26T16:57:15Z
pm_860df46830d7471b,cus_043d8630f4dd424d,card,amex,4833,tok_f1090c2df1e44cdc9f3017a2,78c25998cf8d45ba8e6d,6.0,2030.0,True,2024-07-13T04:32:42Z
pm_ab81e9ddcb7544fc,cus_87a9413d90fd4e07,card,mastercard,9924,tok_0d42972c31c14a6f831d7f6a,e17a2ff1362943e3b783,6.0,2029.0,True,2025-07-21T20:44:25Z
pm_5df06ebf6e9c472e,cus_8ab31cb18ae741ef,card,mastercard,9761,tok_3a10b9ad0a4d47138db00b67,33ec0eeb5946472dbb00,2.0,2030.0,True,2025-01-04T15:36:10Z
pm_0c58f35a9d49413c,cus_43d04058b4504ed6,card,visa,8972,tok_f9173962c97a4a5a89805e99,ad2ed3f243f549f5b9fa,9.0,2027.0,True,2025-04-12T11:32:59Z
pm_3ca4f14174bc434c,cus_2a98ad0606aa43cc,card,discover,3365,tok_57d551b7a42a41dc8676ad06,2964d7eb8a9e4dcfb4eb,12.0,2030.0,True,2025-02-06T08:01:50Z
pm_7b13c4bfec564366,cus_c40e9cc424794969,card,visa,8409,tok_bdb58b70557347c9894b20ec,6bed80c68484445e8aff,7.0,2029.0,True,2025-04-05T15:41:00Z
pm_ee7177078b794673,cus_baa53bb51aa642d3,card,amex,6487,tok_9e86a2aa3f994d2f85b3ac13,f19015f9a47840989dca,5.0,2026.0,True,2025-08-24T22:25:12Z
pm_38fed0353df748ad,cus_3486a53e6fd043fb,card,discover,1044,tok_aad341d627e3458fbb424294,28c68cb754444fe781f8,9.0,2026.0,True,2024-03-17T06:13:37Z
pm_e87a67f226b542f2,cus_0b5103203cda4b9e,card,amex,2218,tok_4c270dd886224b968f1f7bae,727e39b86f4644fba84b,11.0,2031.0,True,2025-06-08T07:42:28Z
pm_a7f42d8849c7418f,cus_0b5103203cda4b9e,wallet,google_pay,,tok_519aab05dd91460a9aa5a79f,,,,False,2024-11-15T17:33:13Z
pm_fa92b97259cd4c09,cus_0b5103203cda4b9e,card,discover,8835,tok_7ff44bcfe2714867925f01a5,98b7c12a4a414a4aa437,3.0,2031.0,False,2024-10-19T18:31:03Z
pm_04e2e269189042a1,cus_bad5c9c26b75467f,wallet,google_pay,,tok_ce56d6dae409459bbd6d8110,,,,True,2025-03-09T09:57:23Z
pm_8f64d7f2e34b4c96,cus_5005517b34c741ea,wallet,apple_pay,,tok_78e3e7bf68004353bc3b5bc9,,,,True,2025-09-01T23:49:22Z
pm_6a8416d314a94033,cus_7760eb2f18994af7,card,discover,3762,tok_2a8194238f0347fda70d0cd4,0ddbf70a155c4eb1867c,4.0,2029.0,True,2024-10-18T12:30:07Z
pm_c4faa836f6c4427a,cus_22a46b72a1b54fdd,card,visa,6868,tok_f409fdefa22642a1b11bf8e6,21f9534060de40b9a2d1,10.0,2026.0,True,2024-07-28T13:57:42Z
pm_e255d9a0cf3944c9,cus_5bd5ae6262ec42b3,card,visa,0797,tok_2fb1238f3d5b45fd8e68e5ad,09f653fc22174ae3ab61,4.0,2031.0,True,2024-02-27T00:14:57Z
pm_9b05a834c47448e0,cus_239c2501a44f46a1,card,mastercard,0924,tok_224de559fb3b4f1eaa248d37,0fec06d4b74d46f08e3d,3.0,2030.0,True,2024-09-04T07:52:42Z
pm_a09264e751f4497d,cus_2a8a30267b7047c5,wallet,paypal,,tok_8ca5fc95b49a42a68b461dbb,,,,True,2024-09-27T08:24:45Z
pm_3800f33efc7e46ff,cus_8bc65604bfc14340,bank_transfer,,,tok_b8d57b880651472693d8bd19,,,,True,2024-09-28T17:14:52Z
pm_c9938a177d9c4c70,cus_c258692b789445a0,wallet,paypal,,tok_4ca7d3c8eae248a2b51fe71a,,,,True,2025-03-03T12:26:27Z
pm_3af7844bf05c40cc,cus_845a5b9737644bec,card,visa,9693,tok_4d55d2432e4048f8a1caeccf,ea83a3a3f7624920adba,12.0,2027.0,True,2025-05-23T20:58:29Z
pm_f5fa90d2df7a4be6,cus_9dd13fd62b6f46a8,card,visa,6244,tok_94d180e6302c49b8989f0fcc,3d2c6abda455421da767,9.0,2028.0,True,2025-07-17T11:44:47Z
pm_ddc1b1cb4d674a0c,cus_9dd13fd62b6f46a8,card,mastercard,3012,tok_70e0c8aba48e440d868a4342,8838b150124c4662a9ab,9.0,2029.0,False,2024-07-28T19:35:22Z
pm_eee82d57b4da4ce5,cus_780d9fea3ed64e23,card,mastercard,0944,tok_2d0fb9d1037e438895ae211c,b2400f74645446f4a379,9.0,2029.0,True,2024-12-12T03:53:10Z
pm_6300bd6474924787,cus_780d9fea3ed64e23,card,mastercard,4177,tok_430325e4e5a346a99812e529,b6b62cd3ddfa435abd72,4.0,2028.0,False,2025-06-08T23:05:16Z
pm_d26178fbe9cf4f75,cus_4b29acd07fd1464b,card,amex,3120,tok_47beb571601b46a895ecb96a,d1ae87ebc8474acba261,1.0,2028.0,True,2024-11-11T14:32:15Z
pm_d2c6333251f040b2,cus_33cbc65f59174167,card,visa,9626,tok_2d269c2a69d1472ba26b15dd,f5eed60fab9a432f812c,12.0,2031.0,True,2025-04-01T17:20:41Z
pm_076b8209c833478f,cus_33cbc65f59174167,card,mastercard,5455,tok_f3d48c1e761a4735b76c67c6,1492268d43604fc5966e,5.0,2026.0,False,2024-07-06T03:59:59Z
pm_54a017a756fa42de,cus_eaef3f65dc33444b,wallet,apple_pay,,tok_d9ef83a7a893486680bac239,,,,True,2025-08-25T18:27:17Z
pm_34026433aa6941b9,cus_eaef3f65dc33444b,wallet,google_pay,,tok_82852243ce544d0b824b3135,,,,False,2024-07-30T01:52:53Z
pm_964cc90cc1024f79,cus_eaef3f65dc33444b,card,mastercard,3921,tok_d1a83f31370d45fe94bd6695,0cd3fadc207642029b82,9.0,2028.0,False,2024-08-30T12:13:22Z
pm_ac56bfd69f49456a,cus_592619afb67748e6,card,amex,5892,tok_d0e3ccb61d084babadc5bca2,94fd639fe7e8404aac66,9.0,2029.0,True,2025-01-19T14:33:44Z
pm_7c603cea89d346aa,cus_977e9388501c416b,wallet,google_pay,,tok_d6771f638f7d443688286ad1,,,,True,2025-09-06T05:24:35Z
pm_3625d4211c7c4536,cus_0021cee31a294c9d,wallet,google_pay,,tok_a3f4932eb2614f26a1be0768,,,,True,2024-09-22T16:54:22Z
pm_a81d833314a942eb,cus_0021cee31a294c9d,card,mastercard,0265,tok_219ad497f8594c51b92abff3,5358ca47a03b4cd286a5,5.0,2030.0,False,2025-04-21T06:45:38Z
pm_6fd4e24396834e65,cus_a151a978a32c4232,card,mastercard,3768,tok_7174804b08ec4514aded1c8d,d9ee74757642489f9402,7.0,2030.0,True,2024-08-01T12:21:23Z
pm_d3d445e631904838,cus_d59220233cad44f2,card,amex,8005,tok_579c6f8c1bcd4e39b2283931,74737f39ce1d46b6a589,12.0,2031.0,True,2025-08-20T02:39:00Z
pm_ce02808b2096466d,cus_3f61ded712074fc3,card,amex,8954,tok_160c6af69ed44ff1967dccbc,e4a2e51738c049aa9078,8.0,2027.0,True,2025-03-19T17:46:49Z
pm_4fb3240c337b467b,cus_316f737270124797,wallet,paypal,,tok_45f11265b3be42a3ae6b88f2,,,,True,2024-02-18T22:08:14Z
pm_30f00b3af3fc4224,cus_316f737270124797,bank_transfer,,,tok_0e62921edee94b31ba3df543,,,,False,2024-03-21T09:14:10Z
pm_700c338bbf644327,cus_316f737270124797,wallet,paypal,,tok_8a1f3044cb044878b9a77469,,,,False,2024-03-01T07:59:26Z
pm_39c4e56824424ca7,cus_43135a1d5ae543db,card,mastercard,2474,tok_413a7dc715834ad9827c083f,a98b8d84c3734c1696e8,1.0,2027.0,True,2025-02-19T11:09:42Z
pm_597ddd73f4b647ae,cus_43135a1d5ae543db,card,visa,7916,tok_0cd9d64491344723972a2c8e,4fe496f2425348d0b6fb,11.0,2029.0,False,2024-02-04T20:52:42Z
pm_86345ecc7e0d46ee,cus_279ebbd928c44b19,card,visa,8777,tok_b6267f76ae1b4151946ba819,fea9abd92baa4926bcf5,5.0,2026.0,True,2025-02-16T17:36:08Z
pm_b43c1fd55f774644,cus_4a66f8a0db334811,card,mastercard,1578,tok_2a901963cbfc406bbedba8e9,bfb72d3652b0434ea8a5,9.0,2027.0,True,2024-07-28T19:36:05Z
pm_1c1a76fb004d43f6,cus_4a66f8a0db334811,card,amex,4379,tok_363565719fe5480e9581d917,c80bfa6f5db746328fc5,7.0,2026.0,False,2024-11-08T09:48:08Z
pm_6436ba4005f94b6b,cus_60324ded929b47ab,card,mastercard,3700,tok_ec2cc107bf6d4a9792ac1b57,0db6079a762b4e839656,5.0,2031.0,True,2024-03-26T06:25:30Z
pm_964633b7c7364b09,cus_60324ded929b47ab,card,visa,6213,tok_a2ef44ec535c4683a0b60a22,e5a3b49112f2492e9818,7.0,2030.0,False,2025-01-27T08:59:42Z
pm_b753be54f16647b1,cus_60324ded929b47ab,card,visa,1354,tok_397b68a69cce46a39f2cda80,066a4e6a4a0d4821b3a9,8.0,2029.0,False,2025-06-07T13:33:33Z
pm_bf6da881000f4075,cus_4d73b85bb6d443e7,card,visa,0697,tok_e6b58890380c4f59aff03419,1ed2add5e8fe4c3784af,4.0,2027.0,True,2025-07-14T08:47:42Z
pm_ef204ef257474fca,cus_4d73b85bb6d443e7,wallet,google_pay,,tok_4df3ad0972dd4bc294b10cfe,,,,False,2024-08-21T05:11:42Z
pm_983f3f90db2e4ebf,cus_c6964365173e4097,card,amex,9232,tok_e0895da3e3234595b5059b6e,eb0d6b2944a0406190be,11.0,2026.0,True,2024-06-10T23:01:37Z
pm_7ed5b310272c4ff6,cus_3cfa9c32a68943ab,card,mastercard,6525,tok_476e97e27532449cbff0ebed,55cc7d753a1049ceb12f,2.0,2028.0,True,2024-05-28T19:54:32Z
pm_bbb99f11d70d41c5,cus_3cfa9c32a68943ab,card,discover,8856,tok_93632cbd73af4be181a79e46,31fcc52d26714521bedb,6.0,2029.0,False,2025-09-01T13:11:40Z
pm_55939481ddbb4f8d,cus_3cfa9c32a68943ab,card,visa,5666,tok_d927d82ccc8b42bebbac26a8,877bcdf5d98047b8a34b,1.0,2026.0,False,2024-12-28T03:31:57Z
pm_4713fe2cdd0c43bb,cus_3f9dde075ab04e57,card,discover,5347,tok_b49028862efe4165a5c6e987,6c124b78f41c4d6ea835,1.0,2031.0,True,2024-08-22T22:48:07Z
pm_63f5dfbcb3c446a6,cus_d9ec5045438e4ea5,card,mastercard,6150,tok_96711090a5f44f9abb1dff46,c29d418e7c3d4498855a,7.0,2027.0,True,2025-07-04T14:02:50Z
pm_331881114b174adf,cus_d9ec5045438e4ea5,card,discover,4839,tok_8fbd7f4c52fa42d59687b478,ecd74c3a333c4cccbbfd,4.0,2031.0,False,2024-03-20T17:52:51Z
pm_b7bab61a452b4889,cus_e26b64dce4864bcf,card,mastercard,5188,tok_3c50114340cd42c3a972c072,165d8177356840498795,6.0,2026.0,True,2024-04-03T17:40:53Z
pm_31638694d0f74bf6,cus_768f2f77a4564981,card,amex,1674,tok_71c2e2367da44a108e5ff7c3,ee16cdfa453d4d92b78f,3.0,2026.0,True,2024-06-17T04:51:10Z
pm_e9914d9a36a54833,cus_ebb85e62786545e6,card,discover,1468,tok_3e59e6aa7533445bb540424b,1cedaf20232c4fc787e6,6.0,2030.0,True,2024-04-04T22:27:37Z
pm_7eddc413751848d8,cus_cb851da9cd0a4cd8,bank_transfer,,,tok_415de30907f541abb67bcc45,,,,True,2024-11-17T20:58:20Z
pm_846ed771b2724c69,cus_af3145cc86a34860,card,visa,9167,tok_5236896522c848c587e6d9a3,35f2e93c3902420880aa,4.0,2030.0,True,2025-03-03T09:42:34Z
pm_9cfa9fedbab34492,cus_3f528499c74c4977,card,mastercard,4397,tok_aa3387d9d47c4de883f5671d,816742b77638410abae8,8.0,2027.0,True,2024-03-12T19:00:07Z
